[ {
  "date" : "20170129",
  "summary" : [ {
    "activity" : "walking",
    "group" : "walking",
    "duration" : 743.0,
    "distance" : 549.0,
    "steps" : 251
  } ],
  "segments" : [ {
    "type" : "place",
    "startTime" : "20170129T163552-0500",
    "endTime" : "20170130T001548-0500",
    "activities" : [ {
      "activity" : "walking",
      "group" : "walking",
      "manual" : false,
      "startTime" : "20170129T164704-0500",
      "endTime" : "20170129T164743-0500",
      "duration" : 39.0,
      "distance" : 29.0,
      "steps" : 59
    }, {
      "activity" : "walking",
      "group" : "walking",
      "manual" : false,
      "startTime" : "20170129T170314-0500",
      "endTime" : "20170129T170337-0500",
      "duration" : 23.0,
      "distance" : 16.0,
      "steps" : 32
    }, {
      "activity" : "walking",
      "group" : "walking",
      "manual" : false,
      "startTime" : "20170129T193826-0500",
      "endTime" : "20170129T193852-0500",
      "duration" : 26.0,
      "distance" : 13.0,
      "steps" : 0
    }, {
      "activity" : "walking",
      "group" : "walking",
      "manual" : false,
      "startTime" : "20170129T222613-0500",
      "endTime" : "20170129T223708-0500",
      "duration" : 655.0,
      "distance" : 491.0,
      "steps" : 160
    } ],
    "lastUpdate" : "20170130T064417Z"
  } ],
  "lastUpdate" : "20170130T064417Z"
}, {
  "date" : "20170130",
  "summary" : [ {
    "activity" : "walking",
    "group" : "walking",
    "duration" : 2585.0,
    "distance" : 2461.0,
    "steps" : 4133
  }, {
    "activity" : "transport",
    "group" : "transport",
    "duration" : 2569.0,
    "distance" : 17678.0
  } ],
  "segments" : [ {
    "type" : "place",
    "startTime" : "20170129T163552-0500",
    "endTime" : "20170130T001548-0500",
    "activities" : [ {
      "activity" : "walking",
      "group" : "walking",
      "manual" : false,
      "startTime" : "20170130T000925-0500",
      "endTime" : "20170130T001129-0500",
      "duration" : 124.0,
      "distance" : 138.0,
      "steps" : 185
    } ],
    "lastUpdate" : "20170130T064417Z"
  }, {
    "type" : "move",
    "startTime" : "20170130T001548-0500",
    "endTime" : "20170130T002014-0500",
    "activities" : [ {
      "activity" : "transport",
      "group" : "transport",
      "manual" : false,
      "startTime" : "20170130T001548-0500",
      "endTime" : "20170130T002014-0500",
      "duration" : 266.0,
      "distance" : 1802.0
    } ],
    "lastUpdate" : "20170130T064417Z"
  }, {
    "type" : "place",
    "startTime" : "20170130T002014-0500",
    "endTime" : "20170130T003052-0500",
    "activities" : [ {
      "activity" : "walking",
      "group" : "walking",
      "manual" : false,
      "startTime" : "20170130T002014-0500",
      "endTime" : "20170130T002052-0500",
      "duration" : 38.0,
      "distance" : 29.0,
      "steps" : 58
    } ],
    "lastUpdate" : "20170130T064417Z"
  }, {
    "type" : "move",
    "startTime" : "20170130T003052-0500",
    "endTime" : "20170130T005406-0500",
    "activities" : [ {
      "activity" : "transport",
      "group" : "transport",
      "manual" : false,
      "startTime" : "20170130T003052-0500",
      "endTime" : "20170130T004732-0500",
      "duration" : 1000.0,
      "distance" : 7127.0
    }, {
      "activity" : "walking",
      "group" : "walking",
      "manual" : false,
      "startTime" : "20170130T004733-0500",
      "endTime" : "20170130T005406-0500",
      "duration" : 393.0,
      "distance" : 442.0,
      "steps" : 738
    } ],
    "lastUpdate" : "20170130T064417Z"
  }, {
    "type" : "place",
    "startTime" : "20170130T005406-0500",
    "endTime" : "20170130T115556-0500",
    "activities" : [ {
      "activity" : "walking",
      "group" : "walking",
      "manual" : false,
      "startTime" : "20170130T005413-0500",
      "endTime" : "20170130T005425-0500",
      "duration" : 12.0,
      "distance" : 9.0,
      "steps" : 19
    }, {
      "activity" : "walking",
      "group" : "walking",
      "manual" : false,
      "startTime" : "20170130T115530-0500",
      "endTime" : "20170130T115535-0500",
      "duration" : 5.0,
      "distance" : 4.0,
      "steps" : 8
    } ],
    "lastUpdate" : "20170130T184558Z"
  }, {
    "type" : "move",
    "startTime" : "20170130T115556-0500",
    "endTime" : "20170130T121917-0500",
    "activities" : [ {
      "activity" : "walking",
      "group" : "walking",
      "manual" : false,
      "startTime" : "20170130T115556-0500",
      "endTime" : "20170130T120234-0500",
      "duration" : 398.0,
      "distance" : 391.0,
      "steps" : 668
    }, {
      "activity" : "transport",
      "group" : "transport",
      "manual" : false,
      "startTime" : "20170130T120234-0500",
      "endTime" : "20170130T121917-0500",
      "duration" : 1003.0,
      "distance" : 7085.0
    } ],
    "lastUpdate" : "20170130T184558Z"
  }, {
    "type" : "move",
    "startTime" : "20170130T122204-0500",
    "endTime" : "20170130T123344-0500",
    "activities" : [ {
      "activity" : "walking",
      "group" : "walking",
      "manual" : false,
      "startTime" : "20170130T122204-0500",
      "endTime" : "20170130T122505-0500",
      "duration" : 181.0,
      "distance" : 228.0,
      "steps" : 344
    }, {
      "activity" : "transport",
      "group" : "transport",
      "manual" : false,
      "startTime" : "20170130T122506-0500",
      "endTime" : "20170130T123006-0500",
      "duration" : 300.0,
      "distance" : 1664.0
    }, {
      "activity" : "walking",
      "group" : "walking",
      "manual" : false,
      "startTime" : "20170130T123006-0500",
      "endTime" : "20170130T123343-0500",
      "duration" : 217.0,
      "distance" : 164.0,
      "steps" : 328
    } ],
    "lastUpdate" : "20170130T184558Z"
  }, {
    "type" : "place",
    "startTime" : "20170130T123344-0500",
    "endTime" : "20170130T123858-0500",
    "activities" : [ {
      "activity" : "walking",
      "group" : "walking",
      "manual" : false,
      "startTime" : "20170130T123852-0500",
      "endTime" : "20170130T123857-0500",
      "duration" : 5.0,
      "distance" : 4.0,
      "steps" : 8
    } ],
    "lastUpdate" : "20170130T184558Z"
  }, {
    "type" : "move",
    "startTime" : "20170130T123858-0500",
    "endTime" : "20170130T124139-0500",
    "activities" : [ {
      "activity" : "walking",
      "group" : "walking",
      "manual" : false,
      "startTime" : "20170130T123858-0500",
      "endTime" : "20170130T124139-0500",
      "duration" : 161.0,
      "distance" : 196.0,
      "steps" : 330
    } ],
    "lastUpdate" : "20170130T184558Z"
  }, {
    "type" : "place",
    "startTime" : "20170130T124139-0500",
    "endTime" : "20170130T174924-0500",
    "activities" : [ {
      "activity" : "walking",
      "group" : "walking",
      "manual" : false,
      "startTime" : "20170130T124139-0500",
      "endTime" : "20170130T124228-0500",
      "duration" : 49.0,
      "distance" : 37.0,
      "steps" : 74
    }, {
      "activity" : "walking",
      "group" : "walking",
      "manual" : false,
      "startTime" : "20170130T151145-0500",
      "endTime" : "20170130T151205-0500",
      "duration" : 20.0,
      "distance" : 13.0,
      "steps" : 27
    }, {
      "activity" : "walking",
      "group" : "walking",
      "manual" : false,
      "startTime" : "20170130T162934-0500",
      "endTime" : "20170130T163123-0500",
      "duration" : 109.0,
      "distance" : 57.0,
      "steps" : 115
    }, {
      "activity" : "walking",
      "group" : "walking",
      "manual" : false,
      "startTime" : "20170130T174554-0500",
      "endTime" : "20170130T174702-0500",
      "duration" : 68.0,
      "distance" : 36.0,
      "steps" : 73
    } ],
    "lastUpdate" : "20170130T232553Z"
  }, {
    "type" : "move",
    "startTime" : "20170130T174924-0500",
    "endTime" : "20170130T175407-0500",
    "activities" : [ {
      "activity" : "walking",
      "group" : "walking",
      "manual" : false,
      "startTime" : "20170130T174924-0500",
      "endTime" : "20170130T175406-0500",
      "duration" : 282.0,
      "distance" : 277.0,
      "steps" : 504
    } ],
    "lastUpdate" : "20170130T232553Z"
  }, {
    "type" : "place",
    "startTime" : "20170130T175407-0500",
    "endTime" : "20170130T180459-0500",
    "activities" : [ {
      "activity" : "walking",
      "group" : "walking",
      "manual" : false,
      "startTime" : "20170130T175407-0500",
      "endTime" : "20170130T175419-0500",
      "duration" : 12.0,
      "distance" : 9.0,
      "steps" : 19
    }, {
      "activity" : "walking",
      "group" : "walking",
      "manual" : false,
      "startTime" : "20170130T180024-0500",
      "endTime" : "20170130T180039-0500",
      "duration" : 15.0,
      "distance" : 10.0,
      "steps" : 21
    } ],
    "lastUpdate" : "20170130T232553Z"
  }, {
    "type" : "move",
    "startTime" : "20170130T180459-0500",
    "endTime" : "20170130T181008-0500",
    "activities" : [ {
      "activity" : "walking",
      "group" : "walking",
      "manual" : false,
      "startTime" : "20170130T180459-0500",
      "endTime" : "20170130T181007-0500",
      "duration" : 308.0,
      "distance" : 301.0,
      "steps" : 420
    } ],
    "lastUpdate" : "20170130T232553Z"
  }, {
    "type" : "place",
    "startTime" : "20170130T181008-0500",
    "endTime" : "20170131T014919-0500",
    "activities" : [ {
      "activity" : "walking",
      "group" : "walking",
      "manual" : false,
      "startTime" : "20170130T181008-0500",
      "endTime" : "20170130T181139-0500",
      "duration" : 91.0,
      "distance" : 68.0,
      "steps" : 136
    }, {
      "activity" : "walking",
      "group" : "walking",
      "manual" : false,
      "startTime" : "20170130T203443-0500",
      "endTime" : "20170130T203512-0500",
      "duration" : 29.0,
      "distance" : 14.0,
      "steps" : 0
    }, {
      "activity" : "walking",
      "group" : "walking",
      "manual" : false,
      "startTime" : "20170130T212353-0500",
      "endTime" : "20170130T212501-0500",
      "duration" : 68.0,
      "distance" : 34.0,
      "steps" : 58
    } ],
    "lastUpdate" : "20170131T071343Z"
  } ],
  "lastUpdate" : "20170131T071343Z"
}, {
  "date" : "20170131",
  "summary" : [ {
    "activity" : "walking",
    "group" : "walking",
    "duration" : 5652.0,
    "distance" : 5516.0,
    "steps" : 8374
  }, {
    "activity" : "transport",
    "group" : "transport",
    "duration" : 2135.0,
    "distance" : 15589.0
  } ],
  "segments" : [ {
    "type" : "place",
    "startTime" : "20170130T181008-0500",
    "endTime" : "20170131T014919-0500",
    "activities" : [ {
      "activity" : "walking",
      "group" : "walking",
      "manual" : false,
      "startTime" : "20170131T001020-0500",
      "endTime" : "20170131T001511-0500",
      "duration" : 291.0,
      "distance" : 218.0,
      "steps" : 253
    }, {
      "activity" : "walking",
      "group" : "walking",
      "manual" : false,
      "startTime" : "20170131T014912-0500",
      "endTime" : "20170131T014918-0500",
      "duration" : 6.0,
      "distance" : 4.0,
      "steps" : 9
    } ],
    "lastUpdate" : "20170131T071343Z"
  }, {
    "type" : "move",
    "startTime" : "20170131T014919-0500",
    "endTime" : "20170131T015434-0500",
    "activities" : [ {
      "activity" : "walking",
      "group" : "walking",
      "manual" : false,
      "startTime" : "20170131T014919-0500",
      "endTime" : "20170131T015434-0500",
      "duration" : 315.0,
      "distance" : 192.0,
      "steps" : 385
    } ],
    "lastUpdate" : "20170131T071343Z"
  }, {
    "type" : "place",
    "startTime" : "20170131T015435-0500",
    "endTime" : "20170131T020213-0500",
    "activities" : [ {
      "activity" : "walking",
      "group" : "walking",
      "manual" : false,
      "startTime" : "20170131T015435-0500",
      "endTime" : "20170131T015445-0500",
      "duration" : 10.0,
      "distance" : 8.0,
      "steps" : 16
    }, {
      "activity" : "walking",
      "group" : "walking",
      "manual" : false,
      "startTime" : "20170131T020130-0500",
      "endTime" : "20170131T020212-0500",
      "duration" : 42.0,
      "distance" : 21.0,
      "steps" : 41
    } ],
    "lastUpdate" : "20170131T071343Z"
  }, {
    "type" : "move",
    "startTime" : "20170131T020213-0500",
    "endTime" : "20170131T020935-0500",
    "activities" : [ {
      "activity" : "transport",
      "group" : "transport",
      "manual" : false,
      "startTime" : "20170131T020213-0500",
      "endTime" : "20170131T020559-0500",
      "duration" : 226.0,
      "distance" : 1669.0
    }, {
      "activity" : "walking",
      "group" : "walking",
      "manual" : false,
      "startTime" : "20170131T020600-0500",
      "endTime" : "20170131T020935-0500",
      "duration" : 215.0,
      "distance" : 256.0,
      "steps" : 444
    } ],
    "lastUpdate" : "20170131T071343Z"
  }, {
    "type" : "place",
    "startTime" : "20170131T020935-0500",
    "endTime" : "20170131T022218-0500",
    "activities" : [ {
      "activity" : "walking",
      "group" : "walking",
      "manual" : false,
      "startTime" : "20170131T020935-0500",
      "endTime" : "20170131T021012-0500",
      "duration" : 37.0,
      "distance" : 28.0,
      "steps" : 57
    } ],
    "lastUpdate" : "20170131T084652Z"
  }, {
    "type" : "move",
    "startTime" : "20170131T022218-0500",
    "endTime" : "20170131T024408-0500",
    "activities" : [ {
      "activity" : "transport",
      "group" : "transport",
      "manual" : false,
      "startTime" : "20170131T022218-0500",
      "endTime" : "20170131T023805-0500",
      "duration" : 947.0,
      "distance" : 7115.0
    }, {
      "activity" : "walking",
      "group" : "walking",
      "manual" : false,
      "startTime" : "20170131T023806-0500",
      "endTime" : "20170131T024407-0500",
      "duration" : 361.0,
      "distance" : 486.0,
      "steps" : 677
    } ],
    "lastUpdate" : "20170131T084652Z"
  }, {
    "type" : "place",
    "startTime" : "20170131T024408-0500",
    "endTime" : "20170131T114507-0500",
    "activities" : [ {
      "activity" : "walking",
      "group" : "walking",
      "manual" : false,
      "startTime" : "20170131T024408-0500",
      "endTime" : "20170131T024439-0500",
      "duration" : 31.0,
      "distance" : 23.0,
      "steps" : 47
    }, {
      "activity" : "walking",
      "group" : "walking",
      "manual" : false,
      "startTime" : "20170131T103327-0500",
      "endTime" : "20170131T103349-0500",
      "duration" : 22.0,
      "distance" : 17.0,
      "steps" : 34
    }, {
      "activity" : "walking",
      "group" : "walking",
      "manual" : false,
      "startTime" : "20170131T114459-0500",
      "endTime" : "20170131T114507-0500",
      "duration" : 8.0,
      "distance" : 5.0,
      "steps" : 11
    } ],
    "lastUpdate" : "20170131T183628Z"
  }, {
    "type" : "move",
    "startTime" : "20170131T114508-0500",
    "endTime" : "20170131T121225-0500",
    "activities" : [ {
      "activity" : "walking",
      "group" : "walking",
      "manual" : false,
      "startTime" : "20170131T114508-0500",
      "endTime" : "20170131T115143-0500",
      "duration" : 395.0,
      "distance" : 410.0,
      "steps" : 661
    }, {
      "activity" : "transport",
      "group" : "transport",
      "manual" : false,
      "startTime" : "20170131T115143-0500",
      "endTime" : "20170131T120745-0500",
      "duration" : 962.0,
      "distance" : 6805.0
    }, {
      "activity" : "walking",
      "group" : "walking",
      "manual" : false,
      "startTime" : "20170131T120745-0500",
      "endTime" : "20170131T121224-0500",
      "duration" : 279.0,
      "distance" : 337.0,
      "steps" : 497
    } ],
    "lastUpdate" : "20170131T183628Z"
  }, {
    "type" : "place",
    "startTime" : "20170131T121225-0500",
    "endTime" : "20170131T122316-0500",
    "activities" : [ {
      "activity" : "walking",
      "group" : "walking",
      "manual" : false,
      "startTime" : "20170131T122311-0500",
      "endTime" : "20170131T122312-0500",
      "duration" : 1.0,
      "distance" : 1.0,
      "steps" : 2
    } ],
    "lastUpdate" : "20170131T183629Z"
  }, {
    "type" : "move",
    "startTime" : "20170131T122316-0500",
    "endTime" : "20170131T123326-0500",
    "activities" : [ {
      "activity" : "walking",
      "group" : "walking",
      "manual" : false,
      "startTime" : "20170131T122316-0500",
      "endTime" : "20170131T123326-0500",
      "duration" : 610.0,
      "distance" : 470.0,
      "steps" : 746
    } ],
    "lastUpdate" : "20170131T183629Z"
  }, {
    "type" : "place",
    "startTime" : "20170131T123326-0500",
    "endTime" : "20170131T151502-0500",
    "activities" : [ {
      "activity" : "walking",
      "group" : "walking",
      "manual" : false,
      "startTime" : "20170131T123326-0500",
      "endTime" : "20170131T123340-0500",
      "duration" : 14.0,
      "distance" : 11.0,
      "steps" : 22
    }, {
      "activity" : "walking",
      "group" : "walking",
      "manual" : false,
      "startTime" : "20170131T144751-0500",
      "endTime" : "20170131T144926-0500",
      "duration" : 95.0,
      "distance" : 59.0,
      "steps" : 119
    }, {
      "activity" : "walking",
      "group" : "walking",
      "manual" : false,
      "startTime" : "20170131T150859-0500",
      "endTime" : "20170131T150957-0500",
      "duration" : 58.0,
      "distance" : 44.0,
      "steps" : 88
    } ],
    "lastUpdate" : "20170131T214047Z"
  }, {
    "type" : "move",
    "startTime" : "20170131T151502-0500",
    "endTime" : "20170131T152341-0500",
    "activities" : [ {
      "activity" : "walking",
      "group" : "walking",
      "manual" : false,
      "startTime" : "20170131T151502-0500",
      "endTime" : "20170131T152341-0500",
      "duration" : 519.0,
      "distance" : 474.0,
      "steps" : 758
    } ],
    "lastUpdate" : "20170131T214047Z"
  }, {
    "type" : "place",
    "startTime" : "20170131T152341-0500",
    "endTime" : "20170131T162149-0500",
    "activities" : [ {
      "activity" : "walking",
      "group" : "walking",
      "manual" : false,
      "startTime" : "20170131T152341-0500",
      "endTime" : "20170131T152426-0500",
      "duration" : 45.0,
      "distance" : 34.0,
      "steps" : 68
    }, {
      "activity" : "walking",
      "group" : "walking",
      "manual" : false,
      "startTime" : "20170131T161213-0500",
      "endTime" : "20170131T161251-0500",
      "duration" : 38.0,
      "distance" : 19.0,
      "steps" : 12
    } ],
    "lastUpdate" : "20170131T214047Z"
  }, {
    "type" : "move",
    "startTime" : "20170131T162149-0500",
    "endTime" : "20170131T162729-0500",
    "activities" : [ {
      "activity" : "walking",
      "group" : "walking",
      "manual" : false,
      "startTime" : "20170131T162149-0500",
      "endTime" : "20170131T162728-0500",
      "duration" : 339.0,
      "distance" : 421.0,
      "steps" : 590
    } ],
    "lastUpdate" : "20170131T214047Z"
  }, {
    "type" : "place",
    "startTime" : "20170131T162729-0500",
    "endTime" : "20170131T170814-0500",
    "activities" : [ {
      "activity" : "walking",
      "group" : "walking",
      "manual" : false,
      "startTime" : "20170131T162729-0500",
      "endTime" : "20170131T162757-0500",
      "duration" : 28.0,
      "distance" : 21.0,
      "steps" : 42
    } ],
    "lastUpdate" : "20170131T231159Z"
  }, {
    "type" : "move",
    "startTime" : "20170131T170814-0500",
    "endTime" : "20170131T172218-0500",
    "activities" : [ {
      "activity" : "walking",
      "group" : "walking",
      "manual" : false,
      "startTime" : "20170131T170814-0500",
      "endTime" : "20170131T172217-0500",
      "duration" : 843.0,
      "distance" : 929.0,
      "steps" : 1267
    } ],
    "lastUpdate" : "20170131T231159Z"
  }, {
    "type" : "place",
    "startTime" : "20170131T172218-0500",
    "endTime" : "20170131T180210-0500",
    "activities" : [ {
      "activity" : "walking",
      "group" : "walking",
      "manual" : false,
      "startTime" : "20170131T172224-0500",
      "endTime" : "20170131T172312-0500",
      "duration" : 48.0,
      "distance" : 36.0,
      "steps" : 73
    }, {
      "activity" : "walking",
      "group" : "walking",
      "manual" : false,
      "startTime" : "20170131T180200-0500",
      "endTime" : "20170131T180209-0500",
      "duration" : 9.0,
      "distance" : 6.0,
      "steps" : 13
    } ],
    "lastUpdate" : "20170131T231159Z"
  }, {
    "type" : "move",
    "startTime" : "20170131T180210-0500",
    "endTime" : "20170131T180820-0500",
    "activities" : [ {
      "activity" : "walking",
      "group" : "walking",
      "manual" : false,
      "startTime" : "20170131T180210-0500",
      "endTime" : "20170131T180820-0500",
      "duration" : 370.0,
      "distance" : 436.0,
      "steps" : 615
    } ],
    "lastUpdate" : "20170131T231159Z"
  }, {
    "type" : "place",
    "startTime" : "20170131T180820-0500",
    "endTime" : "20170131T235224-0500",
    "activities" : [ {
      "activity" : "walking",
      "group" : "walking",
      "manual" : false,
      "startTime" : "20170131T180842-0500",
      "endTime" : "20170131T180959-0500",
      "duration" : 77.0,
      "distance" : 58.0,
      "steps" : 117
    }, {
      "activity" : "walking",
      "group" : "walking",
      "manual" : false,
      "startTime" : "20170131T192407-0500",
      "endTime" : "20170131T192436-0500",
      "duration" : 29.0,
      "distance" : 14.0,
      "steps" : 0
    }, {
      "activity" : "walking",
      "group" : "walking",
      "manual" : false,
      "startTime" : "20170131T234812-0500",
      "endTime" : "20170131T234914-0500",
      "duration" : 62.0,
      "distance" : 31.0,
      "steps" : 49
    } ],
    "lastUpdate" : "20170201T065435Z"
  }, {
    "type" : "move",
    "startTime" : "20170131T235224-0500",
    "endTime" : "20170201T001155-0500",
    "activities" : [ {
      "activity" : "walking",
      "group" : "walking",
      "manual" : false,
      "startTime" : "20170131T235224-0500",
      "endTime" : "20170131T235959-0500",
      "duration" : 455.0,
      "distance" : 447.0,
      "steps" : 661
    } ],
    "lastUpdate" : "20170201T065435Z"
  } ],
  "lastUpdate" : "20170201T065435Z"
} ]