[ {
  "date" : "20170129",
  "summary" : [ {
    "activity" : "walking",
    "group" : "walking",
    "duration" : 743.0,
    "distance" : 549.0,
    "steps" : 251
  } ],
  "lastUpdate" : "20170130T064417Z"
}, {
  "date" : "20170130",
  "summary" : [ {
    "activity" : "walking",
    "group" : "walking",
    "duration" : 2585.0,
    "distance" : 2461.0,
    "steps" : 4133
  }, {
    "activity" : "transport",
    "group" : "transport",
    "duration" : 2569.0,
    "distance" : 17678.0
  } ],
  "lastUpdate" : "20170131T071343Z"
}, {
  "date" : "20170131",
  "summary" : [ {
    "activity" : "walking",
    "group" : "walking",
    "duration" : 5652.0,
    "distance" : 5516.0,
    "steps" : 8374
  }, {
    "activity" : "transport",
    "group" : "transport",
    "duration" : 2135.0,
    "distance" : 15589.0
  } ],
  "lastUpdate" : "20170201T065435Z"
} ]