[ {
  "date" : "20170201",
  "summary" : [ {
    "activity" : "walking",
    "group" : "walking",
    "duration" : 6617.0,
    "distance" : 6944.0,
    "steps" : 10196
  }, {
    "activity" : "transport",
    "group" : "transport",
    "duration" : 4186.0,
    "distance" : 28371.0
  } ],
  "lastUpdate" : "20170202T165453Z"
}, {
  "date" : "20170202",
  "summary" : [ {
    "activity" : "walking",
    "group" : "walking",
    "duration" : 3882.0,
    "distance" : 3929.0,
    "steps" : 5913
  }, {
    "activity" : "transport",
    "group" : "transport",
    "duration" : 2062.0,
    "distance" : 12682.0
  } ],
  "lastUpdate" : "20170203T053623Z"
}, {
  "date" : "20170203",
  "summary" : [ {
    "activity" : "walking",
    "group" : "walking",
    "duration" : 6321.0,
    "distance" : 6564.0,
    "steps" : 9939
  }, {
    "activity" : "transport",
    "group" : "transport",
    "duration" : 5346.0,
    "distance" : 33463.0
  }, {
    "activity" : "running",
    "group" : "running",
    "duration" : 204.0,
    "distance" : 143.0,
    "steps" : 46
  } ],
  "lastUpdate" : "20170204T161258Z"
}, {
  "date" : "20170204",
  "summary" : [ {
    "activity" : "walking",
    "group" : "walking",
    "duration" : 5020.0,
    "distance" : 4926.0,
    "steps" : 7472
  }, {
    "activity" : "transport",
    "group" : "transport",
    "duration" : 2428.0,
    "distance" : 10903.0
  } ],
  "lastUpdate" : "20170205T060512Z"
}, {
  "date" : "20170205",
  "summary" : [ {
    "activity" : "transport",
    "group" : "transport",
    "duration" : 9791.0,
    "distance" : 68334.0
  }, {
    "activity" : "walking",
    "group" : "walking",
    "duration" : 3778.0,
    "distance" : 3825.0,
    "steps" : 6071
  } ],
  "lastUpdate" : "20170206T064846Z"
}, {
  "date" : "20170206",
  "summary" : [ {
    "activity" : "walking",
    "group" : "walking",
    "duration" : 4045.0,
    "distance" : 4124.0,
    "steps" : 6011
  }, {
    "activity" : "transport",
    "group" : "transport",
    "duration" : 3145.0,
    "distance" : 23868.0
  } ],
  "lastUpdate" : "20170207T194347Z"
}, {
  "date" : "20170207",
  "summary" : [ {
    "activity" : "walking",
    "group" : "walking",
    "duration" : 3539.0,
    "distance" : 3693.0,
    "steps" : 5422
  }, {
    "activity" : "transport",
    "group" : "transport",
    "duration" : 1537.0,
    "distance" : 9359.0
  } ],
  "lastUpdate" : "20170208T080605Z"
}, {
  "date" : "20170208",
  "summary" : [ {
    "activity" : "walking",
    "group" : "walking",
    "duration" : 5694.0,
    "distance" : 5907.0,
    "steps" : 8933
  }, {
    "activity" : "transport",
    "group" : "transport",
    "duration" : 4058.0,
    "distance" : 22940.0
  } ],
  "lastUpdate" : "20170210T001132Z"
}, {
  "date" : "20170209",
  "summary" : [ {
    "activity" : "walking",
    "group" : "walking",
    "duration" : 1306.0,
    "distance" : 1084.0,
    "steps" : 1720
  } ],
  "lastUpdate" : "20170210T164036Z"
}, {
  "date" : "20170210",
  "summary" : [ {
    "activity" : "walking",
    "group" : "walking",
    "duration" : 4380.0,
    "distance" : 5370.0,
    "steps" : 6717
  }, {
    "activity" : "transport",
    "group" : "transport",
    "duration" : 1120.0,
    "distance" : 6846.0
  } ],
  "lastUpdate" : "20170211T063539Z"
}, {
  "date" : "20170211",
  "summary" : [ {
    "activity" : "walking",
    "group" : "walking",
    "duration" : 2957.0,
    "distance" : 2808.0,
    "steps" : 4081
  }, {
    "activity" : "transport",
    "group" : "transport",
    "duration" : 5822.0,
    "distance" : 20639.0
  } ],
  "lastUpdate" : "20170212T040842Z"
} ]