[ {
  "date" : "20170130",
  "segments" : [ {
    "type" : "place",
    "startTime" : "20170129T163552-0500",
    "endTime" : "20170130T001548-0500",
    "place" : {
      "id" : 588615003,
      "type" : "unknown",
      "location" : {
        "lat" : 40.729663,
        "lon" : -73.993393
      }
    },
    "lastUpdate" : "20170130T064417Z"
  }, {
    "type" : "place",
    "startTime" : "20170130T002014-0500",
    "endTime" : "20170130T003052-0500",
    "place" : {
      "id" : 588636067,
      "type" : "unknown",
      "location" : {
        "lat" : 40.717911,
        "lon" : -74.000072
      }
    },
    "lastUpdate" : "20170130T064417Z"
  }, {
    "type" : "place",
    "startTime" : "20170130T005406-0500",
    "endTime" : "20170130T115556-0500",
    "place" : {
      "id" : 588636068,
      "type" : "unknown",
      "location" : {
        "lat" : 40.69673,
        "lon" : -73.931402
      }
    },
    "lastUpdate" : "20170130T184558Z"
  }, {
    "type" : "place",
    "startTime" : "20170130T121918-0500",
    "endTime" : "20170130T122204-0500",
    "place" : {
      "id" : 588906554,
      "type" : "unknown",
      "location" : {
        "lat" : 40.718136,
        "lon" : -74.00034
      }
    },
    "lastUpdate" : "20170130T184558Z"
  }, {
    "type" : "place",
    "startTime" : "20170130T123344-0500",
    "endTime" : "20170130T123858-0500",
    "place" : {
      "id" : 588906556,
      "type" : "unknown",
      "location" : {
        "lat" : 40.731002,
        "lon" : -73.993544
      }
    },
    "lastUpdate" : "20170130T184558Z"
  }, {
    "type" : "place",
    "startTime" : "20170130T124139-0500",
    "endTime" : "20170130T174924-0500",
    "place" : {
      "id" : 588615003,
      "type" : "unknown",
      "location" : {
        "lat" : 40.729663,
        "lon" : -73.993393
      }
    },
    "lastUpdate" : "20170130T232553Z"
  }, {
    "type" : "place",
    "startTime" : "20170130T175407-0500",
    "endTime" : "20170130T180459-0500",
    "place" : {
      "id" : 588982412,
      "type" : "unknown",
      "location" : {
        "lat" : 40.730849,
        "lon" : -73.993248
      }
    },
    "lastUpdate" : "20170130T232553Z"
  }, {
    "type" : "place",
    "startTime" : "20170130T181008-0500",
    "endTime" : "20170131T014919-0500",
    "place" : {
      "id" : 588615003,
      "type" : "unknown",
      "location" : {
        "lat" : 40.729663,
        "lon" : -73.993393
      }
    },
    "lastUpdate" : "20170131T071343Z"
  } ],
  "lastUpdate" : "20170131T071343Z"
}, {
  "date" : "20170131",
  "segments" : [ {
    "type" : "place",
    "startTime" : "20170130T181008-0500",
    "endTime" : "20170131T014919-0500",
    "place" : {
      "id" : 588615003,
      "type" : "unknown",
      "location" : {
        "lat" : 40.729663,
        "lon" : -73.993393
      }
    },
    "lastUpdate" : "20170131T071343Z"
  }, {
    "type" : "place",
    "startTime" : "20170131T015435-0500",
    "endTime" : "20170131T020213-0500",
    "place" : {
      "id" : 589079641,
      "type" : "unknown",
      "location" : {
        "lat" : 40.730352,
        "lon" : -73.992752
      }
    },
    "lastUpdate" : "20170131T071343Z"
  }, {
    "type" : "place",
    "startTime" : "20170131T020935-0500",
    "endTime" : "20170131T022218-0500",
    "place" : {
      "id" : 588636067,
      "type" : "unknown",
      "location" : {
        "lat" : 40.717911,
        "lon" : -74.000072
      }
    },
    "lastUpdate" : "20170131T084652Z"
  }, {
    "type" : "place",
    "startTime" : "20170131T024408-0500",
    "endTime" : "20170131T114507-0500",
    "place" : {
      "id" : 588636068,
      "type" : "unknown",
      "location" : {
        "lat" : 40.69673,
        "lon" : -73.931402
      }
    },
    "lastUpdate" : "20170131T183628Z"
  }, {
    "type" : "place",
    "startTime" : "20170131T121225-0500",
    "endTime" : "20170131T122316-0500",
    "place" : {
      "id" : 589341243,
      "type" : "unknown",
      "location" : {
        "lat" : 40.727076,
        "lon" : -73.995237
      }
    },
    "lastUpdate" : "20170131T183629Z"
  }, {
    "type" : "place",
    "startTime" : "20170131T123326-0500",
    "endTime" : "20170131T151502-0500",
    "place" : {
      "id" : 588615003,
      "type" : "unknown",
      "location" : {
        "lat" : 40.729663,
        "lon" : -73.993393
      }
    },
    "lastUpdate" : "20170131T214047Z"
  }, {
    "type" : "place",
    "startTime" : "20170131T152341-0500",
    "endTime" : "20170131T162149-0500",
    "place" : {
      "id" : 589399298,
      "type" : "unknown",
      "location" : {
        "lat" : 40.729274,
        "lon" : -73.989176
      }
    },
    "lastUpdate" : "20170131T214047Z"
  }, {
    "type" : "place",
    "startTime" : "20170131T162729-0500",
    "endTime" : "20170131T170814-0500",
    "place" : {
      "id" : 589399299,
      "type" : "unknown",
      "location" : {
        "lat" : 40.727928,
        "lon" : -73.985108
      }
    },
    "lastUpdate" : "20170131T231159Z"
  }, {
    "type" : "place",
    "startTime" : "20170131T172218-0500",
    "endTime" : "20170131T180210-0500",
    "place" : {
      "id" : 589420622,
      "type" : "unknown",
      "location" : {
        "lat" : 40.727886,
        "lon" : -73.993198
      }
    },
    "lastUpdate" : "20170131T231159Z"
  }, {
    "type" : "place",
    "startTime" : "20170131T180820-0500",
    "endTime" : "20170131T235224-0500",
    "place" : {
      "id" : 589420623,
      "type" : "unknown",
      "location" : {
        "lat" : 40.729922,
        "lon" : -73.99704
      }
    },
    "lastUpdate" : "20170201T065435Z"
  } ],
  "lastUpdate" : "20170201T065435Z"
}, {
  "date" : "20170201",
  "segments" : [ {
    "type" : "place",
    "startTime" : "20170201T001156-0500",
    "endTime" : "20170201T001746-0500",
    "place" : {
      "id" : 589516917,
      "type" : "unknown",
      "location" : {
        "lat" : 40.735505,
        "lon" : -73.990768
      }
    },
    "lastUpdate" : "20170201T065435Z"
  }, {
    "type" : "place",
    "startTime" : "20170201T005128-0500",
    "endTime" : "20170201T071628-0500",
    "place" : {
      "id" : 588636068,
      "type" : "unknown",
      "location" : {
        "lat" : 40.69673,
        "lon" : -73.931402
      }
    },
    "lastUpdate" : "20170201T130829Z"
  }, {
    "type" : "place",
    "startTime" : "20170201T074612-0500",
    "endTime" : "20170201T091012-0500",
    "place" : {
      "id" : 589341243,
      "type" : "unknown",
      "location" : {
        "lat" : 40.727076,
        "lon" : -73.995237
      }
    },
    "lastUpdate" : "20170201T144310Z"
  }, {
    "type" : "place",
    "startTime" : "20170201T091722-0500",
    "endTime" : "20170201T094122-0500",
    "place" : {
      "id" : 589686275,
      "type" : "unknown",
      "location" : {
        "lat" : 40.72845,
        "lon" : -73.992815
      }
    },
    "lastUpdate" : "20170201T161518Z"
  }, {
    "type" : "place",
    "startTime" : "20170201T094122-0500",
    "endTime" : "20170201T095053-0500",
    "place" : {
      "id" : 589725705,
      "type" : "unknown",
      "location" : {
        "lat" : 40.728142,
        "lon" : -73.993921
      }
    },
    "lastUpdate" : "20170201T161518Z"
  }, {
    "type" : "place",
    "startTime" : "20170201T095539-0500",
    "endTime" : "20170201T135455-0500",
    "place" : {
      "id" : 589420623,
      "type" : "unknown",
      "location" : {
        "lat" : 40.729922,
        "lon" : -73.99704
      }
    },
    "lastUpdate" : "20170201T192151Z"
  }, {
    "type" : "place",
    "startTime" : "20170201T140803-0500",
    "endTime" : "20170201T144815-0500",
    "place" : {
      "id" : 589399298,
      "type" : "unknown",
      "location" : {
        "lat" : 40.729274,
        "lon" : -73.989176
      }
    },
    "lastUpdate" : "20170201T205208Z"
  }, {
    "type" : "place",
    "startTime" : "20170201T145652-0500",
    "endTime" : "20170201T214704-0500",
    "place" : {
      "id" : 588615003,
      "type" : "unknown",
      "location" : {
        "lat" : 40.729663,
        "lon" : -73.993393
      }
    },
    "lastUpdate" : "20170202T030130Z"
  }, {
    "type" : "place",
    "startTime" : "20170201T215827-0500",
    "endTime" : "20170201T220732-0500",
    "place" : {
      "id" : 589516917,
      "type" : "unknown",
      "location" : {
        "lat" : 40.735505,
        "lon" : -73.990768
      }
    },
    "lastUpdate" : "20170202T043606Z"
  }, {
    "type" : "place",
    "startTime" : "20170201T223800-0500",
    "endTime" : "20170202T095212-0500",
    "place" : {
      "id" : 589933467,
      "type" : "unknown",
      "location" : {
        "lat" : 40.77224,
        "lon" : -73.916275
      }
    },
    "lastUpdate" : "20170202T165453Z"
  } ],
  "lastUpdate" : "20170202T165453Z"
}, {
  "date" : "20170202",
  "segments" : [ {
    "type" : "place",
    "startTime" : "20170201T223800-0500",
    "endTime" : "20170202T095212-0500",
    "place" : {
      "id" : 589933467,
      "type" : "unknown",
      "location" : {
        "lat" : 40.77224,
        "lon" : -73.916275
      }
    },
    "lastUpdate" : "20170202T165453Z"
  }, {
    "type" : "place",
    "startTime" : "20170202T102939-0500",
    "endTime" : "20170202T145338-0500",
    "place" : {
      "id" : 588615003,
      "type" : "unknown",
      "location" : {
        "lat" : 40.729663,
        "lon" : -73.993393
      }
    },
    "lastUpdate" : "20170202T213219Z"
  }, {
    "type" : "place",
    "startTime" : "20170202T145715-0500",
    "endTime" : "20170202T174949-0500",
    "place" : {
      "id" : 588615003,
      "type" : "unknown",
      "location" : {
        "lat" : 40.729663,
        "lon" : -73.993393
      }
    },
    "lastUpdate" : "20170202T230404Z"
  }, {
    "type" : "place",
    "startTime" : "20170202T175611-0500",
    "endTime" : "20170202T192221-0500",
    "place" : {
      "id" : 589341243,
      "type" : "unknown",
      "location" : {
        "lat" : 40.727076,
        "lon" : -73.995237
      }
    },
    "lastUpdate" : "20170203T003817Z"
  }, {
    "type" : "place",
    "startTime" : "20170202T193035-0500",
    "endTime" : "20170202T230157-0500",
    "place" : {
      "id" : 588615003,
      "type" : "unknown",
      "location" : {
        "lat" : 40.729663,
        "lon" : -73.993393
      }
    },
    "lastUpdate" : "20170203T053623Z"
  }, {
    "type" : "place",
    "startTime" : "20170202T231437-0500",
    "endTime" : "20170203T000957-0500",
    "place" : {
      "id" : 590397432,
      "type" : "unknown",
      "location" : {
        "lat" : 40.73233,
        "lon" : -74.001699
      }
    },
    "lastUpdate" : "20170203T053623Z"
  } ],
  "lastUpdate" : "20170203T053623Z"
}, {
  "date" : "20170203",
  "segments" : [ {
    "type" : "place",
    "startTime" : "20170202T231437-0500",
    "endTime" : "20170203T000957-0500",
    "place" : {
      "id" : 590397432,
      "type" : "unknown",
      "location" : {
        "lat" : 40.73233,
        "lon" : -74.001699
      }
    },
    "lastUpdate" : "20170203T053623Z"
  }, {
    "type" : "place",
    "startTime" : "20170203T002144-0500",
    "endTime" : "20170203T002509-0500",
    "place" : {
      "id" : 590397433,
      "type" : "unknown",
      "location" : {
        "lat" : 40.729105,
        "lon" : -73.993766
      }
    },
    "lastUpdate" : "20170203T053623Z"
  }, {
    "type" : "place",
    "startTime" : "20170203T002741-0500",
    "endTime" : "20170203T003200-0500",
    "place" : {
      "id" : 590397434,
      "type" : "unknown",
      "location" : {
        "lat" : 40.730603,
        "lon" : -73.992535
      }
    },
    "lastUpdate" : "20170203T144524Z"
  }, {
    "type" : "place",
    "startTime" : "20170203T081434-0500",
    "endTime" : "20170203T082852-0500",
    "place" : {
      "id" : 590594876,
      "type" : "unknown",
      "location" : {
        "lat" : 40.77587,
        "lon" : -73.910675
      }
    },
    "lastUpdate" : "20170203T144524Z"
  }, {
    "type" : "place",
    "startTime" : "20170203T083316-0500",
    "endTime" : "20170203T091447-0500",
    "place" : {
      "id" : 589933467,
      "type" : "unknown",
      "location" : {
        "lat" : 40.77224,
        "lon" : -73.916275
      }
    },
    "lastUpdate" : "20170203T144524Z"
  }, {
    "type" : "place",
    "startTime" : "20170203T092003-0500",
    "endTime" : "20170203T094002-0500",
    "place" : {
      "id" : 590594877,
      "type" : "unknown",
      "location" : {
        "lat" : 40.770581,
        "lon" : -73.917928
      }
    },
    "lastUpdate" : "20170203T161926Z"
  }, {
    "type" : "place",
    "startTime" : "20170203T103022-0500",
    "endTime" : "20170203T160749-0500",
    "place" : {
      "id" : 590639288,
      "type" : "unknown",
      "location" : {
        "lat" : 40.72375,
        "lon" : -74.002635
      }
    },
    "lastUpdate" : "20170203T223213Z"
  }, {
    "type" : "place",
    "startTime" : "20170203T161151-0500",
    "endTime" : "20170203T161519-0500",
    "place" : {
      "id" : 590789598,
      "type" : "unknown",
      "location" : {
        "lat" : 40.721737,
        "lon" : -74.00261
      }
    },
    "lastUpdate" : "20170203T223213Z"
  }, {
    "type" : "place",
    "startTime" : "20170203T161852-0500",
    "endTime" : "20170203T163208-0500",
    "place" : {
      "id" : 590789599,
      "type" : "unknown",
      "location" : {
        "lat" : 40.721402,
        "lon" : -74.000277
      }
    },
    "lastUpdate" : "20170203T223213Z"
  }, {
    "type" : "place",
    "startTime" : "20170203T164404-0500",
    "endTime" : "20170203T190607-0500",
    "place" : {
      "id" : 590789598,
      "type" : "unknown",
      "location" : {
        "lat" : 40.721737,
        "lon" : -74.00261
      }
    },
    "lastUpdate" : "20170204T013443Z"
  }, {
    "type" : "place",
    "startTime" : "20170203T190607-0500",
    "endTime" : "20170203T201128-0500",
    "place" : {
      "id" : 590842388,
      "type" : "unknown",
      "location" : {
        "lat" : 40.722464,
        "lon" : -74.003627
      }
    },
    "lastUpdate" : "20170204T030908Z"
  }, {
    "type" : "place",
    "startTime" : "20170203T205301-0500",
    "endTime" : "20170204T095754-0500",
    "place" : {
      "id" : 588636068,
      "type" : "unknown",
      "location" : {
        "lat" : 40.69673,
        "lon" : -73.931402
      }
    },
    "lastUpdate" : "20170204T161258Z"
  } ],
  "lastUpdate" : "20170204T161258Z"
}, {
  "date" : "20170204",
  "segments" : [ {
    "type" : "place",
    "startTime" : "20170203T205301-0500",
    "endTime" : "20170204T095754-0500",
    "place" : {
      "id" : 588636068,
      "type" : "unknown",
      "location" : {
        "lat" : 40.69673,
        "lon" : -73.931402
      }
    },
    "lastUpdate" : "20170204T161258Z"
  }, {
    "type" : "place",
    "startTime" : "20170204T103335-0500",
    "endTime" : "20170204T114812-0500",
    "place" : {
      "id" : 589341243,
      "type" : "unknown",
      "location" : {
        "lat" : 40.727076,
        "lon" : -73.995237
      }
    },
    "lastUpdate" : "20170204T174715Z"
  }, {
    "type" : "place",
    "startTime" : "20170204T115451-0500",
    "endTime" : "20170204T123738-0500",
    "place" : {
      "id" : 589686275,
      "type" : "unknown",
      "location" : {
        "lat" : 40.72845,
        "lon" : -73.992815
      }
    },
    "lastUpdate" : "20170204T174715Z"
  }, {
    "type" : "place",
    "startTime" : "20170204T124306-0500",
    "endTime" : "20170204T124830-0500",
    "place" : {
      "id" : 591246867,
      "type" : "unknown",
      "location" : {
        "lat" : 40.72727,
        "lon" : -73.993836
      }
    },
    "lastUpdate" : "20170204T191855Z"
  }, {
    "type" : "place",
    "startTime" : "20170204T125436-0500",
    "endTime" : "20170204T171412-0500",
    "place" : {
      "id" : 591335519,
      "type" : "unknown",
      "location" : {
        "lat" : 40.729637,
        "lon" : -73.993792
      }
    },
    "lastUpdate" : "20170204T222239Z"
  }, {
    "type" : "place",
    "startTime" : "20170204T172022-0500",
    "endTime" : "20170204T211256-0500",
    "place" : {
      "id" : 591371837,
      "type" : "unknown",
      "location" : {
        "lat" : 40.729593,
        "lon" : -73.997237
      }
    },
    "lastUpdate" : "20170205T030207Z"
  }, {
    "type" : "place",
    "startTime" : "20170204T211715-0500",
    "endTime" : "20170204T213226-0500",
    "place" : {
      "id" : 591460123,
      "type" : "unknown",
      "location" : {
        "lat" : 40.729459,
        "lon" : -73.998702
      }
    },
    "lastUpdate" : "20170205T030207Z"
  }, {
    "type" : "place",
    "startTime" : "20170204T213644-0500",
    "endTime" : "20170204T232636-0500",
    "place" : {
      "id" : 591510094,
      "type" : "unknown",
      "location" : {
        "lat" : 40.729632,
        "lon" : -73.996817
      }
    },
    "lastUpdate" : "20170205T060512Z"
  }, {
    "type" : "place",
    "startTime" : "20170204T233202-0500",
    "endTime" : "20170204T234202-0500",
    "place" : {
      "id" : 588615003,
      "type" : "unknown",
      "location" : {
        "lat" : 40.729663,
        "lon" : -73.993393
      }
    },
    "lastUpdate" : "20170205T060512Z"
  } ],
  "lastUpdate" : "20170205T060512Z"
}, {
  "date" : "20170205",
  "segments" : [ {
    "type" : "place",
    "startTime" : "20170205T001248-0500",
    "endTime" : "20170205T020200-0500",
    "place" : {
      "id" : 588636068,
      "type" : "unknown",
      "location" : {
        "lat" : 40.69673,
        "lon" : -73.931402
      }
    },
    "lastUpdate" : "20170205T073704Z"
  }, {
    "type" : "place",
    "startTime" : "20170205T020854-0500",
    "endTime" : "20170205T022238-0500",
    "place" : {
      "id" : 591534591,
      "type" : "unknown",
      "location" : {
        "lat" : 40.696862,
        "lon" : -73.934981
      }
    },
    "lastUpdate" : "20170205T091126Z"
  }, {
    "type" : "place",
    "startTime" : "20170205T023613-0500",
    "endTime" : "20170205T024728-0500",
    "place" : {
      "id" : 591561705,
      "type" : "unknown",
      "location" : {
        "lat" : 40.719562,
        "lon" : -73.990278
      }
    },
    "lastUpdate" : "20170205T091126Z"
  }, {
    "type" : "place",
    "startTime" : "20170205T030055-0500",
    "endTime" : "20170205T045628-0500",
    "place" : {
      "id" : 591561706,
      "type" : "unknown",
      "location" : {
        "lat" : 40.742731,
        "lon" : -73.974217
      }
    },
    "lastUpdate" : "20170205T104552Z"
  }, {
    "type" : "place",
    "startTime" : "20170205T051901-0500",
    "endTime" : "20170205T161104-0500",
    "place" : {
      "id" : 588636068,
      "type" : "unknown",
      "location" : {
        "lat" : 40.69673,
        "lon" : -73.931402
      }
    },
    "lastUpdate" : "20170205T213300Z"
  }, {
    "type" : "place",
    "startTime" : "20170205T164753-0500",
    "endTime" : "20170205T165209-0500",
    "place" : {
      "id" : 591880927,
      "type" : "unknown",
      "location" : {
        "lat" : 40.729888,
        "lon" : -73.990844
      }
    },
    "lastUpdate" : "20170205T230609Z"
  }, {
    "type" : "place",
    "startTime" : "20170205T165719-0500",
    "endTime" : "20170205T170338-0500",
    "place" : {
      "id" : 590397434,
      "type" : "unknown",
      "location" : {
        "lat" : 40.730603,
        "lon" : -73.992535
      }
    },
    "lastUpdate" : "20170205T230609Z"
  }, {
    "type" : "place",
    "startTime" : "20170205T173927-0500",
    "endTime" : "20170205T174146-0500",
    "place" : {
      "id" : 591880928,
      "type" : "unknown",
      "location" : {
        "lat" : 40.840975,
        "lon" : -73.939913
      }
    },
    "lastUpdate" : "20170205T230609Z"
  }, {
    "type" : "place",
    "startTime" : "20170205T175022-0500",
    "endTime" : "20170205T225244-0500",
    "place" : {
      "id" : 591880929,
      "type" : "unknown",
      "location" : {
        "lat" : 40.840238,
        "lon" : -73.936295
      }
    },
    "lastUpdate" : "20170206T051809Z"
  }, {
    "type" : "place",
    "startTime" : "20170205T225355-0500",
    "endTime" : "20170205T230623-0500",
    "place" : {
      "id" : 591880928,
      "type" : "unknown",
      "location" : {
        "lat" : 40.840975,
        "lon" : -73.939913
      }
    },
    "lastUpdate" : "20170206T051809Z"
  }, {
    "type" : "place",
    "startTime" : "20170205T233816-0500",
    "endTime" : "20170205T234810-0500",
    "place" : {
      "id" : 591953551,
      "type" : "unknown",
      "location" : {
        "lat" : 40.735935,
        "lon" : -73.990651
      }
    },
    "lastUpdate" : "20170206T064846Z"
  } ],
  "lastUpdate" : "20170206T064846Z"
} ]