[ {
  "date" : "20170206",
  "segments" : [ {
    "type" : "place",
    "startTime" : "20170206T001857-0500",
    "endTime" : "20170206T145442-0500",
    "place" : {
      "id" : 588636068,
      "type" : "unknown",
      "location" : {
        "lat" : 40.69673,
        "lon" : -73.931402
      }
    },
    "lastUpdate" : "20170206T203040Z"
  }, {
    "type" : "place",
    "startTime" : "20170206T152511-0500",
    "endTime" : "20170206T214521-0500",
    "place" : {
      "id" : 588615003,
      "type" : "unknown",
      "location" : {
        "lat" : 40.729663,
        "lon" : -73.993393
      }
    },
    "lastUpdate" : "20170207T035112Z"
  }, {
    "type" : "place",
    "startTime" : "20170206T215810-0500",
    "endTime" : "20170206T221108-0500",
    "place" : {
      "id" : 589516917,
      "type" : "unknown",
      "location" : {
        "lat" : 40.735505,
        "lon" : -73.990768
      }
    },
    "lastUpdate" : "20170207T035112Z"
  }, {
    "type" : "place",
    "startTime" : "20170206T221459-0500",
    "endTime" : "20170206T222552-0500",
    "place" : {
      "id" : 588636067,
      "type" : "unknown",
      "location" : {
        "lat" : 40.717911,
        "lon" : -74.000072
      }
    },
    "lastUpdate" : "20170207T035112Z"
  }, {
    "type" : "place",
    "startTime" : "20170206T224950-0500",
    "endTime" : "20170207T123719-0500",
    "place" : {
      "id" : 588636068,
      "type" : "unknown",
      "location" : {
        "lat" : 40.69673,
        "lon" : -73.931402
      }
    },
    "lastUpdate" : "20170207T194347Z"
  } ],
  "lastUpdate" : "20170207T194347Z"
}, {
  "date" : "20170207",
  "segments" : [ {
    "type" : "place",
    "startTime" : "20170206T224950-0500",
    "endTime" : "20170207T123719-0500",
    "place" : {
      "id" : 588636068,
      "type" : "unknown",
      "location" : {
        "lat" : 40.69673,
        "lon" : -73.931402
      }
    },
    "lastUpdate" : "20170207T194347Z"
  }, {
    "type" : "place",
    "startTime" : "20170207T131613-0500",
    "endTime" : "20170207T133239-0500",
    "place" : {
      "id" : 588615003,
      "type" : "unknown",
      "location" : {
        "lat" : 40.729663,
        "lon" : -73.993393
      }
    },
    "lastUpdate" : "20170207T194347Z"
  }, {
    "type" : "place",
    "startTime" : "20170207T134151-0500",
    "endTime" : "20170207T193702-0500",
    "place" : {
      "id" : 591371837,
      "type" : "unknown",
      "location" : {
        "lat" : 40.729593,
        "lon" : -73.997237
      }
    },
    "lastUpdate" : "20170208T015341Z"
  }, {
    "type" : "place",
    "startTime" : "20170207T194312-0500",
    "endTime" : "20170207T194922-0500",
    "place" : {
      "id" : 592755367,
      "type" : "unknown",
      "location" : {
        "lat" : 40.728406,
        "lon" : -73.995437
      }
    },
    "lastUpdate" : "20170208T015341Z"
  }, {
    "type" : "place",
    "startTime" : "20170207T195250-0500",
    "endTime" : "20170208T010557-0500",
    "place" : {
      "id" : 591371837,
      "type" : "unknown",
      "location" : {
        "lat" : 40.729593,
        "lon" : -73.997237
      }
    },
    "lastUpdate" : "20170208T080605Z"
  } ],
  "lastUpdate" : "20170208T080605Z"
}, {
  "date" : "20170208",
  "segments" : [ {
    "type" : "place",
    "startTime" : "20170207T195250-0500",
    "endTime" : "20170208T010557-0500",
    "place" : {
      "id" : 591371837,
      "type" : "unknown",
      "location" : {
        "lat" : 40.729593,
        "lon" : -73.997237
      }
    },
    "lastUpdate" : "20170208T080605Z"
  }, {
    "type" : "place",
    "startTime" : "20170208T014410-0500",
    "endTime" : "20170208T111354-0500",
    "place" : {
      "id" : 588636068,
      "type" : "unknown",
      "location" : {
        "lat" : 40.69673,
        "lon" : -73.931402
      }
    },
    "lastUpdate" : "20170208T173005Z"
  }, {
    "type" : "place",
    "startTime" : "20170208T112735-0500",
    "endTime" : "20170208T113250-0500",
    "place" : {
      "id" : 591856567,
      "type" : "unknown",
      "location" : {
        "lat" : 40.697064,
        "lon" : -73.935248
      }
    },
    "lastUpdate" : "20170208T173005Z"
  }, {
    "type" : "place",
    "startTime" : "20170208T120213-0500",
    "endTime" : "20170208T155714-0500",
    "place" : {
      "id" : 588615003,
      "type" : "unknown",
      "location" : {
        "lat" : 40.729663,
        "lon" : -73.993393
      }
    },
    "lastUpdate" : "20170208T220908Z"
  }, {
    "type" : "place",
    "startTime" : "20170208T160227-0500",
    "endTime" : "20170208T181348-0500",
    "place" : {
      "id" : 591371837,
      "type" : "unknown",
      "location" : {
        "lat" : 40.729593,
        "lon" : -73.997237
      }
    },
    "lastUpdate" : "20170208T234400Z"
  }, {
    "type" : "place",
    "startTime" : "20170208T181903-0500",
    "endTime" : "20170208T230216-0500",
    "place" : {
      "id" : 588615003,
      "type" : "unknown",
      "location" : {
        "lat" : 40.729663,
        "lon" : -73.993393
      }
    },
    "lastUpdate" : "20170209T053729Z"
  }, {
    "type" : "place",
    "startTime" : "20170208T234222-0500",
    "endTime" : "20170209T184505-0500",
    "place" : {
      "id" : 588636068,
      "type" : "unknown",
      "location" : {
        "lat" : 40.69673,
        "lon" : -73.931402
      }
    },
    "lastUpdate" : "20170210T001132Z"
  } ],
  "lastUpdate" : "20170210T001132Z"
}, {
  "date" : "20170209",
  "segments" : [ {
    "type" : "place",
    "startTime" : "20170208T234222-0500",
    "endTime" : "20170209T184505-0500",
    "place" : {
      "id" : 588636068,
      "type" : "unknown",
      "location" : {
        "lat" : 40.69673,
        "lon" : -73.931402
      }
    },
    "lastUpdate" : "20170210T001132Z"
  }, {
    "type" : "place",
    "startTime" : "20170209T184928-0500",
    "endTime" : "20170209T190014-0500",
    "place" : {
      "id" : 591534591,
      "type" : "unknown",
      "location" : {
        "lat" : 40.696862,
        "lon" : -73.934981
      }
    },
    "lastUpdate" : "20170210T001132Z"
  }, {
    "type" : "place",
    "startTime" : "20170209T190014-0500",
    "endTime" : "20170209T190144-0500",
    "place" : {
      "id" : 591534591,
      "type" : "unknown",
      "location" : {
        "lat" : 40.696862,
        "lon" : -73.934981
      }
    },
    "lastUpdate" : "20170210T014138Z"
  }, {
    "type" : "place",
    "startTime" : "20170209T190601-0500",
    "endTime" : "20170209T193053-0500",
    "place" : {
      "id" : 593603937,
      "type" : "unknown",
      "location" : {
        "lat" : 40.695954,
        "lon" : -73.933499
      }
    },
    "lastUpdate" : "20170210T014138Z"
  }, {
    "type" : "place",
    "startTime" : "20170209T193824-0500",
    "endTime" : "20170210T100510-0500",
    "place" : {
      "id" : 588636068,
      "type" : "unknown",
      "location" : {
        "lat" : 40.69673,
        "lon" : -73.931402
      }
    },
    "lastUpdate" : "20170210T164036Z"
  } ],
  "lastUpdate" : "20170210T164036Z"
}, {
  "date" : "20170210",
  "segments" : [ {
    "type" : "place",
    "startTime" : "20170209T193824-0500",
    "endTime" : "20170210T100510-0500",
    "place" : {
      "id" : 588636068,
      "type" : "unknown",
      "location" : {
        "lat" : 40.69673,
        "lon" : -73.931402
      }
    },
    "lastUpdate" : "20170210T164036Z"
  }, {
    "type" : "place",
    "startTime" : "20170210T103743-0500",
    "endTime" : "20170210T150320-0500",
    "place" : {
      "id" : 588615003,
      "type" : "unknown",
      "location" : {
        "lat" : 40.729663,
        "lon" : -73.993393
      }
    },
    "lastUpdate" : "20170210T211943Z"
  }, {
    "type" : "place",
    "startTime" : "20170210T151216-0500",
    "endTime" : "20170210T180040-0500",
    "place" : {
      "id" : 594038515,
      "type" : "unknown",
      "location" : {
        "lat" : 40.723416,
        "lon" : -74.002075
      }
    },
    "lastUpdate" : "20170211T002314Z"
  }, {
    "type" : "place",
    "startTime" : "20170210T180624-0500",
    "endTime" : "20170210T182054-0500",
    "place" : {
      "id" : 590789598,
      "type" : "unknown",
      "location" : {
        "lat" : 40.721737,
        "lon" : -74.00261
      }
    },
    "lastUpdate" : "20170211T002314Z"
  }, {
    "type" : "place",
    "startTime" : "20170210T182504-0500",
    "endTime" : "20170210T182826-0500",
    "place" : {
      "id" : 594096131,
      "type" : "unknown",
      "location" : {
        "lat" : 40.723703,
        "lon" : -74.00372
      }
    },
    "lastUpdate" : "20170211T002314Z"
  }, {
    "type" : "place",
    "startTime" : "20170210T184237-0500",
    "endTime" : "20170211T004704-0500",
    "place" : {
      "id" : 589420623,
      "type" : "unknown",
      "location" : {
        "lat" : 40.729922,
        "lon" : -73.99704
      }
    },
    "lastUpdate" : "20170211T063539Z"
  } ],
  "lastUpdate" : "20170211T063539Z"
}, {
  "date" : "20170211",
  "segments" : [ {
    "type" : "place",
    "startTime" : "20170210T184237-0500",
    "endTime" : "20170211T004704-0500",
    "place" : {
      "id" : 589420623,
      "type" : "unknown",
      "location" : {
        "lat" : 40.729922,
        "lon" : -73.99704
      }
    },
    "lastUpdate" : "20170211T063539Z"
  }, {
    "type" : "place",
    "startTime" : "20170211T005422-0500",
    "endTime" : "20170211T005946-0500",
    "place" : {
      "id" : 588615003,
      "type" : "unknown",
      "location" : {
        "lat" : 40.729663,
        "lon" : -73.993393
      }
    },
    "lastUpdate" : "20170211T080730Z"
  }, {
    "type" : "place",
    "startTime" : "20170211T020803-0500",
    "endTime" : "20170211T160444-0500",
    "place" : {
      "id" : 594229406,
      "type" : "unknown",
      "location" : {
        "lat" : 40.771975,
        "lon" : -73.91635
      }
    },
    "lastUpdate" : "20170211T215941Z"
  }, {
    "type" : "place",
    "startTime" : "20170211T163921-0500",
    "endTime" : "20170211T170254-0500",
    "place" : {
      "id" : 594642308,
      "type" : "unknown",
      "location" : {
        "lat" : 40.752714,
        "lon" : -73.97713
      }
    },
    "lastUpdate" : "20170211T233223Z"
  }, {
    "type" : "place",
    "startTime" : "20170211T172126-0500",
    "endTime" : "20170211T230840-0500",
    "place" : {
      "id" : 588615003,
      "type" : "unknown",
      "location" : {
        "lat" : 40.729663,
        "lon" : -73.993393
      }
    },
    "lastUpdate" : "20170212T040842Z"
  } ],
  "lastUpdate" : "20170212T040842Z"
} ]