[ {
  "date" : "20170208",
  "summary" : [ {
    "activity" : "walking",
    "group" : "walking",
    "duration" : 5694.0,
    "distance" : 5907.0,
    "steps" : 8933
  }, {
    "activity" : "transport",
    "group" : "transport",
    "duration" : 4058.0,
    "distance" : 22940.0
  } ],
  "segments" : [ {
    "type" : "place",
    "startTime" : "20170207T195250-0500",
    "endTime" : "20170208T010557-0500",
    "activities" : [ {
      "activity" : "walking",
      "group" : "walking",
      "manual" : false,
      "startTime" : "20170208T005935-0500",
      "endTime" : "20170208T005937-0500",
      "duration" : 2.0,
      "distance" : 2.0,
      "steps" : 4
    }, {
      "activity" : "walking",
      "group" : "walking",
      "manual" : false,
      "startTime" : "20170208T010031-0500",
      "endTime" : "20170208T010208-0500",
      "duration" : 97.0,
      "distance" : 72.0,
      "steps" : 144
    } ],
    "lastUpdate" : "20170208T080605Z"
  }, {
    "type" : "move",
    "startTime" : "20170208T010557-0500",
    "endTime" : "20170208T014410-0500",
    "activities" : [ {
      "activity" : "walking",
      "group" : "walking",
      "manual" : false,
      "startTime" : "20170208T010557-0500",
      "endTime" : "20170208T011910-0500",
      "duration" : 793.0,
      "distance" : 871.0,
      "steps" : 1408
    }, {
      "activity" : "transport",
      "group" : "transport",
      "manual" : false,
      "startTime" : "20170208T011911-0500",
      "endTime" : "20170208T013708-0500",
      "duration" : 1077.0,
      "distance" : 7225.0
    }, {
      "activity" : "walking",
      "group" : "walking",
      "manual" : false,
      "startTime" : "20170208T013708-0500",
      "endTime" : "20170208T014409-0500",
      "duration" : 421.0,
      "distance" : 487.0,
      "steps" : 709
    } ],
    "lastUpdate" : "20170208T080605Z"
  }, {
    "type" : "place",
    "startTime" : "20170208T014410-0500",
    "endTime" : "20170208T111354-0500",
    "activities" : [ {
      "activity" : "walking",
      "group" : "walking",
      "manual" : false,
      "startTime" : "20170208T014418-0500",
      "endTime" : "20170208T014429-0500",
      "duration" : 11.0,
      "distance" : 9.0,
      "steps" : 18
    }, {
      "activity" : "walking",
      "group" : "walking",
      "manual" : false,
      "startTime" : "20170208T091559-0500",
      "endTime" : "20170208T091627-0500",
      "duration" : 28.0,
      "distance" : 20.0,
      "steps" : 41
    }, {
      "activity" : "walking",
      "group" : "walking",
      "manual" : false,
      "startTime" : "20170208T110651-0500",
      "endTime" : "20170208T110711-0500",
      "duration" : 20.0,
      "distance" : 14.0,
      "steps" : 28
    } ],
    "lastUpdate" : "20170208T173005Z"
  }, {
    "type" : "move",
    "startTime" : "20170208T111354-0500",
    "endTime" : "20170208T112735-0500",
    "activities" : [ {
      "activity" : "walking",
      "group" : "walking",
      "manual" : false,
      "startTime" : "20170208T111354-0500",
      "endTime" : "20170208T112734-0500",
      "duration" : 820.0,
      "distance" : 740.0,
      "steps" : 1281
    } ],
    "lastUpdate" : "20170208T173005Z"
  }, {
    "type" : "place",
    "startTime" : "20170208T112735-0500",
    "endTime" : "20170208T113250-0500",
    "activities" : [ {
      "activity" : "walking",
      "group" : "walking",
      "manual" : false,
      "startTime" : "20170208T113131-0500",
      "endTime" : "20170208T113148-0500",
      "duration" : 17.0,
      "distance" : 13.0,
      "steps" : 26
    } ],
    "lastUpdate" : "20170208T173005Z"
  }, {
    "type" : "move",
    "startTime" : "20170208T113250-0500",
    "endTime" : "20170208T120213-0500",
    "activities" : [ {
      "activity" : "transport",
      "group" : "transport",
      "manual" : false,
      "startTime" : "20170208T113250-0500",
      "endTime" : "20170208T115301-0500",
      "duration" : 1211.0,
      "distance" : 6912.0
    }, {
      "activity" : "walking",
      "group" : "walking",
      "manual" : false,
      "startTime" : "20170208T115302-0500",
      "endTime" : "20170208T120213-0500",
      "duration" : 551.0,
      "distance" : 679.0,
      "steps" : 965
    } ],
    "lastUpdate" : "20170208T173005Z"
  }, {
    "type" : "place",
    "startTime" : "20170208T120213-0500",
    "endTime" : "20170208T155714-0500",
    "activities" : [ {
      "activity" : "walking",
      "group" : "walking",
      "manual" : false,
      "startTime" : "20170208T120524-0500",
      "endTime" : "20170208T120547-0500",
      "duration" : 23.0,
      "distance" : 17.0,
      "steps" : 35
    }, {
      "activity" : "walking",
      "group" : "walking",
      "manual" : false,
      "startTime" : "20170208T131714-0500",
      "endTime" : "20170208T132005-0500",
      "duration" : 171.0,
      "distance" : 176.0,
      "steps" : 235
    }, {
      "activity" : "walking",
      "group" : "walking",
      "manual" : false,
      "startTime" : "20170208T144255-0500",
      "endTime" : "20170208T144453-0500",
      "duration" : 118.0,
      "distance" : 67.0,
      "steps" : 135
    }, {
      "activity" : "walking",
      "group" : "walking",
      "manual" : false,
      "startTime" : "20170208T150836-0500",
      "endTime" : "20170208T150935-0500",
      "duration" : 59.0,
      "distance" : 29.0,
      "steps" : 22
    } ],
    "lastUpdate" : "20170208T220908Z"
  }, {
    "type" : "move",
    "startTime" : "20170208T155714-0500",
    "endTime" : "20170208T160227-0500",
    "activities" : [ {
      "activity" : "walking",
      "group" : "walking",
      "manual" : false,
      "startTime" : "20170208T155714-0500",
      "endTime" : "20170208T160227-0500",
      "duration" : 313.0,
      "distance" : 358.0,
      "steps" : 418
    } ],
    "lastUpdate" : "20170208T220908Z"
  }, {
    "type" : "place",
    "startTime" : "20170208T160227-0500",
    "endTime" : "20170208T181348-0500",
    "activities" : [ {
      "activity" : "walking",
      "group" : "walking",
      "manual" : false,
      "startTime" : "20170208T160227-0500",
      "endTime" : "20170208T160424-0500",
      "duration" : 117.0,
      "distance" : 88.0,
      "steps" : 176
    }, {
      "activity" : "walking",
      "group" : "walking",
      "manual" : false,
      "startTime" : "20170208T172744-0500",
      "endTime" : "20170208T172746-0500",
      "duration" : 2.0,
      "distance" : 2.0,
      "steps" : 4
    }, {
      "activity" : "walking",
      "group" : "walking",
      "manual" : false,
      "startTime" : "20170208T181101-0500",
      "endTime" : "20170208T181154-0500",
      "duration" : 53.0,
      "distance" : 26.0,
      "steps" : 50
    } ],
    "lastUpdate" : "20170208T234400Z"
  }, {
    "type" : "move",
    "startTime" : "20170208T181348-0500",
    "endTime" : "20170208T181902-0500",
    "activities" : [ {
      "activity" : "walking",
      "group" : "walking",
      "manual" : false,
      "startTime" : "20170208T181348-0500",
      "endTime" : "20170208T181902-0500",
      "duration" : 314.0,
      "distance" : 402.0,
      "steps" : 523
    } ],
    "lastUpdate" : "20170208T234400Z"
  }, {
    "type" : "place",
    "startTime" : "20170208T181903-0500",
    "endTime" : "20170208T230216-0500",
    "activities" : [ {
      "activity" : "walking",
      "group" : "walking",
      "manual" : false,
      "startTime" : "20170208T181903-0500",
      "endTime" : "20170208T182322-0500",
      "duration" : 259.0,
      "distance" : 292.0,
      "steps" : 389
    }, {
      "activity" : "walking",
      "group" : "walking",
      "manual" : false,
      "startTime" : "20170208T200516-0500",
      "endTime" : "20170208T201126-0500",
      "duration" : 370.0,
      "distance" : 328.0,
      "steps" : 438
    }, {
      "activity" : "walking",
      "group" : "walking",
      "manual" : false,
      "startTime" : "20170208T211321-0500",
      "endTime" : "20170208T211603-0500",
      "duration" : 162.0,
      "distance" : 182.0,
      "steps" : 243
    }, {
      "activity" : "walking",
      "group" : "walking",
      "manual" : false,
      "startTime" : "20170208T220121-0500",
      "endTime" : "20170208T220343-0500",
      "duration" : 142.0,
      "distance" : 147.0,
      "steps" : 196
    }, {
      "activity" : "walking",
      "group" : "walking",
      "manual" : false,
      "startTime" : "20170208T230201-0500",
      "endTime" : "20170208T230215-0500",
      "duration" : 14.0,
      "distance" : 9.0,
      "steps" : 19
    } ],
    "lastUpdate" : "20170209T053729Z"
  }, {
    "type" : "move",
    "startTime" : "20170208T230216-0500",
    "endTime" : "20170208T234222-0500",
    "activities" : [ {
      "activity" : "walking",
      "group" : "walking",
      "manual" : false,
      "startTime" : "20170208T230216-0500",
      "endTime" : "20170208T230445-0500",
      "duration" : 149.0,
      "distance" : 138.0,
      "steps" : 208
    }, {
      "activity" : "transport",
      "group" : "transport",
      "manual" : false,
      "startTime" : "20170208T230445-0500",
      "endTime" : "20170208T231545-0500",
      "duration" : 660.0,
      "distance" : 1841.0
    }, {
      "activity" : "walking",
      "group" : "walking",
      "manual" : false,
      "startTime" : "20170208T231546-0500",
      "endTime" : "20170208T231816-0500",
      "duration" : 150.0,
      "distance" : 140.0,
      "steps" : 281
    }, {
      "activity" : "transport",
      "group" : "transport",
      "manual" : false,
      "startTime" : "20170208T231816-0500",
      "endTime" : "20170208T233646-0500",
      "duration" : 1110.0,
      "distance" : 6962.0
    }, {
      "activity" : "walking",
      "group" : "walking",
      "manual" : false,
      "startTime" : "20170208T233647-0500",
      "endTime" : "20170208T234222-0500",
      "duration" : 335.0,
      "distance" : 393.0,
      "steps" : 662
    } ],
    "lastUpdate" : "20170209T053729Z"
  }, {
    "type" : "place",
    "startTime" : "20170208T234222-0500",
    "endTime" : "20170209T184505-0500",
    "activities" : [ {
      "activity" : "walking",
      "group" : "walking",
      "manual" : false,
      "startTime" : "20170208T234222-0500",
      "endTime" : "20170208T234525-0500",
      "duration" : 183.0,
      "distance" : 206.0,
      "steps" : 275
    } ],
    "lastUpdate" : "20170210T001132Z"
  } ],
  "lastUpdate" : "20170210T001132Z"
} ]