[ {
  "date" : "20170204",
  "summary" : [ {
    "activity" : "walking",
    "group" : "walking",
    "duration" : 5020.0,
    "distance" : 4926.0,
    "steps" : 7472
  }, {
    "activity" : "transport",
    "group" : "transport",
    "duration" : 2428.0,
    "distance" : 10903.0
  } ],
  "segments" : [ {
    "type" : "place",
    "startTime" : "20170203T205301-0500",
    "endTime" : "20170204T095754-0500",
    "activities" : [ {
      "activity" : "walking",
      "group" : "walking",
      "manual" : false,
      "startTime" : "20170204T080333-0500",
      "endTime" : "20170204T080350-0500",
      "duration" : 17.0,
      "distance" : 12.0,
      "steps" : 25
    }, {
      "activity" : "walking",
      "group" : "walking",
      "manual" : false,
      "startTime" : "20170204T090807-0500",
      "endTime" : "20170204T090901-0500",
      "duration" : 54.0,
      "distance" : 27.0,
      "steps" : 55
    } ],
    "lastUpdate" : "20170204T161258Z"
  }, {
    "type" : "move",
    "startTime" : "20170204T095754-0500",
    "endTime" : "20170204T103335-0500",
    "activities" : [ {
      "activity" : "walking",
      "group" : "walking",
      "manual" : false,
      "startTime" : "20170204T095754-0500",
      "endTime" : "20170204T100431-0500",
      "duration" : 397.0,
      "distance" : 413.0,
      "steps" : 699
    }, {
      "activity" : "transport",
      "group" : "transport",
      "manual" : false,
      "startTime" : "20170204T100431-0500",
      "endTime" : "20170204T102132-0500",
      "duration" : 1021.0,
      "distance" : 7054.0
    }, {
      "activity" : "walking",
      "group" : "walking",
      "manual" : false,
      "startTime" : "20170204T102132-0500",
      "endTime" : "20170204T102432-0500",
      "duration" : 180.0,
      "distance" : 169.0,
      "steps" : 338
    }, {
      "activity" : "transport",
      "group" : "transport",
      "manual" : false,
      "startTime" : "20170204T102432-0500",
      "endTime" : "20170204T103002-0500",
      "duration" : 330.0,
      "distance" : 1122.0
    }, {
      "activity" : "walking",
      "group" : "walking",
      "manual" : false,
      "startTime" : "20170204T103003-0500",
      "endTime" : "20170204T103335-0500",
      "duration" : 212.0,
      "distance" : 217.0,
      "steps" : 297
    } ],
    "lastUpdate" : "20170204T161258Z"
  }, {
    "type" : "place",
    "startTime" : "20170204T103335-0500",
    "endTime" : "20170204T114812-0500",
    "activities" : [ {
      "activity" : "walking",
      "group" : "walking",
      "manual" : false,
      "startTime" : "20170204T114745-0500",
      "endTime" : "20170204T114751-0500",
      "duration" : 6.0,
      "distance" : 5.0,
      "steps" : 10
    } ],
    "lastUpdate" : "20170204T174715Z"
  }, {
    "type" : "move",
    "startTime" : "20170204T114812-0500",
    "endTime" : "20170204T115451-0500",
    "activities" : [ {
      "activity" : "walking",
      "group" : "walking",
      "manual" : false,
      "startTime" : "20170204T114812-0500",
      "endTime" : "20170204T115450-0500",
      "duration" : 398.0,
      "distance" : 323.0,
      "steps" : 595
    } ],
    "lastUpdate" : "20170204T174715Z"
  }, {
    "type" : "place",
    "startTime" : "20170204T115451-0500",
    "endTime" : "20170204T123738-0500",
    "activities" : [ {
      "activity" : "walking",
      "group" : "walking",
      "manual" : false,
      "startTime" : "20170204T115451-0500",
      "endTime" : "20170204T115521-0500",
      "duration" : 30.0,
      "distance" : 22.0,
      "steps" : 45
    }, {
      "activity" : "walking",
      "group" : "walking",
      "manual" : false,
      "startTime" : "20170204T121847-0500",
      "endTime" : "20170204T121924-0500",
      "duration" : 37.0,
      "distance" : 27.0,
      "steps" : 54
    } ],
    "lastUpdate" : "20170204T174715Z"
  }, {
    "type" : "move",
    "startTime" : "20170204T123739-0500",
    "endTime" : "20170204T124306-0500",
    "activities" : [ {
      "activity" : "walking",
      "group" : "walking",
      "manual" : false,
      "startTime" : "20170204T123739-0500",
      "endTime" : "20170204T124306-0500",
      "duration" : 327.0,
      "distance" : 217.0,
      "steps" : 385
    } ],
    "lastUpdate" : "20170204T191855Z"
  }, {
    "type" : "place",
    "startTime" : "20170204T124306-0500",
    "endTime" : "20170204T124830-0500",
    "activities" : [ {
      "activity" : "walking",
      "group" : "walking",
      "manual" : false,
      "startTime" : "20170204T124306-0500",
      "endTime" : "20170204T124408-0500",
      "duration" : 62.0,
      "distance" : 47.0,
      "steps" : 94
    } ],
    "lastUpdate" : "20170204T191855Z"
  }, {
    "type" : "move",
    "startTime" : "20170204T124831-0500",
    "endTime" : "20170204T125436-0500",
    "activities" : [ {
      "activity" : "walking",
      "group" : "walking",
      "manual" : false,
      "startTime" : "20170204T124831-0500",
      "endTime" : "20170204T125436-0500",
      "duration" : 365.0,
      "distance" : 382.0,
      "steps" : 536
    } ],
    "lastUpdate" : "20170204T191855Z"
  }, {
    "type" : "place",
    "startTime" : "20170204T125436-0500",
    "endTime" : "20170204T171412-0500",
    "activities" : [ {
      "activity" : "walking",
      "group" : "walking",
      "manual" : false,
      "startTime" : "20170204T125436-0500",
      "endTime" : "20170204T125440-0500",
      "duration" : 4.0,
      "distance" : 3.0,
      "steps" : 6
    }, {
      "activity" : "walking",
      "group" : "walking",
      "manual" : false,
      "startTime" : "20170204T141721-0500",
      "endTime" : "20170204T142332-0500",
      "duration" : 371.0,
      "distance" : 419.0,
      "steps" : 559
    }, {
      "activity" : "walking",
      "group" : "walking",
      "manual" : false,
      "startTime" : "20170204T153516-0500",
      "endTime" : "20170204T153904-0500",
      "duration" : 228.0,
      "distance" : 204.0,
      "steps" : 273
    }, {
      "activity" : "walking",
      "group" : "walking",
      "manual" : false,
      "startTime" : "20170204T162024-0500",
      "endTime" : "20170204T162312-0500",
      "duration" : 168.0,
      "distance" : 185.0,
      "steps" : 247
    }, {
      "activity" : "walking",
      "group" : "walking",
      "manual" : false,
      "startTime" : "20170204T170019-0500",
      "endTime" : "20170204T170129-0500",
      "duration" : 70.0,
      "distance" : 50.0,
      "steps" : 101
    } ],
    "lastUpdate" : "20170204T222239Z"
  }, {
    "type" : "move",
    "startTime" : "20170204T171412-0500",
    "endTime" : "20170204T172022-0500",
    "activities" : [ {
      "activity" : "walking",
      "group" : "walking",
      "manual" : false,
      "startTime" : "20170204T171412-0500",
      "endTime" : "20170204T172022-0500",
      "duration" : 370.0,
      "distance" : 446.0,
      "steps" : 577
    } ],
    "lastUpdate" : "20170204T222239Z"
  }, {
    "type" : "place",
    "startTime" : "20170204T172022-0500",
    "endTime" : "20170204T211256-0500",
    "activities" : [ {
      "activity" : "walking",
      "group" : "walking",
      "manual" : false,
      "startTime" : "20170204T172022-0500",
      "endTime" : "20170204T172029-0500",
      "duration" : 7.0,
      "distance" : 5.0,
      "steps" : 10
    }, {
      "activity" : "walking",
      "group" : "walking",
      "manual" : false,
      "startTime" : "20170204T204748-0500",
      "endTime" : "20170204T204933-0500",
      "duration" : 105.0,
      "distance" : 76.0,
      "steps" : 152
    } ],
    "lastUpdate" : "20170205T030207Z"
  }, {
    "type" : "move",
    "startTime" : "20170204T211256-0500",
    "endTime" : "20170204T211715-0500",
    "activities" : [ {
      "activity" : "walking",
      "group" : "walking",
      "manual" : false,
      "startTime" : "20170204T211256-0500",
      "endTime" : "20170204T211715-0500",
      "duration" : 259.0,
      "distance" : 283.0,
      "steps" : 408
    } ],
    "lastUpdate" : "20170205T030207Z"
  }, {
    "type" : "place",
    "startTime" : "20170204T211715-0500",
    "endTime" : "20170204T213226-0500",
    "activities" : [ {
      "activity" : "walking",
      "group" : "walking",
      "manual" : false,
      "startTime" : "20170204T211715-0500",
      "endTime" : "20170204T211739-0500",
      "duration" : 24.0,
      "distance" : 18.0,
      "steps" : 36
    } ],
    "lastUpdate" : "20170205T030207Z"
  }, {
    "type" : "move",
    "startTime" : "20170204T213226-0500",
    "endTime" : "20170204T213644-0500",
    "activities" : [ {
      "activity" : "walking",
      "group" : "walking",
      "manual" : false,
      "startTime" : "20170204T213226-0500",
      "endTime" : "20170204T213644-0500",
      "duration" : 258.0,
      "distance" : 288.0,
      "steps" : 352
    } ],
    "lastUpdate" : "20170205T030207Z"
  }, {
    "type" : "place",
    "startTime" : "20170204T213644-0500",
    "endTime" : "20170204T232636-0500",
    "activities" : [ {
      "activity" : "walking",
      "group" : "walking",
      "manual" : false,
      "startTime" : "20170204T213644-0500",
      "endTime" : "20170204T213841-0500",
      "duration" : 117.0,
      "distance" : 87.0,
      "steps" : 175
    }, {
      "activity" : "walking",
      "group" : "walking",
      "manual" : false,
      "startTime" : "20170204T220000-0500",
      "endTime" : "20170204T220418-0500",
      "duration" : 258.0,
      "distance" : 237.0,
      "steps" : 316
    }, {
      "activity" : "walking",
      "group" : "walking",
      "manual" : false,
      "startTime" : "20170204T230554-0500",
      "endTime" : "20170204T231046-0500",
      "duration" : 292.0,
      "distance" : 322.0,
      "steps" : 430
    } ],
    "lastUpdate" : "20170205T060512Z"
  }, {
    "type" : "move",
    "startTime" : "20170204T232636-0500",
    "endTime" : "20170204T233202-0500",
    "activities" : [ {
      "activity" : "walking",
      "group" : "walking",
      "manual" : false,
      "startTime" : "20170204T232636-0500",
      "endTime" : "20170204T233201-0500",
      "duration" : 325.0,
      "distance" : 383.0,
      "steps" : 578
    } ],
    "lastUpdate" : "20170205T060512Z"
  }, {
    "type" : "place",
    "startTime" : "20170204T233202-0500",
    "endTime" : "20170204T234202-0500",
    "activities" : [ {
      "activity" : "walking",
      "group" : "walking",
      "manual" : false,
      "startTime" : "20170204T233202-0500",
      "endTime" : "20170204T233321-0500",
      "duration" : 79.0,
      "distance" : 59.0,
      "steps" : 119
    } ],
    "lastUpdate" : "20170205T060512Z"
  }, {
    "type" : "move",
    "startTime" : "20170204T234202-0500",
    "endTime" : "20170205T001247-0500",
    "activities" : [ {
      "activity" : "transport",
      "group" : "transport",
      "manual" : false,
      "startTime" : "20170204T234202-0500",
      "endTime" : "20170204T235959-0500",
      "duration" : 1077.0,
      "distance" : 2727.0
    } ],
    "lastUpdate" : "20170205T060512Z"
  } ],
  "lastUpdate" : "20170205T060512Z"
} ]