[ {
  "date" : "20170202",
  "summary" : [ {
    "activity" : "walking",
    "group" : "walking",
    "duration" : 3882.0,
    "distance" : 3929.0,
    "steps" : 5913
  }, {
    "activity" : "transport",
    "group" : "transport",
    "duration" : 2062.0,
    "distance" : 12682.0
  } ],
  "segments" : [ {
    "type" : "place",
    "startTime" : "20170201T223800-0500",
    "endTime" : "20170202T095212-0500",
    "activities" : [ {
      "activity" : "walking",
      "group" : "walking",
      "manual" : false,
      "startTime" : "20170202T000019-0500",
      "endTime" : "20170202T000312-0500",
      "duration" : 173.0,
      "distance" : 193.0,
      "steps" : 258
    }, {
      "activity" : "walking",
      "group" : "walking",
      "manual" : false,
      "startTime" : "20170202T015320-0500",
      "endTime" : "20170202T015334-0500",
      "duration" : 14.0,
      "distance" : 9.0,
      "steps" : 19
    }, {
      "activity" : "walking",
      "group" : "walking",
      "manual" : false,
      "startTime" : "20170202T094244-0500",
      "endTime" : "20170202T094347-0500",
      "duration" : 63.0,
      "distance" : 47.0,
      "steps" : 94
    } ],
    "lastUpdate" : "20170202T165453Z"
  }, {
    "type" : "move",
    "startTime" : "20170202T095212-0500",
    "endTime" : "20170202T102939-0500",
    "activities" : [ {
      "activity" : "walking",
      "group" : "walking",
      "manual" : false,
      "startTime" : "20170202T095212-0500",
      "endTime" : "20170202T095516-0500",
      "duration" : 184.0,
      "distance" : 274.0,
      "steps" : 325
    }, {
      "activity" : "transport",
      "group" : "transport",
      "manual" : false,
      "startTime" : "20170202T095517-0500",
      "endTime" : "20170202T102939-0500",
      "duration" : 2062.0,
      "distance" : 12682.0
    } ],
    "lastUpdate" : "20170202T165453Z"
  }, {
    "type" : "place",
    "startTime" : "20170202T102939-0500",
    "endTime" : "20170202T145338-0500",
    "activities" : [ {
      "activity" : "walking",
      "group" : "walking",
      "manual" : false,
      "startTime" : "20170202T102940-0500",
      "endTime" : "20170202T103253-0500",
      "duration" : 193.0,
      "distance" : 217.0,
      "steps" : 290
    }, {
      "activity" : "walking",
      "group" : "walking",
      "manual" : false,
      "startTime" : "20170202T110552-0500",
      "endTime" : "20170202T110715-0500",
      "duration" : 83.0,
      "distance" : 62.0,
      "steps" : 124
    }, {
      "activity" : "walking",
      "group" : "walking",
      "manual" : false,
      "startTime" : "20170202T120000-0500",
      "endTime" : "20170202T120014-0500",
      "duration" : 14.0,
      "distance" : 10.0,
      "steps" : 21
    }, {
      "activity" : "walking",
      "group" : "walking",
      "manual" : false,
      "startTime" : "20170202T134226-0500",
      "endTime" : "20170202T134347-0500",
      "duration" : 81.0,
      "distance" : 42.0,
      "steps" : 85
    }, {
      "activity" : "walking",
      "group" : "walking",
      "manual" : false,
      "startTime" : "20170202T144234-0500",
      "endTime" : "20170202T144332-0500",
      "duration" : 58.0,
      "distance" : 29.0,
      "steps" : 43
    } ],
    "lastUpdate" : "20170202T213219Z"
  }, {
    "type" : "move",
    "startTime" : "20170202T145338-0500",
    "endTime" : "20170202T145715-0500",
    "activities" : [ {
      "activity" : "walking",
      "group" : "walking",
      "manual" : false,
      "startTime" : "20170202T145338-0500",
      "endTime" : "20170202T145714-0500",
      "duration" : 216.0,
      "distance" : 221.0,
      "steps" : 443
    } ],
    "lastUpdate" : "20170202T213219Z"
  }, {
    "type" : "place",
    "startTime" : "20170202T145715-0500",
    "endTime" : "20170202T174949-0500",
    "activities" : [ {
      "activity" : "walking",
      "group" : "walking",
      "manual" : false,
      "startTime" : "20170202T145715-0500",
      "endTime" : "20170202T145801-0500",
      "duration" : 46.0,
      "distance" : 34.0,
      "steps" : 69
    }, {
      "activity" : "walking",
      "group" : "walking",
      "manual" : false,
      "startTime" : "20170202T150044-0500",
      "endTime" : "20170202T150433-0500",
      "duration" : 229.0,
      "distance" : 246.0,
      "steps" : 329
    }, {
      "activity" : "walking",
      "group" : "walking",
      "manual" : false,
      "startTime" : "20170202T163155-0500",
      "endTime" : "20170202T163306-0500",
      "duration" : 71.0,
      "distance" : 52.0,
      "steps" : 105
    } ],
    "lastUpdate" : "20170202T230404Z"
  }, {
    "type" : "move",
    "startTime" : "20170202T174949-0500",
    "endTime" : "20170202T175611-0500",
    "activities" : [ {
      "activity" : "walking",
      "group" : "walking",
      "manual" : false,
      "startTime" : "20170202T174949-0500",
      "endTime" : "20170202T175611-0500",
      "duration" : 382.0,
      "distance" : 375.0,
      "steps" : 520
    } ],
    "lastUpdate" : "20170202T230404Z"
  }, {
    "type" : "place",
    "startTime" : "20170202T175611-0500",
    "endTime" : "20170202T192221-0500",
    "activities" : [ {
      "activity" : "walking",
      "group" : "walking",
      "manual" : false,
      "startTime" : "20170202T175618-0500",
      "endTime" : "20170202T175703-0500",
      "duration" : 45.0,
      "distance" : 34.0,
      "steps" : 69
    }, {
      "activity" : "walking",
      "group" : "walking",
      "manual" : false,
      "startTime" : "20170202T191415-0500",
      "endTime" : "20170202T191617-0500",
      "duration" : 122.0,
      "distance" : 135.0,
      "steps" : 180
    } ],
    "lastUpdate" : "20170203T003817Z"
  }, {
    "type" : "move",
    "startTime" : "20170202T192221-0500",
    "endTime" : "20170202T193035-0500",
    "activities" : [ {
      "activity" : "walking",
      "group" : "walking",
      "manual" : false,
      "startTime" : "20170202T192221-0500",
      "endTime" : "20170202T193035-0500",
      "duration" : 494.0,
      "distance" : 437.0,
      "steps" : 641
    } ],
    "lastUpdate" : "20170203T003817Z"
  }, {
    "type" : "place",
    "startTime" : "20170202T193035-0500",
    "endTime" : "20170202T230157-0500",
    "activities" : [ {
      "activity" : "walking",
      "group" : "walking",
      "manual" : false,
      "startTime" : "20170202T193055-0500",
      "endTime" : "20170202T193620-0500",
      "duration" : 325.0,
      "distance" : 366.0,
      "steps" : 488
    }, {
      "activity" : "walking",
      "group" : "walking",
      "manual" : false,
      "startTime" : "20170202T212645-0500",
      "endTime" : "20170202T212714-0500",
      "duration" : 29.0,
      "distance" : 14.0,
      "steps" : 0
    }, {
      "activity" : "walking",
      "group" : "walking",
      "manual" : false,
      "startTime" : "20170202T220106-0500",
      "endTime" : "20170202T220354-0500",
      "duration" : 168.0,
      "distance" : 156.0,
      "steps" : 208
    }, {
      "activity" : "walking",
      "group" : "walking",
      "manual" : false,
      "startTime" : "20170202T230000-0500",
      "endTime" : "20170202T230025-0500",
      "duration" : 25.0,
      "distance" : 14.0,
      "steps" : 29
    } ],
    "lastUpdate" : "20170203T053623Z"
  }, {
    "type" : "move",
    "startTime" : "20170202T230157-0500",
    "endTime" : "20170202T231437-0500",
    "activities" : [ {
      "activity" : "walking",
      "group" : "walking",
      "manual" : false,
      "startTime" : "20170202T230157-0500",
      "endTime" : "20170202T231436-0500",
      "duration" : 759.0,
      "distance" : 881.0,
      "steps" : 1411
    } ],
    "lastUpdate" : "20170203T053623Z"
  }, {
    "type" : "place",
    "startTime" : "20170202T231437-0500",
    "endTime" : "20170203T000957-0500",
    "activities" : [ {
      "activity" : "walking",
      "group" : "walking",
      "manual" : false,
      "startTime" : "20170202T231437-0500",
      "endTime" : "20170202T231625-0500",
      "duration" : 108.0,
      "distance" : 81.0,
      "steps" : 162
    } ],
    "lastUpdate" : "20170203T053623Z"
  } ],
  "lastUpdate" : "20170203T053623Z"
} ]