[ {
  "date" : "20170205",
  "summary" : [ {
    "activity" : "transport",
    "group" : "transport",
    "duration" : 9791.0,
    "distance" : 68334.0
  }, {
    "activity" : "walking",
    "group" : "walking",
    "duration" : 3778.0,
    "distance" : 3825.0,
    "steps" : 6071
  } ],
  "segments" : [ {
    "type" : "move",
    "startTime" : "20170204T234202-0500",
    "endTime" : "20170205T001247-0500",
    "activities" : [ {
      "activity" : "transport",
      "group" : "transport",
      "manual" : false,
      "startTime" : "20170205T000000-0500",
      "endTime" : "20170205T001247-0500",
      "duration" : 767.0,
      "distance" : 4802.0
    } ],
    "lastUpdate" : "20170205T060512Z"
  }, {
    "type" : "place",
    "startTime" : "20170205T001248-0500",
    "endTime" : "20170205T020200-0500",
    "activities" : [ {
      "activity" : "walking",
      "group" : "walking",
      "manual" : false,
      "startTime" : "20170205T001254-0500",
      "endTime" : "20170205T001511-0500",
      "duration" : 137.0,
      "distance" : 155.0,
      "steps" : 207
    }, {
      "activity" : "walking",
      "group" : "walking",
      "manual" : false,
      "startTime" : "20170205T010228-0500",
      "endTime" : "20170205T010313-0500",
      "duration" : 45.0,
      "distance" : 33.0,
      "steps" : 67
    } ],
    "lastUpdate" : "20170205T073704Z"
  }, {
    "type" : "move",
    "startTime" : "20170205T020200-0500",
    "endTime" : "20170205T020854-0500",
    "activities" : [ {
      "activity" : "walking",
      "group" : "walking",
      "manual" : false,
      "startTime" : "20170205T020200-0500",
      "endTime" : "20170205T020854-0500",
      "duration" : 414.0,
      "distance" : 451.0,
      "steps" : 750
    } ],
    "lastUpdate" : "20170205T073704Z"
  }, {
    "type" : "place",
    "startTime" : "20170205T020854-0500",
    "endTime" : "20170205T022238-0500",
    "activities" : [ {
      "activity" : "walking",
      "group" : "walking",
      "manual" : false,
      "startTime" : "20170205T020854-0500",
      "endTime" : "20170205T021026-0500",
      "duration" : 92.0,
      "distance" : 69.0,
      "steps" : 138
    } ],
    "lastUpdate" : "20170205T091126Z"
  }, {
    "type" : "move",
    "startTime" : "20170205T022238-0500",
    "endTime" : "20170205T023613-0500",
    "activities" : [ {
      "activity" : "transport",
      "group" : "transport",
      "manual" : false,
      "startTime" : "20170205T022238-0500",
      "endTime" : "20170205T023613-0500",
      "duration" : 815.0,
      "distance" : 6322.0
    } ],
    "lastUpdate" : "20170205T091126Z"
  }, {
    "type" : "place",
    "startTime" : "20170205T023613-0500",
    "endTime" : "20170205T024728-0500",
    "activities" : [ {
      "activity" : "walking",
      "group" : "walking",
      "manual" : false,
      "startTime" : "20170205T023613-0500",
      "endTime" : "20170205T023807-0500",
      "duration" : 114.0,
      "distance" : 86.0,
      "steps" : 172
    } ],
    "lastUpdate" : "20170205T091126Z"
  }, {
    "type" : "move",
    "startTime" : "20170205T024728-0500",
    "endTime" : "20170205T030054-0500",
    "activities" : [ {
      "activity" : "transport",
      "group" : "transport",
      "manual" : false,
      "startTime" : "20170205T024728-0500",
      "endTime" : "20170205T030054-0500",
      "duration" : 806.0,
      "distance" : 3306.0
    } ],
    "lastUpdate" : "20170205T091126Z"
  }, {
    "type" : "place",
    "startTime" : "20170205T030055-0500",
    "endTime" : "20170205T045628-0500",
    "activities" : [ {
      "activity" : "walking",
      "group" : "walking",
      "manual" : false,
      "startTime" : "20170205T030055-0500",
      "endTime" : "20170205T030419-0500",
      "duration" : 204.0,
      "distance" : 230.0,
      "steps" : 307
    }, {
      "activity" : "walking",
      "group" : "walking",
      "manual" : false,
      "startTime" : "20170205T045107-0500",
      "endTime" : "20170205T045247-0500",
      "duration" : 100.0,
      "distance" : 73.0,
      "steps" : 147
    } ],
    "lastUpdate" : "20170205T104552Z"
  }, {
    "type" : "move",
    "startTime" : "20170205T045628-0500",
    "endTime" : "20170205T051901-0500",
    "activities" : [ {
      "activity" : "transport",
      "group" : "transport",
      "manual" : false,
      "startTime" : "20170205T045628-0500",
      "endTime" : "20170205T051901-0500",
      "duration" : 1353.0,
      "distance" : 11605.0
    } ],
    "lastUpdate" : "20170205T104552Z"
  }, {
    "type" : "place",
    "startTime" : "20170205T051901-0500",
    "endTime" : "20170205T161104-0500",
    "activities" : [ {
      "activity" : "walking",
      "group" : "walking",
      "manual" : false,
      "startTime" : "20170205T051933-0500",
      "endTime" : "20170205T052131-0500",
      "duration" : 118.0,
      "distance" : 89.0,
      "steps" : 178
    }, {
      "activity" : "walking",
      "group" : "walking",
      "manual" : false,
      "startTime" : "20170205T083129-0500",
      "endTime" : "20170205T083152-0500",
      "duration" : 23.0,
      "distance" : 17.0,
      "steps" : 34
    }, {
      "activity" : "walking",
      "group" : "walking",
      "manual" : false,
      "startTime" : "20170205T131046-0500",
      "endTime" : "20170205T131106-0500",
      "duration" : 20.0,
      "distance" : 15.0,
      "steps" : 30
    } ],
    "lastUpdate" : "20170205T213300Z"
  }, {
    "type" : "move",
    "startTime" : "20170205T161104-0500",
    "endTime" : "20170205T161824-0500",
    "activities" : [ {
      "activity" : "walking",
      "group" : "walking",
      "manual" : false,
      "startTime" : "20170205T161104-0500",
      "endTime" : "20170205T161824-0500",
      "duration" : 440.0,
      "distance" : 450.0,
      "steps" : 716
    } ],
    "lastUpdate" : "20170205T213300Z"
  }, {
    "type" : "move",
    "startTime" : "20170205T161824-0500",
    "endTime" : "20170205T164753-0500",
    "activities" : [ {
      "activity" : "transport",
      "group" : "transport",
      "manual" : false,
      "startTime" : "20170205T161824-0500",
      "endTime" : "20170205T163815-0500",
      "duration" : 1191.0,
      "distance" : 6961.0
    }, {
      "activity" : "walking",
      "group" : "walking",
      "manual" : false,
      "startTime" : "20170205T163815-0500",
      "endTime" : "20170205T164045-0500",
      "duration" : 150.0,
      "distance" : 148.0,
      "steps" : 296
    }, {
      "activity" : "transport",
      "group" : "transport",
      "manual" : false,
      "startTime" : "20170205T164045-0500",
      "endTime" : "20170205T164545-0500",
      "duration" : 300.0,
      "distance" : 1740.0
    }, {
      "activity" : "walking",
      "group" : "walking",
      "manual" : false,
      "startTime" : "20170205T164546-0500",
      "endTime" : "20170205T164753-0500",
      "duration" : 127.0,
      "distance" : 124.0,
      "steps" : 249
    } ],
    "lastUpdate" : "20170205T230609Z"
  }, {
    "type" : "move",
    "startTime" : "20170205T165209-0500",
    "endTime" : "20170205T165718-0500",
    "activities" : [ {
      "activity" : "walking",
      "group" : "walking",
      "manual" : false,
      "startTime" : "20170205T165209-0500",
      "endTime" : "20170205T165718-0500",
      "duration" : 309.0,
      "distance" : 334.0,
      "steps" : 505
    } ],
    "lastUpdate" : "20170205T230609Z"
  }, {
    "type" : "place",
    "startTime" : "20170205T165719-0500",
    "endTime" : "20170205T170338-0500",
    "activities" : [ {
      "activity" : "walking",
      "group" : "walking",
      "manual" : false,
      "startTime" : "20170205T165719-0500",
      "endTime" : "20170205T165726-0500",
      "duration" : 7.0,
      "distance" : 5.0,
      "steps" : 11
    }, {
      "activity" : "walking",
      "group" : "walking",
      "manual" : false,
      "startTime" : "20170205T170312-0500",
      "endTime" : "20170205T170314-0500",
      "duration" : 2.0,
      "distance" : 2.0,
      "steps" : 4
    } ],
    "lastUpdate" : "20170205T230609Z"
  }, {
    "type" : "move",
    "startTime" : "20170205T170338-0500",
    "endTime" : "20170205T173927-0500",
    "activities" : [ {
      "activity" : "transport",
      "group" : "transport",
      "manual" : false,
      "startTime" : "20170205T170338-0500",
      "endTime" : "20170205T171146-0500",
      "duration" : 488.0,
      "distance" : 3101.0
    }, {
      "activity" : "walking",
      "group" : "walking",
      "manual" : false,
      "startTime" : "20170205T171147-0500",
      "endTime" : "20170205T171517-0500",
      "duration" : 210.0,
      "distance" : 212.0,
      "steps" : 368
    }, {
      "activity" : "transport",
      "group" : "transport",
      "manual" : false,
      "startTime" : "20170205T171517-0500",
      "endTime" : "20170205T173927-0500",
      "duration" : 1450.0,
      "distance" : 12035.0
    } ],
    "lastUpdate" : "20170205T230609Z"
  }, {
    "type" : "place",
    "startTime" : "20170205T173927-0500",
    "endTime" : "20170205T174146-0500",
    "activities" : [ {
      "activity" : "walking",
      "group" : "walking",
      "manual" : false,
      "startTime" : "20170205T173927-0500",
      "endTime" : "20170205T174035-0500",
      "duration" : 68.0,
      "distance" : 51.0,
      "steps" : 103
    } ],
    "lastUpdate" : "20170205T230609Z"
  }, {
    "type" : "move",
    "startTime" : "20170205T174146-0500",
    "endTime" : "20170205T175022-0500",
    "activities" : [ {
      "activity" : "walking",
      "group" : "walking",
      "manual" : false,
      "startTime" : "20170205T174146-0500",
      "endTime" : "20170205T175021-0500",
      "duration" : 515.0,
      "distance" : 479.0,
      "steps" : 724
    } ],
    "lastUpdate" : "20170205T230609Z"
  }, {
    "type" : "place",
    "startTime" : "20170205T175022-0500",
    "endTime" : "20170205T225244-0500",
    "activities" : [ {
      "activity" : "walking",
      "group" : "walking",
      "manual" : false,
      "startTime" : "20170205T175030-0500",
      "endTime" : "20170205T175039-0500",
      "duration" : 9.0,
      "distance" : 7.0,
      "steps" : 15
    }, {
      "activity" : "walking",
      "group" : "walking",
      "manual" : false,
      "startTime" : "20170205T183740-0500",
      "endTime" : "20170205T183744-0500",
      "duration" : 4.0,
      "distance" : 3.0,
      "steps" : 6
    }, {
      "activity" : "walking",
      "group" : "walking",
      "manual" : false,
      "startTime" : "20170205T194545-0500",
      "endTime" : "20170205T194550-0500",
      "duration" : 5.0,
      "distance" : 4.0,
      "steps" : 8
    }, {
      "activity" : "walking",
      "group" : "walking",
      "manual" : false,
      "startTime" : "20170205T210501-0500",
      "endTime" : "20170205T210514-0500",
      "duration" : 13.0,
      "distance" : 9.0,
      "steps" : 19
    }, {
      "activity" : "walking",
      "group" : "walking",
      "manual" : false,
      "startTime" : "20170205T223515-0500",
      "endTime" : "20170205T224034-0500",
      "duration" : 319.0,
      "distance" : 358.0,
      "steps" : 478
    } ],
    "lastUpdate" : "20170206T051809Z"
  }, {
    "type" : "move",
    "startTime" : "20170205T225244-0500",
    "endTime" : "20170205T225355-0500",
    "activities" : [ {
      "activity" : "walking",
      "group" : "walking",
      "manual" : false,
      "startTime" : "20170205T225244-0500",
      "endTime" : "20170205T225355-0500",
      "duration" : 71.0,
      "distance" : 175.0,
      "steps" : 146
    } ],
    "lastUpdate" : "20170206T051809Z"
  }, {
    "type" : "place",
    "startTime" : "20170205T225355-0500",
    "endTime" : "20170205T230623-0500",
    "activities" : [ {
      "activity" : "walking",
      "group" : "walking",
      "manual" : false,
      "startTime" : "20170205T225355-0500",
      "endTime" : "20170205T225610-0500",
      "duration" : 135.0,
      "distance" : 152.0,
      "steps" : 203
    }, {
      "activity" : "walking",
      "group" : "walking",
      "manual" : false,
      "startTime" : "20170205T230614-0500",
      "endTime" : "20170205T230622-0500",
      "duration" : 8.0,
      "distance" : 5.0,
      "steps" : 11
    } ],
    "lastUpdate" : "20170206T051809Z"
  }, {
    "type" : "move",
    "startTime" : "20170205T230623-0500",
    "endTime" : "20170205T233816-0500",
    "activities" : [ {
      "activity" : "transport",
      "group" : "transport",
      "manual" : false,
      "startTime" : "20170205T230623-0500",
      "endTime" : "20170205T233815-0500",
      "duration" : 1912.0,
      "distance" : 14622.0
    } ],
    "lastUpdate" : "20170206T051809Z"
  }, {
    "type" : "place",
    "startTime" : "20170205T233816-0500",
    "endTime" : "20170205T234810-0500",
    "activities" : [ {
      "activity" : "walking",
      "group" : "walking",
      "manual" : false,
      "startTime" : "20170205T233816-0500",
      "endTime" : "20170205T234015-0500",
      "duration" : 119.0,
      "distance" : 89.0,
      "steps" : 179
    } ],
    "lastUpdate" : "20170206T064846Z"
  }, {
    "type" : "move",
    "startTime" : "20170205T234810-0500",
    "endTime" : "20170206T001857-0500",
    "activities" : [ {
      "activity" : "transport",
      "group" : "transport",
      "manual" : false,
      "startTime" : "20170205T234810-0500",
      "endTime" : "20170205T235959-0500",
      "duration" : 709.0,
      "distance" : 3840.0
    } ],
    "lastUpdate" : "20170206T064846Z"
  } ],
  "lastUpdate" : "20170206T064846Z"
} ]