[ {
  "date" : "20170201",
  "summary" : [ {
    "activity" : "walking",
    "group" : "walking",
    "duration" : 6617.0,
    "distance" : 6944.0,
    "steps" : 10196
  }, {
    "activity" : "transport",
    "group" : "transport",
    "duration" : 4186.0,
    "distance" : 28371.0
  } ],
  "segments" : [ {
    "type" : "move",
    "startTime" : "20170131T235224-0500",
    "endTime" : "20170201T001155-0500",
    "activities" : [ {
      "activity" : "walking",
      "group" : "walking",
      "manual" : false,
      "startTime" : "20170201T000000-0500",
      "endTime" : "20170201T001155-0500",
      "duration" : 715.0,
      "distance" : 796.0,
      "steps" : 1039
    } ],
    "lastUpdate" : "20170201T065435Z"
  }, {
    "type" : "place",
    "startTime" : "20170201T001156-0500",
    "endTime" : "20170201T001746-0500",
    "activities" : [ {
      "activity" : "walking",
      "group" : "walking",
      "manual" : false,
      "startTime" : "20170201T001156-0500",
      "endTime" : "20170201T001201-0500",
      "duration" : 5.0,
      "distance" : 3.0,
      "steps" : 7
    } ],
    "lastUpdate" : "20170201T065435Z"
  }, {
    "type" : "move",
    "startTime" : "20170201T001746-0500",
    "endTime" : "20170201T005128-0500",
    "activities" : [ {
      "activity" : "transport",
      "group" : "transport",
      "manual" : false,
      "startTime" : "20170201T001746-0500",
      "endTime" : "20170201T004418-0500",
      "duration" : 1592.0,
      "distance" : 9441.0
    }, {
      "activity" : "walking",
      "group" : "walking",
      "manual" : false,
      "startTime" : "20170201T004419-0500",
      "endTime" : "20170201T005127-0500",
      "duration" : 428.0,
      "distance" : 466.0,
      "steps" : 732
    } ],
    "lastUpdate" : "20170201T065435Z"
  }, {
    "type" : "place",
    "startTime" : "20170201T005128-0500",
    "endTime" : "20170201T071628-0500",
    "activities" : [ {
      "activity" : "walking",
      "group" : "walking",
      "manual" : false,
      "startTime" : "20170201T005128-0500",
      "endTime" : "20170201T005149-0500",
      "duration" : 21.0,
      "distance" : 15.0,
      "steps" : 31
    } ],
    "lastUpdate" : "20170201T130829Z"
  }, {
    "type" : "move",
    "startTime" : "20170201T071628-0500",
    "endTime" : "20170201T074611-0500",
    "activities" : [ {
      "activity" : "walking",
      "group" : "walking",
      "manual" : false,
      "startTime" : "20170201T071628-0500",
      "endTime" : "20170201T072337-0500",
      "duration" : 429.0,
      "distance" : 415.0,
      "steps" : 783
    }, {
      "activity" : "transport",
      "group" : "transport",
      "manual" : false,
      "startTime" : "20170201T072337-0500",
      "endTime" : "20170201T073607-0500",
      "duration" : 750.0,
      "distance" : 5744.0
    }, {
      "activity" : "walking",
      "group" : "walking",
      "manual" : false,
      "startTime" : "20170201T073608-0500",
      "endTime" : "20170201T073838-0500",
      "duration" : 150.0,
      "distance" : 81.0,
      "steps" : 163
    }, {
      "activity" : "transport",
      "group" : "transport",
      "manual" : false,
      "startTime" : "20170201T073838-0500",
      "endTime" : "20170201T074138-0500",
      "duration" : 180.0,
      "distance" : 1226.0
    }, {
      "activity" : "walking",
      "group" : "walking",
      "manual" : false,
      "startTime" : "20170201T074138-0500",
      "endTime" : "20170201T074611-0500",
      "duration" : 273.0,
      "distance" : 314.0,
      "steps" : 455
    } ],
    "lastUpdate" : "20170201T130829Z"
  }, {
    "type" : "place",
    "startTime" : "20170201T074612-0500",
    "endTime" : "20170201T091012-0500",
    "activities" : [ {
      "activity" : "walking",
      "group" : "walking",
      "manual" : false,
      "startTime" : "20170201T074612-0500",
      "endTime" : "20170201T074648-0500",
      "duration" : 36.0,
      "distance" : 27.0,
      "steps" : 55
    }, {
      "activity" : "walking",
      "group" : "walking",
      "manual" : false,
      "startTime" : "20170201T090709-0500",
      "endTime" : "20170201T090736-0500",
      "duration" : 27.0,
      "distance" : 19.0,
      "steps" : 39
    } ],
    "lastUpdate" : "20170201T144310Z"
  }, {
    "type" : "move",
    "startTime" : "20170201T091012-0500",
    "endTime" : "20170201T091722-0500",
    "activities" : [ {
      "activity" : "walking",
      "group" : "walking",
      "manual" : false,
      "startTime" : "20170201T091012-0500",
      "endTime" : "20170201T091721-0500",
      "duration" : 429.0,
      "distance" : 384.0,
      "steps" : 639
    } ],
    "lastUpdate" : "20170201T144310Z"
  }, {
    "type" : "place",
    "startTime" : "20170201T091722-0500",
    "endTime" : "20170201T094122-0500",
    "activities" : [ {
      "activity" : "walking",
      "group" : "walking",
      "manual" : false,
      "startTime" : "20170201T093435-0500",
      "endTime" : "20170201T093440-0500",
      "duration" : 5.0,
      "distance" : 4.0,
      "steps" : 9
    } ],
    "lastUpdate" : "20170201T161518Z"
  }, {
    "type" : "place",
    "startTime" : "20170201T094122-0500",
    "endTime" : "20170201T095053-0500",
    "activities" : [ {
      "activity" : "walking",
      "group" : "walking",
      "manual" : false,
      "startTime" : "20170201T094252-0500",
      "endTime" : "20170201T094822-0500",
      "duration" : 330.0,
      "distance" : 371.0,
      "steps" : 495
    } ],
    "lastUpdate" : "20170201T161518Z"
  }, {
    "type" : "move",
    "startTime" : "20170201T095053-0500",
    "endTime" : "20170201T095539-0500",
    "activities" : [ {
      "activity" : "walking",
      "group" : "walking",
      "manual" : false,
      "startTime" : "20170201T095053-0500",
      "endTime" : "20170201T095538-0500",
      "duration" : 285.0,
      "distance" : 410.0,
      "steps" : 499
    } ],
    "lastUpdate" : "20170201T161518Z"
  }, {
    "type" : "place",
    "startTime" : "20170201T095539-0500",
    "endTime" : "20170201T135455-0500",
    "activities" : [ {
      "activity" : "walking",
      "group" : "walking",
      "manual" : false,
      "startTime" : "20170201T095539-0500",
      "endTime" : "20170201T095759-0500",
      "duration" : 140.0,
      "distance" : 158.0,
      "steps" : 211
    }, {
      "activity" : "walking",
      "group" : "walking",
      "manual" : false,
      "startTime" : "20170201T100451-0500",
      "endTime" : "20170201T100656-0500",
      "duration" : 125.0,
      "distance" : 138.0,
      "steps" : 184
    }, {
      "activity" : "walking",
      "group" : "walking",
      "manual" : false,
      "startTime" : "20170201T112859-0500",
      "endTime" : "20170201T113032-0500",
      "duration" : 93.0,
      "distance" : 52.0,
      "steps" : 104
    }, {
      "activity" : "walking",
      "group" : "walking",
      "manual" : false,
      "startTime" : "20170201T133312-0500",
      "endTime" : "20170201T133612-0500",
      "duration" : 180.0,
      "distance" : 201.0,
      "steps" : 268
    } ],
    "lastUpdate" : "20170201T192151Z"
  }, {
    "type" : "move",
    "startTime" : "20170201T135455-0500",
    "endTime" : "20170201T140803-0500",
    "activities" : [ {
      "activity" : "walking",
      "group" : "walking",
      "manual" : false,
      "startTime" : "20170201T135455-0500",
      "endTime" : "20170201T140803-0500",
      "duration" : 788.0,
      "distance" : 927.0,
      "steps" : 1269
    } ],
    "lastUpdate" : "20170201T192151Z"
  }, {
    "type" : "place",
    "startTime" : "20170201T140803-0500",
    "endTime" : "20170201T144815-0500",
    "activities" : [ {
      "activity" : "walking",
      "group" : "walking",
      "manual" : false,
      "startTime" : "20170201T140803-0500",
      "endTime" : "20170201T140823-0500",
      "duration" : 20.0,
      "distance" : 15.0,
      "steps" : 30
    } ],
    "lastUpdate" : "20170201T205208Z"
  }, {
    "type" : "move",
    "startTime" : "20170201T144815-0500",
    "endTime" : "20170201T145652-0500",
    "activities" : [ {
      "activity" : "walking",
      "group" : "walking",
      "manual" : false,
      "startTime" : "20170201T144815-0500",
      "endTime" : "20170201T145651-0500",
      "duration" : 516.0,
      "distance" : 436.0,
      "steps" : 753
    } ],
    "lastUpdate" : "20170201T205208Z"
  }, {
    "type" : "place",
    "startTime" : "20170201T145652-0500",
    "endTime" : "20170201T214704-0500",
    "activities" : [ {
      "activity" : "walking",
      "group" : "walking",
      "manual" : false,
      "startTime" : "20170201T145652-0500",
      "endTime" : "20170201T145726-0500",
      "duration" : 34.0,
      "distance" : 25.0,
      "steps" : 51
    }, {
      "activity" : "walking",
      "group" : "walking",
      "manual" : false,
      "startTime" : "20170201T150035-0500",
      "endTime" : "20170201T150036-0500",
      "duration" : 1.0,
      "distance" : 1.0,
      "steps" : 2
    }, {
      "activity" : "walking",
      "group" : "walking",
      "manual" : false,
      "startTime" : "20170201T164736-0500",
      "endTime" : "20170201T164805-0500",
      "duration" : 29.0,
      "distance" : 14.0,
      "steps" : 0
    }, {
      "activity" : "walking",
      "group" : "walking",
      "manual" : false,
      "startTime" : "20170201T181541-0500",
      "endTime" : "20170201T181657-0500",
      "duration" : 76.0,
      "distance" : 38.0,
      "steps" : 53
    }, {
      "activity" : "walking",
      "group" : "walking",
      "manual" : false,
      "startTime" : "20170201T201702-0500",
      "endTime" : "20170201T201919-0500",
      "duration" : 137.0,
      "distance" : 145.0,
      "steps" : 194
    }, {
      "activity" : "walking",
      "group" : "walking",
      "manual" : false,
      "startTime" : "20170201T210238-0500",
      "endTime" : "20170201T210755-0500",
      "duration" : 317.0,
      "distance" : 323.0,
      "steps" : 431
    } ],
    "lastUpdate" : "20170202T030130Z"
  }, {
    "type" : "move",
    "startTime" : "20170201T214704-0500",
    "endTime" : "20170201T215827-0500",
    "activities" : [ {
      "activity" : "walking",
      "group" : "walking",
      "manual" : false,
      "startTime" : "20170201T214704-0500",
      "endTime" : "20170201T215827-0500",
      "duration" : 683.0,
      "distance" : 749.0,
      "steps" : 1102
    } ],
    "lastUpdate" : "20170202T030130Z"
  }, {
    "type" : "place",
    "startTime" : "20170201T215827-0500",
    "endTime" : "20170201T220732-0500",
    "activities" : [ {
      "activity" : "walking",
      "group" : "walking",
      "manual" : false,
      "startTime" : "20170201T215908-0500",
      "endTime" : "20170201T215918-0500",
      "duration" : 10.0,
      "distance" : 8.0,
      "steps" : 16
    }, {
      "activity" : "walking",
      "group" : "walking",
      "manual" : false,
      "startTime" : "20170201T220639-0500",
      "endTime" : "20170201T220647-0500",
      "duration" : 8.0,
      "distance" : 6.0,
      "steps" : 12
    } ],
    "lastUpdate" : "20170202T043606Z"
  }, {
    "type" : "move",
    "startTime" : "20170201T220732-0500",
    "endTime" : "20170201T223800-0500",
    "activities" : [ {
      "activity" : "transport",
      "group" : "transport",
      "manual" : false,
      "startTime" : "20170201T220732-0500",
      "endTime" : "20170201T223516-0500",
      "duration" : 1664.0,
      "distance" : 11960.0
    }, {
      "activity" : "walking",
      "group" : "walking",
      "manual" : false,
      "startTime" : "20170201T223517-0500",
      "endTime" : "20170201T223759-0500",
      "duration" : 162.0,
      "distance" : 234.0,
      "steps" : 322
    } ],
    "lastUpdate" : "20170202T043606Z"
  }, {
    "type" : "place",
    "startTime" : "20170201T223800-0500",
    "endTime" : "20170202T095212-0500",
    "activities" : [ {
      "activity" : "walking",
      "group" : "walking",
      "manual" : false,
      "startTime" : "20170201T223810-0500",
      "endTime" : "20170201T223853-0500",
      "duration" : 43.0,
      "distance" : 33.0,
      "steps" : 66
    }, {
      "activity" : "walking",
      "group" : "walking",
      "manual" : false,
      "startTime" : "20170201T235549-0500",
      "endTime" : "20170201T235751-0500",
      "duration" : 122.0,
      "distance" : 136.0,
      "steps" : 182
    } ],
    "lastUpdate" : "20170202T165453Z"
  } ],
  "lastUpdate" : "20170202T165453Z"
} ]