[ {
  "date" : "20170210",
  "summary" : [ {
    "activity" : "walking",
    "group" : "walking",
    "duration" : 4380.0,
    "distance" : 5370.0,
    "steps" : 6717
  }, {
    "activity" : "transport",
    "group" : "transport",
    "duration" : 1120.0,
    "distance" : 6846.0
  } ],
  "segments" : [ {
    "type" : "place",
    "startTime" : "20170209T193824-0500",
    "endTime" : "20170210T100510-0500",
    "activities" : [ {
      "activity" : "walking",
      "group" : "walking",
      "manual" : false,
      "startTime" : "20170210T000413-0500",
      "endTime" : "20170210T000417-0500",
      "duration" : 4.0,
      "distance" : 3.0,
      "steps" : 6
    }, {
      "activity" : "walking",
      "group" : "walking",
      "manual" : false,
      "startTime" : "20170210T094723-0500",
      "endTime" : "20170210T094746-0500",
      "duration" : 23.0,
      "distance" : 16.0,
      "steps" : 32
    }, {
      "activity" : "walking",
      "group" : "walking",
      "manual" : false,
      "startTime" : "20170210T100027-0500",
      "endTime" : "20170210T100441-0500",
      "duration" : 254.0,
      "distance" : 284.0,
      "steps" : 379
    } ],
    "lastUpdate" : "20170210T164036Z"
  }, {
    "type" : "move",
    "startTime" : "20170210T100510-0500",
    "endTime" : "20170210T103743-0500",
    "activities" : [ {
      "activity" : "walking",
      "group" : "walking",
      "manual" : false,
      "startTime" : "20170210T100510-0500",
      "endTime" : "20170210T100922-0500",
      "duration" : 252.0,
      "distance" : 399.0,
      "steps" : 357
    }, {
      "activity" : "transport",
      "group" : "transport",
      "manual" : false,
      "startTime" : "20170210T100922-0500",
      "endTime" : "20170210T102802-0500",
      "duration" : 1120.0,
      "distance" : 6846.0
    }, {
      "activity" : "walking",
      "group" : "walking",
      "manual" : false,
      "startTime" : "20170210T102803-0500",
      "endTime" : "20170210T103743-0500",
      "duration" : 580.0,
      "distance" : 683.0,
      "steps" : 973
    } ],
    "lastUpdate" : "20170210T164036Z"
  }, {
    "type" : "place",
    "startTime" : "20170210T103743-0500",
    "endTime" : "20170210T150320-0500",
    "activities" : [ {
      "activity" : "walking",
      "group" : "walking",
      "manual" : false,
      "startTime" : "20170210T103834-0500",
      "endTime" : "20170210T103834-0500",
      "duration" : 0.0,
      "distance" : 0.0,
      "steps" : 0
    }, {
      "activity" : "walking",
      "group" : "walking",
      "manual" : false,
      "startTime" : "20170210T120019-0500",
      "endTime" : "20170210T120051-0500",
      "duration" : 32.0,
      "distance" : 25.0,
      "steps" : 50
    }, {
      "activity" : "walking",
      "group" : "walking",
      "manual" : false,
      "startTime" : "20170210T135029-0500",
      "endTime" : "20170210T135631-0500",
      "duration" : 362.0,
      "distance" : 405.0,
      "steps" : 541
    }, {
      "activity" : "walking",
      "group" : "walking",
      "manual" : false,
      "startTime" : "20170210T140051-0500",
      "endTime" : "20170210T140445-0500",
      "duration" : 234.0,
      "distance" : 262.0,
      "steps" : 350
    } ],
    "lastUpdate" : "20170210T211943Z"
  }, {
    "type" : "move",
    "startTime" : "20170210T150320-0500",
    "endTime" : "20170210T151216-0500",
    "activities" : [ {
      "activity" : "walking",
      "group" : "walking",
      "manual" : false,
      "startTime" : "20170210T150320-0500",
      "endTime" : "20170210T151215-0500",
      "duration" : 535.0,
      "distance" : 936.0,
      "steps" : 780
    } ],
    "lastUpdate" : "20170210T211943Z"
  }, {
    "type" : "place",
    "startTime" : "20170210T151216-0500",
    "endTime" : "20170210T180040-0500",
    "activities" : [ {
      "activity" : "walking",
      "group" : "walking",
      "manual" : false,
      "startTime" : "20170210T151216-0500",
      "endTime" : "20170210T151424-0500",
      "duration" : 128.0,
      "distance" : 144.0,
      "steps" : 192
    }, {
      "activity" : "walking",
      "group" : "walking",
      "manual" : false,
      "startTime" : "20170210T160000-0500",
      "endTime" : "20170210T160201-0500",
      "duration" : 121.0,
      "distance" : 119.0,
      "steps" : 159
    }, {
      "activity" : "walking",
      "group" : "walking",
      "manual" : false,
      "startTime" : "20170210T170419-0500",
      "endTime" : "20170210T170738-0500",
      "duration" : 199.0,
      "distance" : 191.0,
      "steps" : 255
    } ],
    "lastUpdate" : "20170211T002314Z"
  }, {
    "type" : "move",
    "startTime" : "20170210T180040-0500",
    "endTime" : "20170210T180624-0500",
    "activities" : [ {
      "activity" : "walking",
      "group" : "walking",
      "manual" : false,
      "startTime" : "20170210T180040-0500",
      "endTime" : "20170210T180624-0500",
      "duration" : 344.0,
      "distance" : 327.0,
      "steps" : 608
    } ],
    "lastUpdate" : "20170211T002314Z"
  }, {
    "type" : "place",
    "startTime" : "20170210T180624-0500",
    "endTime" : "20170210T182054-0500",
    "activities" : [ {
      "activity" : "walking",
      "group" : "walking",
      "manual" : false,
      "startTime" : "20170210T180624-0500",
      "endTime" : "20170210T180708-0500",
      "duration" : 44.0,
      "distance" : 33.0,
      "steps" : 66
    } ],
    "lastUpdate" : "20170211T002314Z"
  }, {
    "type" : "move",
    "startTime" : "20170210T182054-0500",
    "endTime" : "20170210T182504-0500",
    "activities" : [ {
      "activity" : "walking",
      "group" : "walking",
      "manual" : false,
      "startTime" : "20170210T182054-0500",
      "endTime" : "20170210T182504-0500",
      "duration" : 250.0,
      "distance" : 361.0,
      "steps" : 468
    } ],
    "lastUpdate" : "20170211T002314Z"
  }, {
    "type" : "place",
    "startTime" : "20170210T182504-0500",
    "endTime" : "20170210T182826-0500",
    "activities" : [ {
      "activity" : "walking",
      "group" : "walking",
      "manual" : false,
      "startTime" : "20170210T182504-0500",
      "endTime" : "20170210T182624-0500",
      "duration" : 80.0,
      "distance" : 60.0,
      "steps" : 120
    } ],
    "lastUpdate" : "20170211T002314Z"
  }, {
    "type" : "move",
    "startTime" : "20170210T182826-0500",
    "endTime" : "20170210T184237-0500",
    "activities" : [ {
      "activity" : "walking",
      "group" : "walking",
      "manual" : false,
      "startTime" : "20170210T182826-0500",
      "endTime" : "20170210T184237-0500",
      "duration" : 851.0,
      "distance" : 1075.0,
      "steps" : 1296
    } ],
    "lastUpdate" : "20170211T002314Z"
  }, {
    "type" : "place",
    "startTime" : "20170210T184237-0500",
    "endTime" : "20170211T004704-0500",
    "activities" : [ {
      "activity" : "walking",
      "group" : "walking",
      "manual" : false,
      "startTime" : "20170210T184237-0500",
      "endTime" : "20170210T184253-0500",
      "duration" : 16.0,
      "distance" : 12.0,
      "steps" : 25
    }, {
      "activity" : "walking",
      "group" : "walking",
      "manual" : false,
      "startTime" : "20170210T212701-0500",
      "endTime" : "20170210T212812-0500",
      "duration" : 71.0,
      "distance" : 35.0,
      "steps" : 60
    } ],
    "lastUpdate" : "20170211T063539Z"
  } ],
  "lastUpdate" : "20170211T063539Z"
} ]