[ {
  "date" : "20170209",
  "summary" : [ {
    "activity" : "walking",
    "group" : "walking",
    "duration" : 1306.0,
    "distance" : 1084.0,
    "steps" : 1720
  } ],
  "segments" : [ {
    "type" : "place",
    "startTime" : "20170208T234222-0500",
    "endTime" : "20170209T184505-0500",
    "activities" : [ {
      "activity" : "walking",
      "group" : "walking",
      "manual" : false,
      "startTime" : "20170209T000727-0500",
      "endTime" : "20170209T000829-0500",
      "duration" : 62.0,
      "distance" : 31.0,
      "steps" : 0
    }, {
      "activity" : "walking",
      "group" : "walking",
      "manual" : false,
      "startTime" : "20170209T103559-0500",
      "endTime" : "20170209T103652-0500",
      "duration" : 53.0,
      "distance" : 26.0,
      "steps" : 41
    }, {
      "activity" : "walking",
      "group" : "walking",
      "manual" : false,
      "startTime" : "20170209T110010-0500",
      "endTime" : "20170209T110034-0500",
      "duration" : 24.0,
      "distance" : 18.0,
      "steps" : 36
    }, {
      "activity" : "walking",
      "group" : "walking",
      "manual" : false,
      "startTime" : "20170209T123142-0500",
      "endTime" : "20170209T123217-0500",
      "duration" : 35.0,
      "distance" : 17.0,
      "steps" : 20
    }, {
      "activity" : "walking",
      "group" : "walking",
      "manual" : false,
      "startTime" : "20170209T152856-0500",
      "endTime" : "20170209T152909-0500",
      "duration" : 13.0,
      "distance" : 9.0,
      "steps" : 18
    }, {
      "activity" : "walking",
      "group" : "walking",
      "manual" : false,
      "startTime" : "20170209T183600-0500",
      "endTime" : "20170209T183620-0500",
      "duration" : 20.0,
      "distance" : 14.0,
      "steps" : 29
    } ],
    "lastUpdate" : "20170210T001132Z"
  }, {
    "type" : "move",
    "startTime" : "20170209T184505-0500",
    "endTime" : "20170209T184928-0500",
    "activities" : [ {
      "activity" : "walking",
      "group" : "walking",
      "manual" : false,
      "startTime" : "20170209T184505-0500",
      "endTime" : "20170209T184927-0500",
      "duration" : 262.0,
      "distance" : 376.0,
      "steps" : 448
    } ],
    "lastUpdate" : "20170210T001132Z"
  }, {
    "type" : "place",
    "startTime" : "20170209T184928-0500",
    "endTime" : "20170209T190014-0500",
    "activities" : [ {
      "activity" : "walking",
      "group" : "walking",
      "manual" : false,
      "startTime" : "20170209T184928-0500",
      "endTime" : "20170209T185021-0500",
      "duration" : 53.0,
      "distance" : 40.0,
      "steps" : 80
    } ],
    "lastUpdate" : "20170210T001132Z"
  }, {
    "type" : "place",
    "startTime" : "20170209T190014-0500",
    "endTime" : "20170209T190144-0500",
    "activities" : [ {
      "activity" : "walking",
      "group" : "walking",
      "manual" : false,
      "startTime" : "20170209T190014-0500",
      "endTime" : "20170209T190029-0500",
      "duration" : 15.0,
      "distance" : 12.0,
      "steps" : 24
    } ],
    "lastUpdate" : "20170210T014138Z"
  }, {
    "type" : "move",
    "startTime" : "20170209T190144-0500",
    "endTime" : "20170209T190601-0500",
    "activities" : [ {
      "activity" : "walking",
      "group" : "walking",
      "manual" : false,
      "startTime" : "20170209T190144-0500",
      "endTime" : "20170209T190601-0500",
      "duration" : 257.0,
      "distance" : 222.0,
      "steps" : 385
    } ],
    "lastUpdate" : "20170210T014138Z"
  }, {
    "type" : "place",
    "startTime" : "20170209T190601-0500",
    "endTime" : "20170209T193053-0500",
    "activities" : [ {
      "activity" : "walking",
      "group" : "walking",
      "manual" : false,
      "startTime" : "20170209T190601-0500",
      "endTime" : "20170209T190634-0500",
      "duration" : 33.0,
      "distance" : 25.0,
      "steps" : 50
    } ],
    "lastUpdate" : "20170210T014138Z"
  }, {
    "type" : "move",
    "startTime" : "20170209T193053-0500",
    "endTime" : "20170209T193823-0500",
    "activities" : [ {
      "activity" : "walking",
      "group" : "walking",
      "manual" : false,
      "startTime" : "20170209T193053-0500",
      "endTime" : "20170209T193823-0500",
      "duration" : 450.0,
      "distance" : 273.0,
      "steps" : 546
    } ],
    "lastUpdate" : "20170210T014138Z"
  }, {
    "type" : "place",
    "startTime" : "20170209T193824-0500",
    "endTime" : "20170210T100510-0500",
    "activities" : [ {
      "activity" : "walking",
      "group" : "walking",
      "manual" : false,
      "startTime" : "20170209T195220-0500",
      "endTime" : "20170209T195236-0500",
      "duration" : 16.0,
      "distance" : 12.0,
      "steps" : 25
    }, {
      "activity" : "walking",
      "group" : "walking",
      "manual" : false,
      "startTime" : "20170209T202703-0500",
      "endTime" : "20170209T202716-0500",
      "duration" : 13.0,
      "distance" : 9.0,
      "steps" : 18
    } ],
    "lastUpdate" : "20170210T164036Z"
  } ],
  "lastUpdate" : "20170210T164036Z"
} ]