[ {
  "date" : "20170203",
  "summary" : [ {
    "activity" : "walking",
    "group" : "walking",
    "duration" : 6321.0,
    "distance" : 6564.0,
    "steps" : 9939
  }, {
    "activity" : "transport",
    "group" : "transport",
    "duration" : 5346.0,
    "distance" : 33463.0
  }, {
    "activity" : "running",
    "group" : "running",
    "duration" : 204.0,
    "distance" : 143.0,
    "steps" : 46
  } ],
  "segments" : [ {
    "type" : "place",
    "startTime" : "20170202T231437-0500",
    "endTime" : "20170203T000957-0500",
    "activities" : [ {
      "activity" : "walking",
      "group" : "walking",
      "manual" : false,
      "startTime" : "20170203T000000-0500",
      "endTime" : "20170203T000047-0500",
      "duration" : 47.0,
      "distance" : 28.0,
      "steps" : 57
    } ],
    "lastUpdate" : "20170203T053623Z"
  }, {
    "type" : "move",
    "startTime" : "20170203T000957-0500",
    "endTime" : "20170203T002144-0500",
    "activities" : [ {
      "activity" : "walking",
      "group" : "walking",
      "manual" : false,
      "startTime" : "20170203T000957-0500",
      "endTime" : "20170203T002144-0500",
      "duration" : 707.0,
      "distance" : 900.0,
      "steps" : 1112
    } ],
    "lastUpdate" : "20170203T053623Z"
  }, {
    "type" : "place",
    "startTime" : "20170203T002144-0500",
    "endTime" : "20170203T002509-0500",
    "activities" : [ {
      "activity" : "walking",
      "group" : "walking",
      "manual" : false,
      "startTime" : "20170203T002144-0500",
      "endTime" : "20170203T002245-0500",
      "duration" : 61.0,
      "distance" : 46.0,
      "steps" : 92
    } ],
    "lastUpdate" : "20170203T053623Z"
  }, {
    "type" : "move",
    "startTime" : "20170203T002509-0500",
    "endTime" : "20170203T002741-0500",
    "activities" : [ {
      "activity" : "walking",
      "group" : "walking",
      "manual" : false,
      "startTime" : "20170203T002509-0500",
      "endTime" : "20170203T002740-0500",
      "duration" : 151.0,
      "distance" : 212.0,
      "steps" : 284
    } ],
    "lastUpdate" : "20170203T053623Z"
  }, {
    "type" : "place",
    "startTime" : "20170203T002741-0500",
    "endTime" : "20170203T003200-0500",
    "activities" : [ {
      "activity" : "walking",
      "group" : "walking",
      "manual" : false,
      "startTime" : "20170203T002741-0500",
      "endTime" : "20170203T002747-0500",
      "duration" : 6.0,
      "distance" : 4.0,
      "steps" : 9
    } ],
    "lastUpdate" : "20170203T144524Z"
  }, {
    "type" : "move",
    "startTime" : "20170203T003200-0500",
    "endTime" : "20170203T005958-0500",
    "activities" : [ {
      "activity" : "transport",
      "group" : "transport",
      "manual" : false,
      "startTime" : "20170203T003200-0500",
      "endTime" : "20170203T005957-0500",
      "duration" : 1677.0,
      "distance" : 11141.0
    } ],
    "lastUpdate" : "20170203T144524Z"
  }, {
    "type" : "off",
    "startTime" : "20170203T005958-0500",
    "endTime" : "20170203T081434-0500",
    "activities" : [ {
      "activity" : "walking",
      "group" : "walking",
      "manual" : false,
      "startTime" : "20170203T065643-0500",
      "endTime" : "20170203T065655-0500",
      "duration" : 12.0,
      "distance" : 8.0,
      "steps" : 16
    }, {
      "activity" : "walking",
      "group" : "walking",
      "manual" : false,
      "startTime" : "20170203T075246-0500",
      "endTime" : "20170203T075252-0500",
      "duration" : 6.0,
      "distance" : 4.0,
      "steps" : 8
    }, {
      "activity" : "walking",
      "group" : "walking",
      "manual" : false,
      "startTime" : "20170203T075744-0500",
      "endTime" : "20170203T075754-0500",
      "duration" : 10.0,
      "distance" : 7.0,
      "steps" : 14
    }, {
      "activity" : "walking",
      "group" : "walking",
      "manual" : false,
      "startTime" : "20170203T075818-0500",
      "endTime" : "20170203T080825-0500",
      "duration" : 607.0,
      "distance" : 302.0,
      "steps" : 486
    }, {
      "activity" : "running",
      "group" : "running",
      "manual" : false,
      "startTime" : "20170203T080825-0500",
      "endTime" : "20170203T081149-0500",
      "duration" : 204.0,
      "distance" : 143.0,
      "steps" : 46
    }, {
      "activity" : "walking",
      "group" : "walking",
      "manual" : false,
      "startTime" : "20170203T081150-0500",
      "endTime" : "20170203T081433-0500",
      "duration" : 163.0,
      "distance" : 156.0,
      "steps" : 313
    } ],
    "lastUpdate" : "20170203T144524Z"
  }, {
    "type" : "place",
    "startTime" : "20170203T081434-0500",
    "endTime" : "20170203T082852-0500",
    "activities" : [ {
      "activity" : "walking",
      "group" : "walking",
      "manual" : false,
      "startTime" : "20170203T081434-0500",
      "endTime" : "20170203T081930-0500",
      "duration" : 296.0,
      "distance" : 333.0,
      "steps" : 444
    } ],
    "lastUpdate" : "20170203T144524Z"
  }, {
    "type" : "move",
    "startTime" : "20170203T082852-0500",
    "endTime" : "20170203T083316-0500",
    "activities" : [ {
      "activity" : "transport",
      "group" : "transport",
      "manual" : false,
      "startTime" : "20170203T082852-0500",
      "endTime" : "20170203T083039-0500",
      "duration" : 107.0,
      "distance" : 969.0
    }, {
      "activity" : "walking",
      "group" : "walking",
      "manual" : false,
      "startTime" : "20170203T083040-0500",
      "endTime" : "20170203T083316-0500",
      "duration" : 156.0,
      "distance" : 234.0,
      "steps" : 342
    } ],
    "lastUpdate" : "20170203T144524Z"
  }, {
    "type" : "place",
    "startTime" : "20170203T083316-0500",
    "endTime" : "20170203T091447-0500",
    "activities" : [ {
      "activity" : "walking",
      "group" : "walking",
      "manual" : false,
      "startTime" : "20170203T083316-0500",
      "endTime" : "20170203T083346-0500",
      "duration" : 30.0,
      "distance" : 23.0,
      "steps" : 46
    }, {
      "activity" : "walking",
      "group" : "walking",
      "manual" : false,
      "startTime" : "20170203T090039-0500",
      "endTime" : "20170203T090120-0500",
      "duration" : 41.0,
      "distance" : 30.0,
      "steps" : 60
    } ],
    "lastUpdate" : "20170203T144524Z"
  }, {
    "type" : "move",
    "startTime" : "20170203T091447-0500",
    "endTime" : "20170203T092003-0500",
    "activities" : [ {
      "activity" : "walking",
      "group" : "walking",
      "manual" : false,
      "startTime" : "20170203T091447-0500",
      "endTime" : "20170203T092003-0500",
      "duration" : 316.0,
      "distance" : 317.0,
      "steps" : 486
    } ],
    "lastUpdate" : "20170203T144524Z"
  }, {
    "type" : "place",
    "startTime" : "20170203T092003-0500",
    "endTime" : "20170203T094002-0500",
    "activities" : [ {
      "activity" : "walking",
      "group" : "walking",
      "manual" : false,
      "startTime" : "20170203T092004-0500",
      "endTime" : "20170203T092027-0500",
      "duration" : 23.0,
      "distance" : 18.0,
      "steps" : 36
    } ],
    "lastUpdate" : "20170203T161926Z"
  }, {
    "type" : "move",
    "startTime" : "20170203T094002-0500",
    "endTime" : "20170203T103022-0500",
    "activities" : [ {
      "activity" : "walking",
      "group" : "walking",
      "manual" : false,
      "startTime" : "20170203T094002-0500",
      "endTime" : "20170203T094453-0500",
      "duration" : 291.0,
      "distance" : 196.0,
      "steps" : 392
    }, {
      "activity" : "transport",
      "group" : "transport",
      "manual" : false,
      "startTime" : "20170203T094453-0500",
      "endTime" : "20170203T101916-0500",
      "duration" : 2063.0,
      "distance" : 14264.0
    }, {
      "activity" : "walking",
      "group" : "walking",
      "manual" : false,
      "startTime" : "20170203T101916-0500",
      "endTime" : "20170203T103022-0500",
      "duration" : 666.0,
      "distance" : 730.0,
      "steps" : 1198
    } ],
    "lastUpdate" : "20170203T161926Z"
  }, {
    "type" : "place",
    "startTime" : "20170203T103022-0500",
    "endTime" : "20170203T160749-0500",
    "activities" : [ {
      "activity" : "walking",
      "group" : "walking",
      "manual" : false,
      "startTime" : "20170203T103030-0500",
      "endTime" : "20170203T103034-0500",
      "duration" : 4.0,
      "distance" : 3.0,
      "steps" : 7
    }, {
      "activity" : "walking",
      "group" : "walking",
      "manual" : false,
      "startTime" : "20170203T132732-0500",
      "endTime" : "20170203T132755-0500",
      "duration" : 23.0,
      "distance" : 16.0,
      "steps" : 32
    }, {
      "activity" : "walking",
      "group" : "walking",
      "manual" : false,
      "startTime" : "20170203T144845-0500",
      "endTime" : "20170203T144909-0500",
      "duration" : 24.0,
      "distance" : 18.0,
      "steps" : 36
    }, {
      "activity" : "walking",
      "group" : "walking",
      "manual" : false,
      "startTime" : "20170203T160612-0500",
      "endTime" : "20170203T160650-0500",
      "duration" : 38.0,
      "distance" : 27.0,
      "steps" : 55
    } ],
    "lastUpdate" : "20170203T223213Z"
  }, {
    "type" : "move",
    "startTime" : "20170203T160749-0500",
    "endTime" : "20170203T161151-0500",
    "activities" : [ {
      "activity" : "walking",
      "group" : "walking",
      "manual" : false,
      "startTime" : "20170203T160749-0500",
      "endTime" : "20170203T161150-0500",
      "duration" : 241.0,
      "distance" : 289.0,
      "steps" : 442
    } ],
    "lastUpdate" : "20170203T223213Z"
  }, {
    "type" : "place",
    "startTime" : "20170203T161151-0500",
    "endTime" : "20170203T161519-0500",
    "activities" : [ {
      "activity" : "walking",
      "group" : "walking",
      "manual" : false,
      "startTime" : "20170203T161151-0500",
      "endTime" : "20170203T161217-0500",
      "duration" : 26.0,
      "distance" : 19.0,
      "steps" : 39
    } ],
    "lastUpdate" : "20170203T223213Z"
  }, {
    "type" : "move",
    "startTime" : "20170203T161519-0500",
    "endTime" : "20170203T161852-0500",
    "activities" : [ {
      "activity" : "walking",
      "group" : "walking",
      "manual" : false,
      "startTime" : "20170203T161519-0500",
      "endTime" : "20170203T161851-0500",
      "duration" : 212.0,
      "distance" : 264.0,
      "steps" : 414
    } ],
    "lastUpdate" : "20170203T223213Z"
  }, {
    "type" : "place",
    "startTime" : "20170203T161852-0500",
    "endTime" : "20170203T163208-0500",
    "activities" : [ {
      "activity" : "walking",
      "group" : "walking",
      "manual" : false,
      "startTime" : "20170203T161852-0500",
      "endTime" : "20170203T162154-0500",
      "duration" : 182.0,
      "distance" : 205.0,
      "steps" : 274
    } ],
    "lastUpdate" : "20170203T223213Z"
  }, {
    "type" : "move",
    "startTime" : "20170203T163208-0500",
    "endTime" : "20170203T164404-0500",
    "activities" : [ {
      "activity" : "walking",
      "group" : "walking",
      "manual" : false,
      "startTime" : "20170203T163208-0500",
      "endTime" : "20170203T164403-0500",
      "duration" : 715.0,
      "distance" : 784.0,
      "steps" : 1135
    } ],
    "lastUpdate" : "20170203T223213Z"
  }, {
    "type" : "place",
    "startTime" : "20170203T164404-0500",
    "endTime" : "20170203T190607-0500",
    "activities" : [ {
      "activity" : "walking",
      "group" : "walking",
      "manual" : false,
      "startTime" : "20170203T164407-0500",
      "endTime" : "20170203T164442-0500",
      "duration" : 35.0,
      "distance" : 26.0,
      "steps" : 53
    }, {
      "activity" : "walking",
      "group" : "walking",
      "manual" : false,
      "startTime" : "20170203T190202-0500",
      "endTime" : "20170203T190359-0500",
      "duration" : 117.0,
      "distance" : 87.0,
      "steps" : 174
    } ],
    "lastUpdate" : "20170204T013443Z"
  }, {
    "type" : "place",
    "startTime" : "20170203T190607-0500",
    "endTime" : "20170203T201128-0500",
    "activities" : [ {
      "activity" : "walking",
      "group" : "walking",
      "manual" : false,
      "startTime" : "20170203T190607-0500",
      "endTime" : "20170203T190652-0500",
      "duration" : 45.0,
      "distance" : 33.0,
      "steps" : 67
    }, {
      "activity" : "walking",
      "group" : "walking",
      "manual" : false,
      "startTime" : "20170203T201048-0500",
      "endTime" : "20170203T201109-0500",
      "duration" : 21.0,
      "distance" : 14.0,
      "steps" : 29
    } ],
    "lastUpdate" : "20170204T030908Z"
  }, {
    "type" : "move",
    "startTime" : "20170203T201128-0500",
    "endTime" : "20170203T205301-0500",
    "activities" : [ {
      "activity" : "walking",
      "group" : "walking",
      "manual" : false,
      "startTime" : "20170203T201128-0500",
      "endTime" : "20170203T202129-0500",
      "duration" : 601.0,
      "distance" : 724.0,
      "steps" : 1078
    }, {
      "activity" : "transport",
      "group" : "transport",
      "manual" : false,
      "startTime" : "20170203T202129-0500",
      "endTime" : "20170203T204628-0500",
      "duration" : 1499.0,
      "distance" : 7089.0
    }, {
      "activity" : "walking",
      "group" : "walking",
      "manual" : false,
      "startTime" : "20170203T204629-0500",
      "endTime" : "20170203T205301-0500",
      "duration" : 392.0,
      "distance" : 474.0,
      "steps" : 669
    } ],
    "lastUpdate" : "20170204T030908Z"
  }, {
    "type" : "place",
    "startTime" : "20170203T205301-0500",
    "endTime" : "20170204T095754-0500",
    "activities" : [ {
      "activity" : "walking",
      "group" : "walking",
      "manual" : false,
      "startTime" : "20170203T205301-0500",
      "endTime" : "20170203T205322-0500",
      "duration" : 21.0,
      "distance" : 16.0,
      "steps" : 32
    }, {
      "activity" : "walking",
      "group" : "walking",
      "manual" : false,
      "startTime" : "20170203T212406-0500",
      "endTime" : "20170203T212441-0500",
      "duration" : 35.0,
      "distance" : 17.0,
      "steps" : 8
    } ],
    "lastUpdate" : "20170204T161258Z"
  } ],
  "lastUpdate" : "20170204T161258Z"
} ]