[ {
  "date" : "20170207",
  "summary" : [ {
    "activity" : "walking",
    "group" : "walking",
    "duration" : 3539.0,
    "distance" : 3693.0,
    "steps" : 5422
  }, {
    "activity" : "transport",
    "group" : "transport",
    "duration" : 1537.0,
    "distance" : 9359.0
  } ],
  "segments" : [ {
    "type" : "place",
    "startTime" : "20170206T224950-0500",
    "endTime" : "20170207T123719-0500",
    "activities" : [ {
      "activity" : "walking",
      "group" : "walking",
      "manual" : false,
      "startTime" : "20170207T123045-0500",
      "endTime" : "20170207T123404-0500",
      "duration" : 199.0,
      "distance" : 231.0,
      "steps" : 308
    } ],
    "lastUpdate" : "20170207T194347Z"
  }, {
    "type" : "move",
    "startTime" : "20170207T123719-0500",
    "endTime" : "20170207T131613-0500",
    "activities" : [ {
      "activity" : "walking",
      "group" : "walking",
      "manual" : false,
      "startTime" : "20170207T123719-0500",
      "endTime" : "20170207T124330-0500",
      "duration" : 371.0,
      "distance" : 450.0,
      "steps" : 602
    }, {
      "activity" : "transport",
      "group" : "transport",
      "manual" : false,
      "startTime" : "20170207T124330-0500",
      "endTime" : "20170207T130308-0500",
      "duration" : 1178.0,
      "distance" : 7598.0
    }, {
      "activity" : "walking",
      "group" : "walking",
      "manual" : false,
      "startTime" : "20170207T130308-0500",
      "endTime" : "20170207T130508-0500",
      "duration" : 120.0,
      "distance" : 107.0,
      "steps" : 215
    }, {
      "activity" : "transport",
      "group" : "transport",
      "manual" : false,
      "startTime" : "20170207T130508-0500",
      "endTime" : "20170207T131107-0500",
      "duration" : 359.0,
      "distance" : 1761.0
    }, {
      "activity" : "walking",
      "group" : "walking",
      "manual" : false,
      "startTime" : "20170207T131107-0500",
      "endTime" : "20170207T131612-0500",
      "duration" : 305.0,
      "distance" : 291.0,
      "steps" : 519
    } ],
    "lastUpdate" : "20170207T194347Z"
  }, {
    "type" : "place",
    "startTime" : "20170207T131613-0500",
    "endTime" : "20170207T133239-0500",
    "activities" : [ {
      "activity" : "walking",
      "group" : "walking",
      "manual" : false,
      "startTime" : "20170207T131635-0500",
      "endTime" : "20170207T131854-0500",
      "duration" : 139.0,
      "distance" : 156.0,
      "steps" : 208
    } ],
    "lastUpdate" : "20170207T194347Z"
  }, {
    "type" : "move",
    "startTime" : "20170207T133239-0500",
    "endTime" : "20170207T134151-0500",
    "activities" : [ {
      "activity" : "walking",
      "group" : "walking",
      "manual" : false,
      "startTime" : "20170207T133239-0500",
      "endTime" : "20170207T134150-0500",
      "duration" : 551.0,
      "distance" : 512.0,
      "steps" : 879
    } ],
    "lastUpdate" : "20170207T194347Z"
  }, {
    "type" : "place",
    "startTime" : "20170207T134151-0500",
    "endTime" : "20170207T193702-0500",
    "activities" : [ {
      "activity" : "walking",
      "group" : "walking",
      "manual" : false,
      "startTime" : "20170207T144459-0500",
      "endTime" : "20170207T145008-0500",
      "duration" : 309.0,
      "distance" : 348.0,
      "steps" : 465
    }, {
      "activity" : "walking",
      "group" : "walking",
      "manual" : false,
      "startTime" : "20170207T150116-0500",
      "endTime" : "20170207T150931-0500",
      "duration" : 495.0,
      "distance" : 546.0,
      "steps" : 728
    }, {
      "activity" : "walking",
      "group" : "walking",
      "manual" : false,
      "startTime" : "20170207T162917-0500",
      "endTime" : "20170207T163141-0500",
      "duration" : 144.0,
      "distance" : 161.0,
      "steps" : 215
    }, {
      "activity" : "walking",
      "group" : "walking",
      "manual" : false,
      "startTime" : "20170207T193125-0500",
      "endTime" : "20170207T193245-0500",
      "duration" : 80.0,
      "distance" : 58.0,
      "steps" : 117
    } ],
    "lastUpdate" : "20170208T015341Z"
  }, {
    "type" : "move",
    "startTime" : "20170207T193702-0500",
    "endTime" : "20170207T194312-0500",
    "activities" : [ {
      "activity" : "walking",
      "group" : "walking",
      "manual" : false,
      "startTime" : "20170207T193702-0500",
      "endTime" : "20170207T194312-0500",
      "duration" : 370.0,
      "distance" : 280.0,
      "steps" : 429
    } ],
    "lastUpdate" : "20170208T015341Z"
  }, {
    "type" : "place",
    "startTime" : "20170207T194312-0500",
    "endTime" : "20170207T194922-0500",
    "activities" : [ {
      "activity" : "walking",
      "group" : "walking",
      "manual" : false,
      "startTime" : "20170207T194312-0500",
      "endTime" : "20170207T194345-0500",
      "duration" : 33.0,
      "distance" : 24.0,
      "steps" : 49
    } ],
    "lastUpdate" : "20170208T015341Z"
  }, {
    "type" : "move",
    "startTime" : "20170207T194922-0500",
    "endTime" : "20170207T195250-0500",
    "activities" : [ {
      "activity" : "walking",
      "group" : "walking",
      "manual" : false,
      "startTime" : "20170207T194922-0500",
      "endTime" : "20170207T195250-0500",
      "duration" : 208.0,
      "distance" : 324.0,
      "steps" : 379
    } ],
    "lastUpdate" : "20170208T015341Z"
  }, {
    "type" : "place",
    "startTime" : "20170207T195250-0500",
    "endTime" : "20170208T010557-0500",
    "activities" : [ {
      "activity" : "walking",
      "group" : "walking",
      "manual" : false,
      "startTime" : "20170207T195250-0500",
      "endTime" : "20170207T195401-0500",
      "duration" : 71.0,
      "distance" : 53.0,
      "steps" : 106
    }, {
      "activity" : "walking",
      "group" : "walking",
      "manual" : false,
      "startTime" : "20170207T220713-0500",
      "endTime" : "20170207T220937-0500",
      "duration" : 144.0,
      "distance" : 152.0,
      "steps" : 203
    } ],
    "lastUpdate" : "20170208T080605Z"
  } ],
  "lastUpdate" : "20170208T080605Z"
} ]