[ {
  "date" : "20170211",
  "summary" : [ {
    "activity" : "walking",
    "group" : "walking",
    "duration" : 2957.0,
    "distance" : 2808.0,
    "steps" : 4081
  }, {
    "activity" : "transport",
    "group" : "transport",
    "duration" : 5822.0,
    "distance" : 20639.0
  } ],
  "segments" : [ {
    "type" : "place",
    "startTime" : "20170210T184237-0500",
    "endTime" : "20170211T004704-0500",
    "activities" : [ {
      "activity" : "walking",
      "group" : "walking",
      "manual" : false,
      "startTime" : "20170211T004435-0500",
      "endTime" : "20170211T004520-0500",
      "duration" : 45.0,
      "distance" : 22.0,
      "steps" : 42
    } ],
    "lastUpdate" : "20170211T063539Z"
  }, {
    "type" : "move",
    "startTime" : "20170211T004704-0500",
    "endTime" : "20170211T005421-0500",
    "activities" : [ {
      "activity" : "walking",
      "group" : "walking",
      "manual" : false,
      "startTime" : "20170211T004704-0500",
      "endTime" : "20170211T005421-0500",
      "duration" : 437.0,
      "distance" : 475.0,
      "steps" : 627
    } ],
    "lastUpdate" : "20170211T063539Z"
  }, {
    "type" : "place",
    "startTime" : "20170211T005422-0500",
    "endTime" : "20170211T005946-0500",
    "activities" : [ {
      "activity" : "walking",
      "group" : "walking",
      "manual" : false,
      "startTime" : "20170211T005422-0500",
      "endTime" : "20170211T005422-0500",
      "duration" : 0.0,
      "distance" : 0.0,
      "steps" : 0
    } ],
    "lastUpdate" : "20170211T080730Z"
  }, {
    "type" : "move",
    "startTime" : "20170211T005946-0500",
    "endTime" : "20170211T020803-0500",
    "activities" : [ {
      "activity" : "walking",
      "group" : "walking",
      "manual" : false,
      "startTime" : "20170211T005946-0500",
      "endTime" : "20170211T010250-0500",
      "duration" : 184.0,
      "distance" : 119.0,
      "steps" : 146
    }, {
      "activity" : "transport",
      "group" : "transport",
      "manual" : false,
      "startTime" : "20170211T010250-0500",
      "endTime" : "20170211T020351-0500",
      "duration" : 3661.0,
      "distance" : 9327.0
    }, {
      "activity" : "walking",
      "group" : "walking",
      "manual" : false,
      "startTime" : "20170211T020351-0500",
      "endTime" : "20170211T020802-0500",
      "duration" : 251.0,
      "distance" : 276.0,
      "steps" : 408
    } ],
    "lastUpdate" : "20170211T080730Z"
  }, {
    "type" : "place",
    "startTime" : "20170211T020803-0500",
    "endTime" : "20170211T160444-0500",
    "activities" : [ {
      "activity" : "walking",
      "group" : "walking",
      "manual" : false,
      "startTime" : "20170211T020943-0500",
      "endTime" : "20170211T021033-0500",
      "duration" : 50.0,
      "distance" : 38.0,
      "steps" : 76
    }, {
      "activity" : "walking",
      "group" : "walking",
      "manual" : false,
      "startTime" : "20170211T115801-0500",
      "endTime" : "20170211T115830-0500",
      "duration" : 29.0,
      "distance" : 14.0,
      "steps" : 0
    }, {
      "activity" : "walking",
      "group" : "walking",
      "manual" : false,
      "startTime" : "20170211T131418-0500",
      "endTime" : "20170211T131447-0500",
      "duration" : 29.0,
      "distance" : 21.0,
      "steps" : 42
    }, {
      "activity" : "walking",
      "group" : "walking",
      "manual" : false,
      "startTime" : "20170211T145150-0500",
      "endTime" : "20170211T145207-0500",
      "duration" : 17.0,
      "distance" : 11.0,
      "steps" : 23
    }, {
      "activity" : "walking",
      "group" : "walking",
      "manual" : false,
      "startTime" : "20170211T150001-0500",
      "endTime" : "20170211T150049-0500",
      "duration" : 48.0,
      "distance" : 36.0,
      "steps" : 72
    }, {
      "activity" : "walking",
      "group" : "walking",
      "manual" : false,
      "startTime" : "20170211T160010-0500",
      "endTime" : "20170211T160111-0500",
      "duration" : 61.0,
      "distance" : 44.0,
      "steps" : 89
    } ],
    "lastUpdate" : "20170211T215941Z"
  }, {
    "type" : "move",
    "startTime" : "20170211T160444-0500",
    "endTime" : "20170211T163921-0500",
    "activities" : [ {
      "activity" : "walking",
      "group" : "walking",
      "manual" : false,
      "startTime" : "20170211T160444-0500",
      "endTime" : "20170211T160949-0500",
      "duration" : 305.0,
      "distance" : 270.0,
      "steps" : 478
    }, {
      "activity" : "transport",
      "group" : "transport",
      "manual" : false,
      "startTime" : "20170211T160950-0500",
      "endTime" : "20170211T163421-0500",
      "duration" : 1471.0,
      "distance" : 8145.0
    }, {
      "activity" : "walking",
      "group" : "walking",
      "manual" : false,
      "startTime" : "20170211T163421-0500",
      "endTime" : "20170211T163921-0500",
      "duration" : 300.0,
      "distance" : 315.0,
      "steps" : 368
    } ],
    "lastUpdate" : "20170211T215941Z"
  }, {
    "type" : "place",
    "startTime" : "20170211T163921-0500",
    "endTime" : "20170211T170254-0500",
    "activities" : [ {
      "activity" : "walking",
      "group" : "walking",
      "manual" : false,
      "startTime" : "20170211T163921-0500",
      "endTime" : "20170211T164050-0500",
      "duration" : 89.0,
      "distance" : 67.0,
      "steps" : 134
    }, {
      "activity" : "walking",
      "group" : "walking",
      "manual" : false,
      "startTime" : "20170211T170251-0500",
      "endTime" : "20170211T170253-0500",
      "duration" : 2.0,
      "distance" : 2.0,
      "steps" : 4
    } ],
    "lastUpdate" : "20170211T233223Z"
  }, {
    "type" : "move",
    "startTime" : "20170211T170255-0500",
    "endTime" : "20170211T172125-0500",
    "activities" : [ {
      "activity" : "walking",
      "group" : "walking",
      "manual" : false,
      "startTime" : "20170211T170255-0500",
      "endTime" : "20170211T170559-0500",
      "duration" : 184.0,
      "distance" : 141.0,
      "steps" : 282
    }, {
      "activity" : "transport",
      "group" : "transport",
      "manual" : false,
      "startTime" : "20170211T170559-0500",
      "endTime" : "20170211T171729-0500",
      "duration" : 690.0,
      "distance" : 3167.0
    }, {
      "activity" : "walking",
      "group" : "walking",
      "manual" : false,
      "startTime" : "20170211T171730-0500",
      "endTime" : "20170211T172125-0500",
      "duration" : 235.0,
      "distance" : 231.0,
      "steps" : 321
    } ],
    "lastUpdate" : "20170211T233223Z"
  }, {
    "type" : "place",
    "startTime" : "20170211T172126-0500",
    "endTime" : "20170211T230840-0500",
    "activities" : [ {
      "activity" : "walking",
      "group" : "walking",
      "manual" : false,
      "startTime" : "20170211T172126-0500",
      "endTime" : "20170211T172517-0500",
      "duration" : 231.0,
      "distance" : 260.0,
      "steps" : 347
    }, {
      "activity" : "walking",
      "group" : "walking",
      "manual" : false,
      "startTime" : "20170211T181820-0500",
      "endTime" : "20170211T182153-0500",
      "duration" : 213.0,
      "distance" : 206.0,
      "steps" : 275
    }, {
      "activity" : "walking",
      "group" : "walking",
      "manual" : false,
      "startTime" : "20170211T200700-0500",
      "endTime" : "20170211T201107-0500",
      "duration" : 247.0,
      "distance" : 260.0,
      "steps" : 347
    } ],
    "lastUpdate" : "20170212T040842Z"
  } ],
  "lastUpdate" : "20170212T040842Z"
} ]