[ {
  "date" : "20170206",
  "summary" : [ {
    "activity" : "walking",
    "group" : "walking",
    "duration" : 4045.0,
    "distance" : 4124.0,
    "steps" : 6011
  }, {
    "activity" : "transport",
    "group" : "transport",
    "duration" : 3145.0,
    "distance" : 23868.0
  } ],
  "segments" : [ {
    "type" : "move",
    "startTime" : "20170205T234810-0500",
    "endTime" : "20170206T001857-0500",
    "activities" : [ {
      "activity" : "transport",
      "group" : "transport",
      "manual" : false,
      "startTime" : "20170206T000000-0500",
      "endTime" : "20170206T001226-0500",
      "duration" : 746.0,
      "distance" : 5768.0
    }, {
      "activity" : "walking",
      "group" : "walking",
      "manual" : false,
      "startTime" : "20170206T001226-0500",
      "endTime" : "20170206T001856-0500",
      "duration" : 390.0,
      "distance" : 430.0,
      "steps" : 655
    } ],
    "lastUpdate" : "20170206T064846Z"
  }, {
    "type" : "place",
    "startTime" : "20170206T001857-0500",
    "endTime" : "20170206T145442-0500",
    "activities" : [ {
      "activity" : "walking",
      "group" : "walking",
      "manual" : false,
      "startTime" : "20170206T001857-0500",
      "endTime" : "20170206T002157-0500",
      "duration" : 180.0,
      "distance" : 203.0,
      "steps" : 271
    }, {
      "activity" : "walking",
      "group" : "walking",
      "manual" : false,
      "startTime" : "20170206T013426-0500",
      "endTime" : "20170206T013441-0500",
      "duration" : 15.0,
      "distance" : 11.0,
      "steps" : 22
    }, {
      "activity" : "walking",
      "group" : "walking",
      "manual" : false,
      "startTime" : "20170206T111142-0500",
      "endTime" : "20170206T111205-0500",
      "duration" : 23.0,
      "distance" : 16.0,
      "steps" : 33
    }, {
      "activity" : "walking",
      "group" : "walking",
      "manual" : false,
      "startTime" : "20170206T120033-0500",
      "endTime" : "20170206T120110-0500",
      "duration" : 37.0,
      "distance" : 18.0,
      "steps" : 11
    }, {
      "activity" : "walking",
      "group" : "walking",
      "manual" : false,
      "startTime" : "20170206T132857-0500",
      "endTime" : "20170206T133146-0500",
      "duration" : 169.0,
      "distance" : 162.0,
      "steps" : 217
    }, {
      "activity" : "walking",
      "group" : "walking",
      "manual" : false,
      "startTime" : "20170206T144039-0500",
      "endTime" : "20170206T144319-0500",
      "duration" : 160.0,
      "distance" : 120.0,
      "steps" : 116
    } ],
    "lastUpdate" : "20170206T203040Z"
  }, {
    "type" : "move",
    "startTime" : "20170206T145442-0500",
    "endTime" : "20170206T152511-0500",
    "activities" : [ {
      "activity" : "walking",
      "group" : "walking",
      "manual" : false,
      "startTime" : "20170206T145442-0500",
      "endTime" : "20170206T145948-0500",
      "duration" : 306.0,
      "distance" : 405.0,
      "steps" : 597
    }, {
      "activity" : "transport",
      "group" : "transport",
      "manual" : false,
      "startTime" : "20170206T145949-0500",
      "endTime" : "20170206T151550-0500",
      "duration" : 961.0,
      "distance" : 7090.0
    }, {
      "activity" : "walking",
      "group" : "walking",
      "manual" : false,
      "startTime" : "20170206T151550-0500",
      "endTime" : "20170206T151820-0500",
      "duration" : 150.0,
      "distance" : 193.0,
      "steps" : 317
    }, {
      "activity" : "transport",
      "group" : "transport",
      "manual" : false,
      "startTime" : "20170206T151820-0500",
      "endTime" : "20170206T152150-0500",
      "duration" : 210.0,
      "distance" : 1651.0
    }, {
      "activity" : "walking",
      "group" : "walking",
      "manual" : false,
      "startTime" : "20170206T152150-0500",
      "endTime" : "20170206T152510-0500",
      "duration" : 200.0,
      "distance" : 136.0,
      "steps" : 250
    } ],
    "lastUpdate" : "20170206T203040Z"
  }, {
    "type" : "place",
    "startTime" : "20170206T152511-0500",
    "endTime" : "20170206T214521-0500",
    "activities" : [ {
      "activity" : "walking",
      "group" : "walking",
      "manual" : false,
      "startTime" : "20170206T153050-0500",
      "endTime" : "20170206T153051-0500",
      "duration" : 1.0,
      "distance" : 1.0,
      "steps" : 2
    }, {
      "activity" : "walking",
      "group" : "walking",
      "manual" : false,
      "startTime" : "20170206T163430-0500",
      "endTime" : "20170206T164206-0500",
      "duration" : 456.0,
      "distance" : 511.0,
      "steps" : 682
    }, {
      "activity" : "walking",
      "group" : "walking",
      "manual" : false,
      "startTime" : "20170206T171031-0500",
      "endTime" : "20170206T171339-0500",
      "duration" : 188.0,
      "distance" : 178.0,
      "steps" : 238
    }, {
      "activity" : "walking",
      "group" : "walking",
      "manual" : false,
      "startTime" : "20170206T180058-0500",
      "endTime" : "20170206T180538-0500",
      "duration" : 280.0,
      "distance" : 304.0,
      "steps" : 406
    }, {
      "activity" : "walking",
      "group" : "walking",
      "manual" : false,
      "startTime" : "20170206T193243-0500",
      "endTime" : "20170206T193340-0500",
      "duration" : 57.0,
      "distance" : 41.0,
      "steps" : 83
    }, {
      "activity" : "walking",
      "group" : "walking",
      "manual" : false,
      "startTime" : "20170206T214426-0500",
      "endTime" : "20170206T214430-0500",
      "duration" : 4.0,
      "distance" : 3.0,
      "steps" : 6
    } ],
    "lastUpdate" : "20170207T035112Z"
  }, {
    "type" : "move",
    "startTime" : "20170206T214521-0500",
    "endTime" : "20170206T215810-0500",
    "activities" : [ {
      "activity" : "walking",
      "group" : "walking",
      "manual" : false,
      "startTime" : "20170206T214521-0500",
      "endTime" : "20170206T215809-0500",
      "duration" : 768.0,
      "distance" : 786.0,
      "steps" : 1121
    } ],
    "lastUpdate" : "20170207T035112Z"
  }, {
    "type" : "place",
    "startTime" : "20170206T215810-0500",
    "endTime" : "20170206T221108-0500",
    "activities" : [ {
      "activity" : "walking",
      "group" : "walking",
      "manual" : false,
      "startTime" : "20170206T215821-0500",
      "endTime" : "20170206T215923-0500",
      "duration" : 62.0,
      "distance" : 47.0,
      "steps" : 94
    }, {
      "activity" : "walking",
      "group" : "walking",
      "manual" : false,
      "startTime" : "20170206T220323-0500",
      "endTime" : "20170206T220328-0500",
      "duration" : 5.0,
      "distance" : 4.0,
      "steps" : 8
    } ],
    "lastUpdate" : "20170207T035112Z"
  }, {
    "type" : "move",
    "startTime" : "20170206T221108-0500",
    "endTime" : "20170206T221458-0500",
    "activities" : [ {
      "activity" : "transport",
      "group" : "transport",
      "manual" : false,
      "startTime" : "20170206T221108-0500",
      "endTime" : "20170206T221458-0500",
      "duration" : 230.0,
      "distance" : 2443.0
    } ],
    "lastUpdate" : "20170207T035112Z"
  }, {
    "type" : "place",
    "startTime" : "20170206T221459-0500",
    "endTime" : "20170206T222552-0500",
    "activities" : [ {
      "activity" : "walking",
      "group" : "walking",
      "manual" : false,
      "startTime" : "20170206T221459-0500",
      "endTime" : "20170206T221554-0500",
      "duration" : 55.0,
      "distance" : 41.0,
      "steps" : 83
    } ],
    "lastUpdate" : "20170207T035112Z"
  }, {
    "type" : "move",
    "startTime" : "20170206T222552-0500",
    "endTime" : "20170206T224950-0500",
    "activities" : [ {
      "activity" : "transport",
      "group" : "transport",
      "manual" : false,
      "startTime" : "20170206T222552-0500",
      "endTime" : "20170206T224230-0500",
      "duration" : 998.0,
      "distance" : 6916.0
    }, {
      "activity" : "walking",
      "group" : "walking",
      "manual" : false,
      "startTime" : "20170206T224230-0500",
      "endTime" : "20170206T224950-0500",
      "duration" : 440.0,
      "distance" : 440.0,
      "steps" : 651
    } ],
    "lastUpdate" : "20170207T035112Z"
  }, {
    "type" : "place",
    "startTime" : "20170206T224950-0500",
    "endTime" : "20170207T123719-0500",
    "activities" : [ {
      "activity" : "walking",
      "group" : "walking",
      "manual" : false,
      "startTime" : "20170206T225423-0500",
      "endTime" : "20170206T225517-0500",
      "duration" : 54.0,
      "distance" : 41.0,
      "steps" : 82
    }, {
      "activity" : "walking",
      "group" : "walking",
      "manual" : false,
      "startTime" : "20170206T230106-0500",
      "endTime" : "20170206T230151-0500",
      "duration" : 45.0,
      "distance" : 33.0,
      "steps" : 66
    } ],
    "lastUpdate" : "20170207T194347Z"
  } ],
  "lastUpdate" : "20170207T194347Z"
} ]