[ {
  "date" : "20170130",
  "summary" : [ {
    "activity" : "walking",
    "group" : "walking",
    "duration" : 2585.0,
    "distance" : 2461.0,
    "steps" : 4133
  }, {
    "activity" : "transport",
    "group" : "transport",
    "duration" : 2569.0,
    "distance" : 17678.0
  } ],
  "segments" : [ {
    "type" : "place",
    "startTime" : "20170129T163552-0500",
    "endTime" : "20170130T001548-0500",
    "activities" : [ {
      "activity" : "walking",
      "group" : "walking",
      "manual" : false,
      "startTime" : "20170130T000925-0500",
      "endTime" : "20170130T001129-0500",
      "duration" : 124.0,
      "distance" : 138.0,
      "steps" : 185
    } ],
    "lastUpdate" : "20170130T064417Z"
  }, {
    "type" : "move",
    "startTime" : "20170130T001548-0500",
    "endTime" : "20170130T002014-0500",
    "activities" : [ {
      "activity" : "transport",
      "group" : "transport",
      "manual" : false,
      "startTime" : "20170130T001548-0500",
      "endTime" : "20170130T002014-0500",
      "duration" : 266.0,
      "distance" : 1802.0
    } ],
    "lastUpdate" : "20170130T064417Z"
  }, {
    "type" : "place",
    "startTime" : "20170130T002014-0500",
    "endTime" : "20170130T003052-0500",
    "activities" : [ {
      "activity" : "walking",
      "group" : "walking",
      "manual" : false,
      "startTime" : "20170130T002014-0500",
      "endTime" : "20170130T002052-0500",
      "duration" : 38.0,
      "distance" : 29.0,
      "steps" : 58
    } ],
    "lastUpdate" : "20170130T064417Z"
  }, {
    "type" : "move",
    "startTime" : "20170130T003052-0500",
    "endTime" : "20170130T005406-0500",
    "activities" : [ {
      "activity" : "transport",
      "group" : "transport",
      "manual" : false,
      "startTime" : "20170130T003052-0500",
      "endTime" : "20170130T004732-0500",
      "duration" : 1000.0,
      "distance" : 7127.0
    }, {
      "activity" : "walking",
      "group" : "walking",
      "manual" : false,
      "startTime" : "20170130T004733-0500",
      "endTime" : "20170130T005406-0500",
      "duration" : 393.0,
      "distance" : 442.0,
      "steps" : 738
    } ],
    "lastUpdate" : "20170130T064417Z"
  }, {
    "type" : "place",
    "startTime" : "20170130T005406-0500",
    "endTime" : "20170130T115556-0500",
    "activities" : [ {
      "activity" : "walking",
      "group" : "walking",
      "manual" : false,
      "startTime" : "20170130T005413-0500",
      "endTime" : "20170130T005425-0500",
      "duration" : 12.0,
      "distance" : 9.0,
      "steps" : 19
    }, {
      "activity" : "walking",
      "group" : "walking",
      "manual" : false,
      "startTime" : "20170130T115530-0500",
      "endTime" : "20170130T115535-0500",
      "duration" : 5.0,
      "distance" : 4.0,
      "steps" : 8
    } ],
    "lastUpdate" : "20170130T184558Z"
  }, {
    "type" : "move",
    "startTime" : "20170130T115556-0500",
    "endTime" : "20170130T121917-0500",
    "activities" : [ {
      "activity" : "walking",
      "group" : "walking",
      "manual" : false,
      "startTime" : "20170130T115556-0500",
      "endTime" : "20170130T120234-0500",
      "duration" : 398.0,
      "distance" : 391.0,
      "steps" : 668
    }, {
      "activity" : "transport",
      "group" : "transport",
      "manual" : false,
      "startTime" : "20170130T120234-0500",
      "endTime" : "20170130T121917-0500",
      "duration" : 1003.0,
      "distance" : 7085.0
    } ],
    "lastUpdate" : "20170130T184558Z"
  }, {
    "type" : "move",
    "startTime" : "20170130T122204-0500",
    "endTime" : "20170130T123344-0500",
    "activities" : [ {
      "activity" : "walking",
      "group" : "walking",
      "manual" : false,
      "startTime" : "20170130T122204-0500",
      "endTime" : "20170130T122505-0500",
      "duration" : 181.0,
      "distance" : 228.0,
      "steps" : 344
    }, {
      "activity" : "transport",
      "group" : "transport",
      "manual" : false,
      "startTime" : "20170130T122506-0500",
      "endTime" : "20170130T123006-0500",
      "duration" : 300.0,
      "distance" : 1664.0
    }, {
      "activity" : "walking",
      "group" : "walking",
      "manual" : false,
      "startTime" : "20170130T123006-0500",
      "endTime" : "20170130T123343-0500",
      "duration" : 217.0,
      "distance" : 164.0,
      "steps" : 328
    } ],
    "lastUpdate" : "20170130T184558Z"
  }, {
    "type" : "place",
    "startTime" : "20170130T123344-0500",
    "endTime" : "20170130T123858-0500",
    "activities" : [ {
      "activity" : "walking",
      "group" : "walking",
      "manual" : false,
      "startTime" : "20170130T123852-0500",
      "endTime" : "20170130T123857-0500",
      "duration" : 5.0,
      "distance" : 4.0,
      "steps" : 8
    } ],
    "lastUpdate" : "20170130T184558Z"
  }, {
    "type" : "move",
    "startTime" : "20170130T123858-0500",
    "endTime" : "20170130T124139-0500",
    "activities" : [ {
      "activity" : "walking",
      "group" : "walking",
      "manual" : false,
      "startTime" : "20170130T123858-0500",
      "endTime" : "20170130T124139-0500",
      "duration" : 161.0,
      "distance" : 196.0,
      "steps" : 330
    } ],
    "lastUpdate" : "20170130T184558Z"
  }, {
    "type" : "place",
    "startTime" : "20170130T124139-0500",
    "endTime" : "20170130T174924-0500",
    "activities" : [ {
      "activity" : "walking",
      "group" : "walking",
      "manual" : false,
      "startTime" : "20170130T124139-0500",
      "endTime" : "20170130T124228-0500",
      "duration" : 49.0,
      "distance" : 37.0,
      "steps" : 74
    }, {
      "activity" : "walking",
      "group" : "walking",
      "manual" : false,
      "startTime" : "20170130T151145-0500",
      "endTime" : "20170130T151205-0500",
      "duration" : 20.0,
      "distance" : 13.0,
      "steps" : 27
    }, {
      "activity" : "walking",
      "group" : "walking",
      "manual" : false,
      "startTime" : "20170130T162934-0500",
      "endTime" : "20170130T163123-0500",
      "duration" : 109.0,
      "distance" : 57.0,
      "steps" : 115
    }, {
      "activity" : "walking",
      "group" : "walking",
      "manual" : false,
      "startTime" : "20170130T174554-0500",
      "endTime" : "20170130T174702-0500",
      "duration" : 68.0,
      "distance" : 36.0,
      "steps" : 73
    } ],
    "lastUpdate" : "20170130T232553Z"
  }, {
    "type" : "move",
    "startTime" : "20170130T174924-0500",
    "endTime" : "20170130T175407-0500",
    "activities" : [ {
      "activity" : "walking",
      "group" : "walking",
      "manual" : false,
      "startTime" : "20170130T174924-0500",
      "endTime" : "20170130T175406-0500",
      "duration" : 282.0,
      "distance" : 277.0,
      "steps" : 504
    } ],
    "lastUpdate" : "20170130T232553Z"
  }, {
    "type" : "place",
    "startTime" : "20170130T175407-0500",
    "endTime" : "20170130T180459-0500",
    "activities" : [ {
      "activity" : "walking",
      "group" : "walking",
      "manual" : false,
      "startTime" : "20170130T175407-0500",
      "endTime" : "20170130T175419-0500",
      "duration" : 12.0,
      "distance" : 9.0,
      "steps" : 19
    }, {
      "activity" : "walking",
      "group" : "walking",
      "manual" : false,
      "startTime" : "20170130T180024-0500",
      "endTime" : "20170130T180039-0500",
      "duration" : 15.0,
      "distance" : 10.0,
      "steps" : 21
    } ],
    "lastUpdate" : "20170130T232553Z"
  }, {
    "type" : "move",
    "startTime" : "20170130T180459-0500",
    "endTime" : "20170130T181008-0500",
    "activities" : [ {
      "activity" : "walking",
      "group" : "walking",
      "manual" : false,
      "startTime" : "20170130T180459-0500",
      "endTime" : "20170130T181007-0500",
      "duration" : 308.0,
      "distance" : 301.0,
      "steps" : 420
    } ],
    "lastUpdate" : "20170130T232553Z"
  }, {
    "type" : "place",
    "startTime" : "20170130T181008-0500",
    "endTime" : "20170131T014919-0500",
    "activities" : [ {
      "activity" : "walking",
      "group" : "walking",
      "manual" : false,
      "startTime" : "20170130T181008-0500",
      "endTime" : "20170130T181139-0500",
      "duration" : 91.0,
      "distance" : 68.0,
      "steps" : 136
    }, {
      "activity" : "walking",
      "group" : "walking",
      "manual" : false,
      "startTime" : "20170130T203443-0500",
      "endTime" : "20170130T203512-0500",
      "duration" : 29.0,
      "distance" : 14.0,
      "steps" : 0
    }, {
      "activity" : "walking",
      "group" : "walking",
      "manual" : false,
      "startTime" : "20170130T212353-0500",
      "endTime" : "20170130T212501-0500",
      "duration" : 68.0,
      "distance" : 34.0,
      "steps" : 58
    } ],
    "lastUpdate" : "20170131T071343Z"
  } ],
  "lastUpdate" : "20170131T071343Z"
} ]