[ {
  "date" : "20170129",
  "summary" : [ {
    "activity" : "walking",
    "group" : "walking",
    "duration" : 743.0,
    "distance" : 549.0,
    "steps" : 251
  } ],
  "segments" : [ {
    "type" : "place",
    "startTime" : "20170129T163552-0500",
    "endTime" : "20170130T001548-0500",
    "place" : {
      "id" : 588615003,
      "type" : "unknown",
      "location" : {
        "lat" : 40.729663,
        "lon" : -73.993393
      }
    },
    "activities" : [ {
      "activity" : "walking",
      "group" : "walking",
      "manual" : false,
      "startTime" : "20170129T164704-0500",
      "endTime" : "20170129T164743-0500",
      "duration" : 39.0,
      "distance" : 29.0,
      "steps" : 59,
      "trackPoints" : [ ]
    }, {
      "activity" : "walking",
      "group" : "walking",
      "manual" : false,
      "startTime" : "20170129T170314-0500",
      "endTime" : "20170129T170337-0500",
      "duration" : 23.0,
      "distance" : 16.0,
      "steps" : 32,
      "trackPoints" : [ ]
    }, {
      "activity" : "walking",
      "group" : "walking",
      "manual" : false,
      "startTime" : "20170129T193826-0500",
      "endTime" : "20170129T193852-0500",
      "duration" : 26.0,
      "distance" : 13.0,
      "steps" : 0,
      "trackPoints" : [ ]
    }, {
      "activity" : "walking",
      "group" : "walking",
      "manual" : false,
      "startTime" : "20170129T222613-0500",
      "endTime" : "20170129T223708-0500",
      "duration" : 655.0,
      "distance" : 491.0,
      "steps" : 160,
      "trackPoints" : [ ]
    } ],
    "lastUpdate" : "20170130T064417Z"
  } ],
  "lastUpdate" : "20170130T064417Z"
}, {
  "date" : "20170130",
  "summary" : [ {
    "activity" : "walking",
    "group" : "walking",
    "duration" : 2585.0,
    "distance" : 2461.0,
    "steps" : 4133
  }, {
    "activity" : "transport",
    "group" : "transport",
    "duration" : 2569.0,
    "distance" : 17678.0
  } ],
  "segments" : [ {
    "type" : "place",
    "startTime" : "20170129T163552-0500",
    "endTime" : "20170130T001548-0500",
    "place" : {
      "id" : 588615003,
      "type" : "unknown",
      "location" : {
        "lat" : 40.729663,
        "lon" : -73.993393
      }
    },
    "activities" : [ {
      "activity" : "walking",
      "group" : "walking",
      "manual" : false,
      "startTime" : "20170130T000925-0500",
      "endTime" : "20170130T001129-0500",
      "duration" : 124.0,
      "distance" : 138.0,
      "steps" : 185,
      "trackPoints" : [ ]
    } ],
    "lastUpdate" : "20170130T064417Z"
  }, {
    "type" : "move",
    "startTime" : "20170130T001548-0500",
    "endTime" : "20170130T002014-0500",
    "activities" : [ {
      "activity" : "transport",
      "group" : "transport",
      "manual" : false,
      "startTime" : "20170130T001548-0500",
      "endTime" : "20170130T002014-0500",
      "duration" : 266.0,
      "distance" : 1802.0,
      "trackPoints" : [ {
        "lat" : 40.729663,
        "lon" : -73.993393,
        "time" : "20170130T001548-0500"
      }, {
        "lat" : 40.724323,
        "lon" : -73.997586,
        "time" : "20170130T001633-0500"
      }, {
        "lat" : 40.724115,
        "lon" : -73.997784,
        "time" : "20170130T001657-0500"
      }, {
        "lat" : 40.72406,
        "lon" : -73.99783,
        "time" : "20170130T001719-0500"
      }, {
        "lat" : 40.72408,
        "lon" : -73.997816,
        "time" : "20170130T001744-0500"
      }, {
        "lat" : 40.719511,
        "lon" : -74.001795,
        "time" : "20170130T001931-0500"
      }, {
        "lat" : 40.717911,
        "lon" : -74.000072,
        "time" : "20170130T002014-0500"
      } ]
    } ],
    "lastUpdate" : "20170130T064417Z"
  }, {
    "type" : "place",
    "startTime" : "20170130T002014-0500",
    "endTime" : "20170130T003052-0500",
    "place" : {
      "id" : 588636067,
      "type" : "unknown",
      "location" : {
        "lat" : 40.717911,
        "lon" : -74.000072
      }
    },
    "activities" : [ {
      "activity" : "walking",
      "group" : "walking",
      "manual" : false,
      "startTime" : "20170130T002014-0500",
      "endTime" : "20170130T002052-0500",
      "duration" : 38.0,
      "distance" : 29.0,
      "steps" : 58,
      "trackPoints" : [ ]
    } ],
    "lastUpdate" : "20170130T064417Z"
  }, {
    "type" : "move",
    "startTime" : "20170130T003052-0500",
    "endTime" : "20170130T005406-0500",
    "activities" : [ {
      "activity" : "transport",
      "group" : "transport",
      "manual" : false,
      "startTime" : "20170130T003052-0500",
      "endTime" : "20170130T004732-0500",
      "duration" : 1000.0,
      "distance" : 7127.0,
      "trackPoints" : [ {
        "lat" : 40.717911,
        "lon" : -74.000072,
        "time" : "20170130T003052-0500"
      }, {
        "lat" : 40.720315,
        "lon" : -73.993438,
        "time" : "20170130T003213-0500"
      }, {
        "lat" : 40.720253,
        "lon" : -73.993097,
        "time" : "20170130T003237-0500"
      }, {
        "lat" : 40.720303,
        "lon" : -73.993258,
        "time" : "20170130T003255-0500"
      }, {
        "lat" : 40.718543,
        "lon" : -73.987595,
        "time" : "20170130T003356-0500"
      }, {
        "lat" : 40.718382,
        "lon" : -73.987086,
        "time" : "20170130T003419-0500"
      }, {
        "lat" : 40.718395,
        "lon" : -73.987136,
        "time" : "20170130T003448-0500"
      }, {
        "lat" : 40.717359,
        "lon" : -73.984253,
        "time" : "20170130T003549-0500"
      }, {
        "lat" : 40.716582,
        "lon" : -73.981791,
        "time" : "20170130T003617-0500"
      }, {
        "lat" : 40.714984,
        "lon" : -73.977243,
        "time" : "20170130T003655-0500"
      }, {
        "lat" : 40.714292,
        "lon" : -73.97546,
        "time" : "20170130T003717-0500"
      }, {
        "lat" : 40.711176,
        "lon" : -73.967772,
        "time" : "20170130T003806-0500"
      }, {
        "lat" : 40.712394,
        "lon" : -73.967661,
        "time" : "20170130T003832-0500"
      }, {
        "lat" : 40.711384,
        "lon" : -73.965535,
        "time" : "20170130T003901-0500"
      }, {
        "lat" : 40.710949,
        "lon" : -73.963572,
        "time" : "20170130T003930-0500"
      }, {
        "lat" : 40.710513,
        "lon" : -73.961917,
        "time" : "20170130T003953-0500"
      }, {
        "lat" : 40.710193,
        "lon" : -73.961148,
        "time" : "20170130T004009-0500"
      }, {
        "lat" : 40.709707,
        "lon" : -73.960336,
        "time" : "20170130T004030-0500"
      }, {
        "lat" : 40.709332,
        "lon" : -73.959746,
        "time" : "20170130T004049-0500"
      }, {
        "lat" : 40.708907,
        "lon" : -73.958974,
        "time" : "20170130T004110-0500"
      }, {
        "lat" : 40.708424,
        "lon" : -73.957931,
        "time" : "20170130T004137-0500"
      }, {
        "lat" : 40.708217,
        "lon" : -73.957534,
        "time" : "20170130T004204-0500"
      }, {
        "lat" : 40.707514,
        "lon" : -73.955128,
        "time" : "20170130T004232-0500"
      }, {
        "lat" : 40.706952,
        "lon" : -73.953639,
        "time" : "20170130T004251-0500"
      }, {
        "lat" : 40.706638,
        "lon" : -73.953146,
        "time" : "20170130T004318-0500"
      }, {
        "lat" : 40.706066,
        "lon" : -73.951376,
        "time" : "20170130T004334-0500"
      }, {
        "lat" : 40.704184,
        "lon" : -73.947945,
        "time" : "20170130T004405-0500"
      }, {
        "lat" : 40.703877,
        "lon" : -73.947472,
        "time" : "20170130T004423-0500"
      }, {
        "lat" : 40.703019,
        "lon" : -73.945554,
        "time" : "20170130T004456-0500"
      }, {
        "lat" : 40.701744,
        "lon" : -73.943529,
        "time" : "20170130T004513-0500"
      }, {
        "lat" : 40.700251,
        "lon" : -73.941125,
        "time" : "20170130T004554-0500"
      }, {
        "lat" : 40.699967,
        "lon" : -73.940614,
        "time" : "20170130T004609-0500"
      }, {
        "lat" : 40.698815,
        "lon" : -73.938592,
        "time" : "20170130T004636-0500"
      }, {
        "lat" : 40.698372,
        "lon" : -73.937658,
        "time" : "20170130T004651-0500"
      }, {
        "lat" : 40.697673,
        "lon" : -73.936474,
        "time" : "20170130T004709-0500"
      }, {
        "lat" : 40.69724,
        "lon" : -73.935725,
        "time" : "20170130T004733-0500"
      } ]
    }, {
      "activity" : "walking",
      "group" : "walking",
      "manual" : false,
      "startTime" : "20170130T004733-0500",
      "endTime" : "20170130T005406-0500",
      "duration" : 393.0,
      "distance" : 442.0,
      "steps" : 738,
      "trackPoints" : [ {
        "lat" : 40.69724,
        "lon" : -73.935725,
        "time" : "20170130T004733-0500"
      }, {
        "lat" : 40.697033,
        "lon" : -73.93539,
        "time" : "20170130T004808-0500"
      }, {
        "lat" : 40.697062,
        "lon" : -73.935071,
        "time" : "20170130T004824-0500"
      }, {
        "lat" : 40.697116,
        "lon" : -73.934393,
        "time" : "20170130T004900-0500"
      }, {
        "lat" : 40.697134,
        "lon" : -73.934137,
        "time" : "20170130T004921-0500"
      }, {
        "lat" : 40.697188,
        "lon" : -73.933535,
        "time" : "20170130T004951-0500"
      }, {
        "lat" : 40.697201,
        "lon" : -73.933116,
        "time" : "20170130T005010-0500"
      }, {
        "lat" : 40.697155,
        "lon" : -73.93302,
        "time" : "20170130T005034-0500"
      }, {
        "lat" : 40.697193,
        "lon" : -73.932776,
        "time" : "20170130T005049-0500"
      }, {
        "lat" : 40.69719,
        "lon" : -73.932325,
        "time" : "20170130T005108-0500"
      }, {
        "lat" : 40.696961,
        "lon" : -73.931633,
        "time" : "20170130T005146-0500"
      }, {
        "lat" : 40.696808,
        "lon" : -73.931445,
        "time" : "20170130T005210-0500"
      }, {
        "lat" : 40.696665,
        "lon" : -73.93141,
        "time" : "20170130T005233-0500"
      }, {
        "lat" : 40.696645,
        "lon" : -73.931416,
        "time" : "20170130T005249-0500"
      }, {
        "lat" : 40.696653,
        "lon" : -73.931446,
        "time" : "20170130T005308-0500"
      }, {
        "lat" : 40.69668,
        "lon" : -73.93147,
        "time" : "20170130T005332-0500"
      }, {
        "lat" : 40.696684,
        "lon" : -73.931481,
        "time" : "20170130T005348-0500"
      }, {
        "lat" : 40.69673,
        "lon" : -73.931402,
        "time" : "20170130T005406-0500"
      } ]
    } ],
    "lastUpdate" : "20170130T064417Z"
  }, {
    "type" : "place",
    "startTime" : "20170130T005406-0500",
    "endTime" : "20170130T115556-0500",
    "place" : {
      "id" : 588636068,
      "type" : "unknown",
      "location" : {
        "lat" : 40.69673,
        "lon" : -73.931402
      }
    },
    "activities" : [ {
      "activity" : "walking",
      "group" : "walking",
      "manual" : false,
      "startTime" : "20170130T005413-0500",
      "endTime" : "20170130T005425-0500",
      "duration" : 12.0,
      "distance" : 9.0,
      "steps" : 19,
      "trackPoints" : [ ]
    }, {
      "activity" : "walking",
      "group" : "walking",
      "manual" : false,
      "startTime" : "20170130T115530-0500",
      "endTime" : "20170130T115535-0500",
      "duration" : 5.0,
      "distance" : 4.0,
      "steps" : 8,
      "trackPoints" : [ ]
    } ],
    "lastUpdate" : "20170130T184558Z"
  }, {
    "type" : "move",
    "startTime" : "20170130T115556-0500",
    "endTime" : "20170130T121917-0500",
    "activities" : [ {
      "activity" : "walking",
      "group" : "walking",
      "manual" : false,
      "startTime" : "20170130T115556-0500",
      "endTime" : "20170130T120234-0500",
      "duration" : 398.0,
      "distance" : 391.0,
      "steps" : 668,
      "trackPoints" : [ {
        "lat" : 40.69673,
        "lon" : -73.931402,
        "time" : "20170130T115556-0500"
      }, {
        "lat" : 40.696866,
        "lon" : -73.931569,
        "time" : "20170130T115625-0500"
      }, {
        "lat" : 40.696888,
        "lon" : -73.931591,
        "time" : "20170130T115653-0500"
      }, {
        "lat" : 40.696844,
        "lon" : -73.931523,
        "time" : "20170130T115721-0500"
      }, {
        "lat" : 40.696959,
        "lon" : -73.931622,
        "time" : "20170130T115741-0500"
      }, {
        "lat" : 40.697102,
        "lon" : -73.931841,
        "time" : "20170130T115759-0500"
      }, {
        "lat" : 40.697191,
        "lon" : -73.932096,
        "time" : "20170130T115815-0500"
      }, {
        "lat" : 40.697251,
        "lon" : -73.932458,
        "time" : "20170130T115832-0500"
      }, {
        "lat" : 40.697192,
        "lon" : -73.932859,
        "time" : "20170130T115850-0500"
      }, {
        "lat" : 40.69717,
        "lon" : -73.93309,
        "time" : "20170130T115907-0500"
      }, {
        "lat" : 40.697168,
        "lon" : -73.933286,
        "time" : "20170130T115925-0500"
      }, {
        "lat" : 40.697153,
        "lon" : -73.933681,
        "time" : "20170130T115944-0500"
      }, {
        "lat" : 40.697137,
        "lon" : -73.933965,
        "time" : "20170130T115959-0500"
      }, {
        "lat" : 40.697137,
        "lon" : -73.933965,
        "time" : "20170130T120000-0500"
      }, {
        "lat" : 40.697123,
        "lon" : -73.934218,
        "time" : "20170130T120013-0500"
      }, {
        "lat" : 40.697073,
        "lon" : -73.934677,
        "time" : "20170130T120035-0500"
      }, {
        "lat" : 40.697042,
        "lon" : -73.935037,
        "time" : "20170130T120101-0500"
      }, {
        "lat" : 40.697045,
        "lon" : -73.935212,
        "time" : "20170130T120124-0500"
      }, {
        "lat" : 40.697051,
        "lon" : -73.935355,
        "time" : "20170130T120147-0500"
      }, {
        "lat" : 40.697075,
        "lon" : -73.935381,
        "time" : "20170130T120210-0500"
      }, {
        "lat" : 40.697137,
        "lon" : -73.93531,
        "time" : "20170130T120234-0500"
      } ]
    }, {
      "activity" : "transport",
      "group" : "transport",
      "manual" : false,
      "startTime" : "20170130T120234-0500",
      "endTime" : "20170130T121917-0500",
      "duration" : 1003.0,
      "distance" : 7085.0,
      "trackPoints" : [ {
        "lat" : 40.697137,
        "lon" : -73.93531,
        "time" : "20170130T120234-0500"
      }, {
        "lat" : 40.697154,
        "lon" : -73.935324,
        "time" : "20170130T120252-0500"
      }, {
        "lat" : 40.69723,
        "lon" : -73.935726,
        "time" : "20170130T120311-0500"
      }, {
        "lat" : 40.69821,
        "lon" : -73.937388,
        "time" : "20170130T120332-0500"
      }, {
        "lat" : 40.699567,
        "lon" : -73.939907,
        "time" : "20170130T120350-0500"
      }, {
        "lat" : 40.701695,
        "lon" : -73.943584,
        "time" : "20170130T120411-0500"
      }, {
        "lat" : 40.70342,
        "lon" : -73.946244,
        "time" : "20170130T120431-0500"
      }, {
        "lat" : 40.704125,
        "lon" : -73.94794,
        "time" : "20170130T120448-0500"
      }, {
        "lat" : 40.70582,
        "lon" : -73.949721,
        "time" : "20170130T120504-0500"
      }, {
        "lat" : 40.706254,
        "lon" : -73.951444,
        "time" : "20170130T120521-0500"
      }, {
        "lat" : 40.70692,
        "lon" : -73.953404,
        "time" : "20170130T120540-0500"
      }, {
        "lat" : 40.707247,
        "lon" : -73.95427,
        "time" : "20170130T120601-0500"
      }, {
        "lat" : 40.707539,
        "lon" : -73.955157,
        "time" : "20170130T120620-0500"
      }, {
        "lat" : 40.708061,
        "lon" : -73.956593,
        "time" : "20170130T120648-0500"
      }, {
        "lat" : 40.708273,
        "lon" : -73.957224,
        "time" : "20170130T120704-0500"
      }, {
        "lat" : 40.708442,
        "lon" : -73.957738,
        "time" : "20170130T120724-0500"
      }, {
        "lat" : 40.708601,
        "lon" : -73.958176,
        "time" : "20170130T120740-0500"
      }, {
        "lat" : 40.708944,
        "lon" : -73.958996,
        "time" : "20170130T120800-0500"
      }, {
        "lat" : 40.709579,
        "lon" : -73.960265,
        "time" : "20170130T120822-0500"
      }, {
        "lat" : 40.711268,
        "lon" : -73.964571,
        "time" : "20170130T120902-0500"
      }, {
        "lat" : 40.712018,
        "lon" : -73.966808,
        "time" : "20170130T120923-0500"
      }, {
        "lat" : 40.712398,
        "lon" : -73.968342,
        "time" : "20170130T120938-0500"
      }, {
        "lat" : 40.713404,
        "lon" : -73.971434,
        "time" : "20170130T121000-0500"
      }, {
        "lat" : 40.714104,
        "lon" : -73.973878,
        "time" : "20170130T121025-0500"
      }, {
        "lat" : 40.715243,
        "lon" : -73.977592,
        "time" : "20170130T121102-0500"
      }, {
        "lat" : 40.715796,
        "lon" : -73.979195,
        "time" : "20170130T121120-0500"
      }, {
        "lat" : 40.717031,
        "lon" : -73.983278,
        "time" : "20170130T121206-0500"
      }, {
        "lat" : 40.717413,
        "lon" : -73.984433,
        "time" : "20170130T121226-0500"
      }, {
        "lat" : 40.718413,
        "lon" : -73.98717,
        "time" : "20170130T121257-0500"
      }, {
        "lat" : 40.718511,
        "lon" : -73.987454,
        "time" : "20170130T121328-0500"
      }, {
        "lat" : 40.720242,
        "lon" : -73.993073,
        "time" : "20170130T121431-0500"
      }, {
        "lat" : 40.720309,
        "lon" : -73.99339,
        "time" : "20170130T121452-0500"
      }, {
        "lat" : 40.71794,
        "lon" : -74.000035,
        "time" : "20170130T121620-0500"
      }, {
        "lat" : 40.718046,
        "lon" : -74.000252,
        "time" : "20170130T121639-0500"
      }, {
        "lat" : 40.718114,
        "lon" : -74.000316,
        "time" : "20170130T121703-0500"
      }, {
        "lat" : 40.718122,
        "lon" : -74.000325,
        "time" : "20170130T121720-0500"
      }, {
        "lat" : 40.718119,
        "lon" : -74.000321,
        "time" : "20170130T121754-0500"
      }, {
        "lat" : 40.718136,
        "lon" : -74.000339,
        "time" : "20170130T121818-0500"
      }, {
        "lat" : 40.718136,
        "lon" : -74.00034,
        "time" : "20170130T121917-0500"
      } ]
    } ],
    "lastUpdate" : "20170130T184558Z"
  }, {
    "type" : "place",
    "startTime" : "20170130T121918-0500",
    "endTime" : "20170130T122204-0500",
    "place" : {
      "id" : 588906554,
      "type" : "unknown",
      "location" : {
        "lat" : 40.718136,
        "lon" : -74.00034
      }
    },
    "lastUpdate" : "20170130T184558Z"
  }, {
    "type" : "move",
    "startTime" : "20170130T122204-0500",
    "endTime" : "20170130T123344-0500",
    "activities" : [ {
      "activity" : "walking",
      "group" : "walking",
      "manual" : false,
      "startTime" : "20170130T122204-0500",
      "endTime" : "20170130T122505-0500",
      "duration" : 181.0,
      "distance" : 228.0,
      "steps" : 344,
      "trackPoints" : [ {
        "lat" : 40.718136,
        "lon" : -74.00034,
        "time" : "20170130T122204-0500"
      }, {
        "lat" : 40.719332,
        "lon" : -74.001647,
        "time" : "20170130T122412-0500"
      }, {
        "lat" : 40.71942,
        "lon" : -74.001745,
        "time" : "20170130T122428-0500"
      }, {
        "lat" : 40.719475,
        "lon" : -74.001802,
        "time" : "20170130T122444-0500"
      }, {
        "lat" : 40.719537,
        "lon" : -74.001844,
        "time" : "20170130T122506-0500"
      } ]
    }, {
      "activity" : "transport",
      "group" : "transport",
      "manual" : false,
      "startTime" : "20170130T122506-0500",
      "endTime" : "20170130T123006-0500",
      "duration" : 300.0,
      "distance" : 1664.0,
      "trackPoints" : [ {
        "lat" : 40.719537,
        "lon" : -74.001844,
        "time" : "20170130T122506-0500"
      }, {
        "lat" : 40.724197,
        "lon" : -73.997702,
        "time" : "20170130T122646-0500"
      }, {
        "lat" : 40.724266,
        "lon" : -73.997613,
        "time" : "20170130T122711-0500"
      }, {
        "lat" : 40.724279,
        "lon" : -73.997595,
        "time" : "20170130T122733-0500"
      }, {
        "lat" : 40.724275,
        "lon" : -73.997595,
        "time" : "20170130T122807-0500"
      }, {
        "lat" : 40.730556,
        "lon" : -73.992737,
        "time" : "20170130T123006-0500"
      } ]
    }, {
      "activity" : "walking",
      "group" : "walking",
      "manual" : false,
      "startTime" : "20170130T123006-0500",
      "endTime" : "20170130T123343-0500",
      "duration" : 217.0,
      "distance" : 164.0,
      "steps" : 328,
      "trackPoints" : [ {
        "lat" : 40.730556,
        "lon" : -73.992737,
        "time" : "20170130T123006-0500"
      }, {
        "lat" : 40.730595,
        "lon" : -73.992706,
        "time" : "20170130T123026-0500"
      }, {
        "lat" : 40.730602,
        "lon" : -73.992591,
        "time" : "20170130T123055-0500"
      }, {
        "lat" : 40.730598,
        "lon" : -73.992514,
        "time" : "20170130T123118-0500"
      }, {
        "lat" : 40.730568,
        "lon" : -73.992589,
        "time" : "20170130T123137-0500"
      }, {
        "lat" : 40.730624,
        "lon" : -73.992806,
        "time" : "20170130T123209-0500"
      }, {
        "lat" : 40.730647,
        "lon" : -73.992991,
        "time" : "20170130T123224-0500"
      }, {
        "lat" : 40.730897,
        "lon" : -73.993296,
        "time" : "20170130T123253-0500"
      }, {
        "lat" : 40.731021,
        "lon" : -73.993469,
        "time" : "20170130T123314-0500"
      }, {
        "lat" : 40.731002,
        "lon" : -73.993544,
        "time" : "20170130T123344-0500"
      } ]
    } ],
    "lastUpdate" : "20170130T184558Z"
  }, {
    "type" : "place",
    "startTime" : "20170130T123344-0500",
    "endTime" : "20170130T123858-0500",
    "place" : {
      "id" : 588906556,
      "type" : "unknown",
      "location" : {
        "lat" : 40.731002,
        "lon" : -73.993544
      }
    },
    "activities" : [ {
      "activity" : "walking",
      "group" : "walking",
      "manual" : false,
      "startTime" : "20170130T123852-0500",
      "endTime" : "20170130T123857-0500",
      "duration" : 5.0,
      "distance" : 4.0,
      "steps" : 8,
      "trackPoints" : [ ]
    } ],
    "lastUpdate" : "20170130T184558Z"
  }, {
    "type" : "move",
    "startTime" : "20170130T123858-0500",
    "endTime" : "20170130T124139-0500",
    "activities" : [ {
      "activity" : "walking",
      "group" : "walking",
      "manual" : false,
      "startTime" : "20170130T123858-0500",
      "endTime" : "20170130T124139-0500",
      "duration" : 161.0,
      "distance" : 196.0,
      "steps" : 330,
      "trackPoints" : [ {
        "lat" : 40.731002,
        "lon" : -73.993544,
        "time" : "20170130T123858-0500"
      }, {
        "lat" : 40.730689,
        "lon" : -73.993489,
        "time" : "20170130T123927-0500"
      }, {
        "lat" : 40.730462,
        "lon" : -73.99363,
        "time" : "20170130T123955-0500"
      }, {
        "lat" : 40.730311,
        "lon" : -73.993973,
        "time" : "20170130T124011-0500"
      }, {
        "lat" : 40.73003,
        "lon" : -73.993745,
        "time" : "20170130T124033-0500"
      }, {
        "lat" : 40.729845,
        "lon" : -73.993523,
        "time" : "20170130T124053-0500"
      }, {
        "lat" : 40.729608,
        "lon" : -73.993463,
        "time" : "20170130T124123-0500"
      }, {
        "lat" : 40.729663,
        "lon" : -73.993393,
        "time" : "20170130T124139-0500"
      } ]
    } ],
    "lastUpdate" : "20170130T184558Z"
  }, {
    "type" : "place",
    "startTime" : "20170130T124139-0500",
    "endTime" : "20170130T174924-0500",
    "place" : {
      "id" : 588615003,
      "type" : "unknown",
      "location" : {
        "lat" : 40.729663,
        "lon" : -73.993393
      }
    },
    "activities" : [ {
      "activity" : "walking",
      "group" : "walking",
      "manual" : false,
      "startTime" : "20170130T124139-0500",
      "endTime" : "20170130T124228-0500",
      "duration" : 49.0,
      "distance" : 37.0,
      "steps" : 74,
      "trackPoints" : [ ]
    }, {
      "activity" : "walking",
      "group" : "walking",
      "manual" : false,
      "startTime" : "20170130T151145-0500",
      "endTime" : "20170130T151205-0500",
      "duration" : 20.0,
      "distance" : 13.0,
      "steps" : 27,
      "trackPoints" : [ ]
    }, {
      "activity" : "walking",
      "group" : "walking",
      "manual" : false,
      "startTime" : "20170130T162934-0500",
      "endTime" : "20170130T163123-0500",
      "duration" : 109.0,
      "distance" : 57.0,
      "steps" : 115,
      "trackPoints" : [ ]
    }, {
      "activity" : "walking",
      "group" : "walking",
      "manual" : false,
      "startTime" : "20170130T174554-0500",
      "endTime" : "20170130T174702-0500",
      "duration" : 68.0,
      "distance" : 36.0,
      "steps" : 73,
      "trackPoints" : [ ]
    } ],
    "lastUpdate" : "20170130T232553Z"
  }, {
    "type" : "move",
    "startTime" : "20170130T174924-0500",
    "endTime" : "20170130T175407-0500",
    "activities" : [ {
      "activity" : "walking",
      "group" : "walking",
      "manual" : false,
      "startTime" : "20170130T174924-0500",
      "endTime" : "20170130T175406-0500",
      "duration" : 282.0,
      "distance" : 277.0,
      "steps" : 504,
      "trackPoints" : [ {
        "lat" : 40.729663,
        "lon" : -73.993393,
        "time" : "20170130T174924-0500"
      }, {
        "lat" : 40.729787,
        "lon" : -73.993349,
        "time" : "20170130T174942-0500"
      }, {
        "lat" : 40.729678,
        "lon" : -73.993354,
        "time" : "20170130T175006-0500"
      }, {
        "lat" : 40.729557,
        "lon" : -73.993406,
        "time" : "20170130T175028-0500"
      }, {
        "lat" : 40.729803,
        "lon" : -73.993269,
        "time" : "20170130T175105-0500"
      }, {
        "lat" : 40.729921,
        "lon" : -73.993174,
        "time" : "20170130T175128-0500"
      }, {
        "lat" : 40.730178,
        "lon" : -73.9929,
        "time" : "20170130T175152-0500"
      }, {
        "lat" : 40.730165,
        "lon" : -73.992523,
        "time" : "20170130T175207-0500"
      }, {
        "lat" : 40.730148,
        "lon" : -73.992451,
        "time" : "20170130T175223-0500"
      }, {
        "lat" : 40.730343,
        "lon" : -73.992563,
        "time" : "20170130T175242-0500"
      }, {
        "lat" : 40.730643,
        "lon" : -73.992812,
        "time" : "20170130T175319-0500"
      }, {
        "lat" : 40.730772,
        "lon" : -73.993108,
        "time" : "20170130T175342-0500"
      }, {
        "lat" : 40.730849,
        "lon" : -73.993248,
        "time" : "20170130T175407-0500"
      } ]
    } ],
    "lastUpdate" : "20170130T232553Z"
  }, {
    "type" : "place",
    "startTime" : "20170130T175407-0500",
    "endTime" : "20170130T180459-0500",
    "place" : {
      "id" : 588982412,
      "type" : "unknown",
      "location" : {
        "lat" : 40.730849,
        "lon" : -73.993248
      }
    },
    "activities" : [ {
      "activity" : "walking",
      "group" : "walking",
      "manual" : false,
      "startTime" : "20170130T175407-0500",
      "endTime" : "20170130T175419-0500",
      "duration" : 12.0,
      "distance" : 9.0,
      "steps" : 19,
      "trackPoints" : [ ]
    }, {
      "activity" : "walking",
      "group" : "walking",
      "manual" : false,
      "startTime" : "20170130T180024-0500",
      "endTime" : "20170130T180039-0500",
      "duration" : 15.0,
      "distance" : 10.0,
      "steps" : 21,
      "trackPoints" : [ ]
    } ],
    "lastUpdate" : "20170130T232553Z"
  }, {
    "type" : "move",
    "startTime" : "20170130T180459-0500",
    "endTime" : "20170130T181008-0500",
    "activities" : [ {
      "activity" : "walking",
      "group" : "walking",
      "manual" : false,
      "startTime" : "20170130T180459-0500",
      "endTime" : "20170130T181007-0500",
      "duration" : 308.0,
      "distance" : 301.0,
      "steps" : 420,
      "trackPoints" : [ {
        "lat" : 40.730849,
        "lon" : -73.993248,
        "time" : "20170130T180459-0500"
      }, {
        "lat" : 40.730794,
        "lon" : -73.993015,
        "time" : "20170130T180522-0500"
      }, {
        "lat" : 40.730719,
        "lon" : -73.992695,
        "time" : "20170130T180556-0500"
      }, {
        "lat" : 40.730846,
        "lon" : -73.992637,
        "time" : "20170130T180618-0500"
      }, {
        "lat" : 40.730954,
        "lon" : -73.992624,
        "time" : "20170130T180633-0500"
      }, {
        "lat" : 40.730357,
        "lon" : -73.992348,
        "time" : "20170130T180649-0500"
      }, {
        "lat" : 40.730213,
        "lon" : -73.992651,
        "time" : "20170130T180711-0500"
      }, {
        "lat" : 40.729859,
        "lon" : -73.993161,
        "time" : "20170130T180748-0500"
      }, {
        "lat" : 40.729675,
        "lon" : -73.993362,
        "time" : "20170130T180813-0500"
      }, {
        "lat" : 40.729605,
        "lon" : -73.993419,
        "time" : "20170130T180837-0500"
      }, {
        "lat" : 40.729583,
        "lon" : -73.993421,
        "time" : "20170130T180900-0500"
      }, {
        "lat" : 40.729562,
        "lon" : -73.993423,
        "time" : "20170130T180920-0500"
      }, {
        "lat" : 40.729553,
        "lon" : -73.993428,
        "time" : "20170130T180943-0500"
      }, {
        "lat" : 40.729663,
        "lon" : -73.993393,
        "time" : "20170130T181008-0500"
      } ]
    } ],
    "lastUpdate" : "20170130T232553Z"
  }, {
    "type" : "place",
    "startTime" : "20170130T181008-0500",
    "endTime" : "20170131T014919-0500",
    "place" : {
      "id" : 588615003,
      "type" : "unknown",
      "location" : {
        "lat" : 40.729663,
        "lon" : -73.993393
      }
    },
    "activities" : [ {
      "activity" : "walking",
      "group" : "walking",
      "manual" : false,
      "startTime" : "20170130T181008-0500",
      "endTime" : "20170130T181139-0500",
      "duration" : 91.0,
      "distance" : 68.0,
      "steps" : 136,
      "trackPoints" : [ ]
    }, {
      "activity" : "walking",
      "group" : "walking",
      "manual" : false,
      "startTime" : "20170130T203443-0500",
      "endTime" : "20170130T203512-0500",
      "duration" : 29.0,
      "distance" : 14.0,
      "steps" : 0,
      "trackPoints" : [ ]
    }, {
      "activity" : "walking",
      "group" : "walking",
      "manual" : false,
      "startTime" : "20170130T212353-0500",
      "endTime" : "20170130T212501-0500",
      "duration" : 68.0,
      "distance" : 34.0,
      "steps" : 58,
      "trackPoints" : [ ]
    } ],
    "lastUpdate" : "20170131T071343Z"
  } ],
  "lastUpdate" : "20170131T071343Z"
}, {
  "date" : "20170131",
  "summary" : [ {
    "activity" : "walking",
    "group" : "walking",
    "duration" : 5652.0,
    "distance" : 5516.0,
    "steps" : 8374
  }, {
    "activity" : "transport",
    "group" : "transport",
    "duration" : 2135.0,
    "distance" : 15589.0
  } ],
  "segments" : [ {
    "type" : "place",
    "startTime" : "20170130T181008-0500",
    "endTime" : "20170131T014919-0500",
    "place" : {
      "id" : 588615003,
      "type" : "unknown",
      "location" : {
        "lat" : 40.729663,
        "lon" : -73.993393
      }
    },
    "activities" : [ {
      "activity" : "walking",
      "group" : "walking",
      "manual" : false,
      "startTime" : "20170131T001020-0500",
      "endTime" : "20170131T001511-0500",
      "duration" : 291.0,
      "distance" : 218.0,
      "steps" : 253,
      "trackPoints" : [ ]
    }, {
      "activity" : "walking",
      "group" : "walking",
      "manual" : false,
      "startTime" : "20170131T014912-0500",
      "endTime" : "20170131T014918-0500",
      "duration" : 6.0,
      "distance" : 4.0,
      "steps" : 9,
      "trackPoints" : [ ]
    } ],
    "lastUpdate" : "20170131T071343Z"
  }, {
    "type" : "move",
    "startTime" : "20170131T014919-0500",
    "endTime" : "20170131T015434-0500",
    "activities" : [ {
      "activity" : "walking",
      "group" : "walking",
      "manual" : false,
      "startTime" : "20170131T014919-0500",
      "endTime" : "20170131T015434-0500",
      "duration" : 315.0,
      "distance" : 192.0,
      "steps" : 385,
      "trackPoints" : [ {
        "lat" : 40.729663,
        "lon" : -73.993393,
        "time" : "20170131T014919-0500"
      }, {
        "lat" : 40.729617,
        "lon" : -73.993432,
        "time" : "20170131T014938-0500"
      }, {
        "lat" : 40.729627,
        "lon" : -73.993433,
        "time" : "20170131T015000-0500"
      }, {
        "lat" : 40.729657,
        "lon" : -73.993433,
        "time" : "20170131T015113-0500"
      }, {
        "lat" : 40.729664,
        "lon" : -73.99345,
        "time" : "20170131T015138-0500"
      }, {
        "lat" : 40.72966,
        "lon" : -73.993458,
        "time" : "20170131T015201-0500"
      }, {
        "lat" : 40.729611,
        "lon" : -73.993411,
        "time" : "20170131T015241-0500"
      }, {
        "lat" : 40.729581,
        "lon" : -73.993407,
        "time" : "20170131T015258-0500"
      }, {
        "lat" : 40.729622,
        "lon" : -73.993387,
        "time" : "20170131T015318-0500"
      }, {
        "lat" : 40.729741,
        "lon" : -73.993303,
        "time" : "20170131T015335-0500"
      }, {
        "lat" : 40.730352,
        "lon" : -73.992752,
        "time" : "20170131T015434-0500"
      } ]
    } ],
    "lastUpdate" : "20170131T071343Z"
  }, {
    "type" : "place",
    "startTime" : "20170131T015435-0500",
    "endTime" : "20170131T020213-0500",
    "place" : {
      "id" : 589079641,
      "type" : "unknown",
      "location" : {
        "lat" : 40.730352,
        "lon" : -73.992752
      }
    },
    "activities" : [ {
      "activity" : "walking",
      "group" : "walking",
      "manual" : false,
      "startTime" : "20170131T015435-0500",
      "endTime" : "20170131T015445-0500",
      "duration" : 10.0,
      "distance" : 8.0,
      "steps" : 16,
      "trackPoints" : [ ]
    }, {
      "activity" : "walking",
      "group" : "walking",
      "manual" : false,
      "startTime" : "20170131T020130-0500",
      "endTime" : "20170131T020212-0500",
      "duration" : 42.0,
      "distance" : 21.0,
      "steps" : 41,
      "trackPoints" : [ ]
    } ],
    "lastUpdate" : "20170131T071343Z"
  }, {
    "type" : "move",
    "startTime" : "20170131T020213-0500",
    "endTime" : "20170131T020935-0500",
    "activities" : [ {
      "activity" : "transport",
      "group" : "transport",
      "manual" : false,
      "startTime" : "20170131T020213-0500",
      "endTime" : "20170131T020559-0500",
      "duration" : 226.0,
      "distance" : 1669.0,
      "trackPoints" : [ {
        "lat" : 40.730352,
        "lon" : -73.992752,
        "time" : "20170131T020213-0500"
      }, {
        "lat" : 40.724309,
        "lon" : -73.997571,
        "time" : "20170131T020322-0500"
      }, {
        "lat" : 40.72414,
        "lon" : -73.997772,
        "time" : "20170131T020343-0500"
      }, {
        "lat" : 40.724112,
        "lon" : -73.997795,
        "time" : "20170131T020403-0500"
      }, {
        "lat" : 40.724107,
        "lon" : -73.997799,
        "time" : "20170131T020422-0500"
      }, {
        "lat" : 40.724112,
        "lon" : -73.997796,
        "time" : "20170131T020442-0500"
      }, {
        "lat" : 40.719455,
        "lon" : -74.001825,
        "time" : "20170131T020543-0500"
      }, {
        "lat" : 40.719349,
        "lon" : -74.001678,
        "time" : "20170131T020600-0500"
      } ]
    }, {
      "activity" : "walking",
      "group" : "walking",
      "manual" : false,
      "startTime" : "20170131T020600-0500",
      "endTime" : "20170131T020935-0500",
      "duration" : 215.0,
      "distance" : 256.0,
      "steps" : 444,
      "trackPoints" : [ {
        "lat" : 40.719349,
        "lon" : -74.001678,
        "time" : "20170131T020600-0500"
      }, {
        "lat" : 40.71938,
        "lon" : -74.00173,
        "time" : "20170131T020620-0500"
      }, {
        "lat" : 40.719425,
        "lon" : -74.001802,
        "time" : "20170131T020638-0500"
      }, {
        "lat" : 40.719407,
        "lon" : -74.001766,
        "time" : "20170131T020655-0500"
      }, {
        "lat" : 40.719279,
        "lon" : -74.001565,
        "time" : "20170131T020720-0500"
      }, {
        "lat" : 40.718836,
        "lon" : -74.000995,
        "time" : "20170131T020745-0500"
      }, {
        "lat" : 40.718477,
        "lon" : -74.000635,
        "time" : "20170131T020812-0500"
      }, {
        "lat" : 40.717985,
        "lon" : -74.000194,
        "time" : "20170131T020856-0500"
      }, {
        "lat" : 40.717916,
        "lon" : -74.000131,
        "time" : "20170131T020917-0500"
      }, {
        "lat" : 40.717911,
        "lon" : -74.000072,
        "time" : "20170131T020935-0500"
      } ]
    } ],
    "lastUpdate" : "20170131T071343Z"
  }, {
    "type" : "place",
    "startTime" : "20170131T020935-0500",
    "endTime" : "20170131T022218-0500",
    "place" : {
      "id" : 588636067,
      "type" : "unknown",
      "location" : {
        "lat" : 40.717911,
        "lon" : -74.000072
      }
    },
    "activities" : [ {
      "activity" : "walking",
      "group" : "walking",
      "manual" : false,
      "startTime" : "20170131T020935-0500",
      "endTime" : "20170131T021012-0500",
      "duration" : 37.0,
      "distance" : 28.0,
      "steps" : 57,
      "trackPoints" : [ ]
    } ],
    "lastUpdate" : "20170131T084652Z"
  }, {
    "type" : "move",
    "startTime" : "20170131T022218-0500",
    "endTime" : "20170131T024408-0500",
    "activities" : [ {
      "activity" : "transport",
      "group" : "transport",
      "manual" : false,
      "startTime" : "20170131T022218-0500",
      "endTime" : "20170131T023805-0500",
      "duration" : 947.0,
      "distance" : 7115.0,
      "trackPoints" : [ {
        "lat" : 40.717911,
        "lon" : -74.000072,
        "time" : "20170131T022218-0500"
      }, {
        "lat" : 40.720311,
        "lon" : -73.993446,
        "time" : "20170131T022328-0500"
      }, {
        "lat" : 40.720256,
        "lon" : -73.993114,
        "time" : "20170131T022345-0500"
      }, {
        "lat" : 40.720206,
        "lon" : -73.992946,
        "time" : "20170131T022403-0500"
      }, {
        "lat" : 40.720295,
        "lon" : -73.993234,
        "time" : "20170131T022419-0500"
      }, {
        "lat" : 40.718528,
        "lon" : -73.987564,
        "time" : "20170131T022513-0500"
      }, {
        "lat" : 40.7184,
        "lon" : -73.98713,
        "time" : "20170131T022530-0500"
      }, {
        "lat" : 40.718324,
        "lon" : -73.986922,
        "time" : "20170131T022553-0500"
      }, {
        "lat" : 40.718341,
        "lon" : -73.98697,
        "time" : "20170131T022613-0500"
      }, {
        "lat" : 40.718348,
        "lon" : -73.986987,
        "time" : "20170131T022633-0500"
      }, {
        "lat" : 40.717539,
        "lon" : -73.984807,
        "time" : "20170131T022704-0500"
      }, {
        "lat" : 40.717011,
        "lon" : -73.983109,
        "time" : "20170131T022721-0500"
      }, {
        "lat" : 40.716075,
        "lon" : -73.98001,
        "time" : "20170131T022751-0500"
      }, {
        "lat" : 40.71504,
        "lon" : -73.976435,
        "time" : "20170131T022820-0500"
      }, {
        "lat" : 40.713866,
        "lon" : -73.973099,
        "time" : "20170131T022850-0500"
      }, {
        "lat" : 40.712264,
        "lon" : -73.96813,
        "time" : "20170131T022939-0500"
      }, {
        "lat" : 40.711673,
        "lon" : -73.966323,
        "time" : "20170131T023002-0500"
      }, {
        "lat" : 40.711172,
        "lon" : -73.964257,
        "time" : "20170131T023023-0500"
      }, {
        "lat" : 40.710739,
        "lon" : -73.962426,
        "time" : "20170131T023041-0500"
      }, {
        "lat" : 40.710154,
        "lon" : -73.961286,
        "time" : "20170131T023058-0500"
      }, {
        "lat" : 40.70959,
        "lon" : -73.960323,
        "time" : "20170131T023116-0500"
      }, {
        "lat" : 40.708747,
        "lon" : -73.958741,
        "time" : "20170131T023159-0500"
      }, {
        "lat" : 40.708472,
        "lon" : -73.958105,
        "time" : "20170131T023216-0500"
      }, {
        "lat" : 40.708254,
        "lon" : -73.957369,
        "time" : "20170131T023236-0500"
      }, {
        "lat" : 40.707742,
        "lon" : -73.955865,
        "time" : "20170131T023309-0500"
      }, {
        "lat" : 40.70707,
        "lon" : -73.95392,
        "time" : "20170131T023328-0500"
      }, {
        "lat" : 40.706734,
        "lon" : -73.95291,
        "time" : "20170131T023350-0500"
      }, {
        "lat" : 40.706527,
        "lon" : -73.952173,
        "time" : "20170131T023412-0500"
      }, {
        "lat" : 40.705924,
        "lon" : -73.95006,
        "time" : "20170131T023430-0500"
      }, {
        "lat" : 40.703887,
        "lon" : -73.947393,
        "time" : "20170131T023458-0500"
      }, {
        "lat" : 40.703509,
        "lon" : -73.946813,
        "time" : "20170131T023523-0500"
      }, {
        "lat" : 40.702319,
        "lon" : -73.944851,
        "time" : "20170131T023545-0500"
      }, {
        "lat" : 40.701212,
        "lon" : -73.942574,
        "time" : "20170131T023603-0500"
      }, {
        "lat" : 40.700366,
        "lon" : -73.940998,
        "time" : "20170131T023631-0500"
      }, {
        "lat" : 40.698849,
        "lon" : -73.938522,
        "time" : "20170131T023713-0500"
      }, {
        "lat" : 40.697401,
        "lon" : -73.936011,
        "time" : "20170131T023750-0500"
      }, {
        "lat" : 40.697111,
        "lon" : -73.935567,
        "time" : "20170131T023806-0500"
      } ]
    }, {
      "activity" : "walking",
      "group" : "walking",
      "manual" : false,
      "startTime" : "20170131T023806-0500",
      "endTime" : "20170131T024407-0500",
      "duration" : 361.0,
      "distance" : 486.0,
      "steps" : 677,
      "trackPoints" : [ {
        "lat" : 40.697111,
        "lon" : -73.935567,
        "time" : "20170131T023806-0500"
      }, {
        "lat" : 40.697065,
        "lon" : -73.935432,
        "time" : "20170131T023834-0500"
      }, {
        "lat" : 40.697081,
        "lon" : -73.935244,
        "time" : "20170131T023852-0500"
      }, {
        "lat" : 40.697122,
        "lon" : -73.934986,
        "time" : "20170131T023910-0500"
      }, {
        "lat" : 40.697005,
        "lon" : -73.934958,
        "time" : "20170131T023932-0500"
      }, {
        "lat" : 40.697084,
        "lon" : -73.934501,
        "time" : "20170131T023954-0500"
      }, {
        "lat" : 40.697155,
        "lon" : -73.933987,
        "time" : "20170131T024015-0500"
      }, {
        "lat" : 40.697212,
        "lon" : -73.933222,
        "time" : "20170131T024050-0500"
      }, {
        "lat" : 40.6973,
        "lon" : -73.932812,
        "time" : "20170131T024109-0500"
      }, {
        "lat" : 40.697291,
        "lon" : -73.932448,
        "time" : "20170131T024132-0500"
      }, {
        "lat" : 40.697229,
        "lon" : -73.932213,
        "time" : "20170131T024147-0500"
      }, {
        "lat" : 40.697092,
        "lon" : -73.931893,
        "time" : "20170131T024205-0500"
      }, {
        "lat" : 40.696704,
        "lon" : -73.931319,
        "time" : "20170131T024242-0500"
      }, {
        "lat" : 40.696446,
        "lon" : -73.93136,
        "time" : "20170131T024258-0500"
      }, {
        "lat" : 40.69644,
        "lon" : -73.931452,
        "time" : "20170131T024324-0500"
      }, {
        "lat" : 40.696577,
        "lon" : -73.931469,
        "time" : "20170131T024345-0500"
      }, {
        "lat" : 40.69673,
        "lon" : -73.931402,
        "time" : "20170131T024408-0500"
      } ]
    } ],
    "lastUpdate" : "20170131T084652Z"
  }, {
    "type" : "place",
    "startTime" : "20170131T024408-0500",
    "endTime" : "20170131T114507-0500",
    "place" : {
      "id" : 588636068,
      "type" : "unknown",
      "location" : {
        "lat" : 40.69673,
        "lon" : -73.931402
      }
    },
    "activities" : [ {
      "activity" : "walking",
      "group" : "walking",
      "manual" : false,
      "startTime" : "20170131T024408-0500",
      "endTime" : "20170131T024439-0500",
      "duration" : 31.0,
      "distance" : 23.0,
      "steps" : 47,
      "trackPoints" : [ ]
    }, {
      "activity" : "walking",
      "group" : "walking",
      "manual" : false,
      "startTime" : "20170131T103327-0500",
      "endTime" : "20170131T103349-0500",
      "duration" : 22.0,
      "distance" : 17.0,
      "steps" : 34,
      "trackPoints" : [ ]
    }, {
      "activity" : "walking",
      "group" : "walking",
      "manual" : false,
      "startTime" : "20170131T114459-0500",
      "endTime" : "20170131T114507-0500",
      "duration" : 8.0,
      "distance" : 5.0,
      "steps" : 11,
      "trackPoints" : [ ]
    } ],
    "lastUpdate" : "20170131T183628Z"
  }, {
    "type" : "move",
    "startTime" : "20170131T114508-0500",
    "endTime" : "20170131T121225-0500",
    "activities" : [ {
      "activity" : "walking",
      "group" : "walking",
      "manual" : false,
      "startTime" : "20170131T114508-0500",
      "endTime" : "20170131T115143-0500",
      "duration" : 395.0,
      "distance" : 410.0,
      "steps" : 661,
      "trackPoints" : [ {
        "lat" : 40.69673,
        "lon" : -73.931402,
        "time" : "20170131T114508-0500"
      }, {
        "lat" : 40.696819,
        "lon" : -73.931517,
        "time" : "20170131T114537-0500"
      }, {
        "lat" : 40.696795,
        "lon" : -73.931515,
        "time" : "20170131T114552-0500"
      }, {
        "lat" : 40.696842,
        "lon" : -73.931493,
        "time" : "20170131T114612-0500"
      }, {
        "lat" : 40.696972,
        "lon" : -73.931624,
        "time" : "20170131T114627-0500"
      }, {
        "lat" : 40.697197,
        "lon" : -73.931973,
        "time" : "20170131T114700-0500"
      }, {
        "lat" : 40.697321,
        "lon" : -73.932327,
        "time" : "20170131T114722-0500"
      }, {
        "lat" : 40.697354,
        "lon" : -73.932789,
        "time" : "20170131T114743-0500"
      }, {
        "lat" : 40.697217,
        "lon" : -73.933328,
        "time" : "20170131T114817-0500"
      }, {
        "lat" : 40.697128,
        "lon" : -73.933698,
        "time" : "20170131T114839-0500"
      }, {
        "lat" : 40.69715,
        "lon" : -73.934007,
        "time" : "20170131T114858-0500"
      }, {
        "lat" : 40.697137,
        "lon" : -73.934275,
        "time" : "20170131T114913-0500"
      }, {
        "lat" : 40.697002,
        "lon" : -73.935044,
        "time" : "20170131T114955-0500"
      }, {
        "lat" : 40.697021,
        "lon" : -73.935245,
        "time" : "20170131T115016-0500"
      }, {
        "lat" : 40.697057,
        "lon" : -73.935366,
        "time" : "20170131T115034-0500"
      }, {
        "lat" : 40.697081,
        "lon" : -73.935411,
        "time" : "20170131T115108-0500"
      }, {
        "lat" : 40.697106,
        "lon" : -73.935379,
        "time" : "20170131T115127-0500"
      }, {
        "lat" : 40.697118,
        "lon" : -73.935336,
        "time" : "20170131T115143-0500"
      } ]
    }, {
      "activity" : "transport",
      "group" : "transport",
      "manual" : false,
      "startTime" : "20170131T115143-0500",
      "endTime" : "20170131T120745-0500",
      "duration" : 962.0,
      "distance" : 6805.0,
      "trackPoints" : [ {
        "lat" : 40.697118,
        "lon" : -73.935336,
        "time" : "20170131T115143-0500"
      }, {
        "lat" : 40.697186,
        "lon" : -73.935376,
        "time" : "20170131T115206-0500"
      }, {
        "lat" : 40.697174,
        "lon" : -73.935442,
        "time" : "20170131T115221-0500"
      }, {
        "lat" : 40.69812,
        "lon" : -73.937055,
        "time" : "20170131T115238-0500"
      }, {
        "lat" : 40.699383,
        "lon" : -73.939399,
        "time" : "20170131T115300-0500"
      }, {
        "lat" : 40.700264,
        "lon" : -73.940801,
        "time" : "20170131T115341-0500"
      }, {
        "lat" : 40.701954,
        "lon" : -73.94368,
        "time" : "20170131T115410-0500"
      }, {
        "lat" : 40.703456,
        "lon" : -73.946571,
        "time" : "20170131T115438-0500"
      }, {
        "lat" : 40.703675,
        "lon" : -73.946943,
        "time" : "20170131T115459-0500"
      }, {
        "lat" : 40.705493,
        "lon" : -73.950049,
        "time" : "20170131T115535-0500"
      }, {
        "lat" : 40.706623,
        "lon" : -73.952478,
        "time" : "20170131T115554-0500"
      }, {
        "lat" : 40.706657,
        "lon" : -73.95306,
        "time" : "20170131T115616-0500"
      }, {
        "lat" : 40.707234,
        "lon" : -73.954267,
        "time" : "20170131T115643-0500"
      }, {
        "lat" : 40.707864,
        "lon" : -73.956026,
        "time" : "20170131T115710-0500"
      }, {
        "lat" : 40.708374,
        "lon" : -73.957188,
        "time" : "20170131T115737-0500"
      }, {
        "lat" : 40.708423,
        "lon" : -73.95744,
        "time" : "20170131T115754-0500"
      }, {
        "lat" : 40.708802,
        "lon" : -73.958775,
        "time" : "20170131T115821-0500"
      }, {
        "lat" : 40.70918,
        "lon" : -73.959604,
        "time" : "20170131T115837-0500"
      }, {
        "lat" : 40.710484,
        "lon" : -73.962068,
        "time" : "20170131T115901-0500"
      }, {
        "lat" : 40.711281,
        "lon" : -73.964662,
        "time" : "20170131T115922-0500"
      }, {
        "lat" : 40.711907,
        "lon" : -73.966546,
        "time" : "20170131T115945-0500"
      }, {
        "lat" : 40.712032,
        "lon" : -73.96713,
        "time" : "20170131T115959-0500"
      }, {
        "lat" : 40.712032,
        "lon" : -73.96713,
        "time" : "20170131T120000-0500"
      }, {
        "lat" : 40.712106,
        "lon" : -73.967476,
        "time" : "20170131T120008-0500"
      }, {
        "lat" : 40.71196,
        "lon" : -73.96806,
        "time" : "20170131T120030-0500"
      }, {
        "lat" : 40.711909,
        "lon" : -73.968914,
        "time" : "20170131T120050-0500"
      }, {
        "lat" : 40.714171,
        "lon" : -73.975161,
        "time" : "20170131T120137-0500"
      }, {
        "lat" : 40.714698,
        "lon" : -73.976664,
        "time" : "20170131T120210-0500"
      }, {
        "lat" : 40.715609,
        "lon" : -73.978547,
        "time" : "20170131T120234-0500"
      }, {
        "lat" : 40.716241,
        "lon" : -73.980497,
        "time" : "20170131T120255-0500"
      }, {
        "lat" : 40.716625,
        "lon" : -73.981724,
        "time" : "20170131T120312-0500"
      }, {
        "lat" : 40.716957,
        "lon" : -73.983119,
        "time" : "20170131T120334-0500"
      }, {
        "lat" : 40.717495,
        "lon" : -73.984813,
        "time" : "20170131T120359-0500"
      }, {
        "lat" : 40.718375,
        "lon" : -73.987135,
        "time" : "20170131T120426-0500"
      }, {
        "lat" : 40.718495,
        "lon" : -73.987393,
        "time" : "20170131T120448-0500"
      }, {
        "lat" : 40.718596,
        "lon" : -73.987579,
        "time" : "20170131T120509-0500"
      }, {
        "lat" : 40.718602,
        "lon" : -73.987617,
        "time" : "20170131T120529-0500"
      }, {
        "lat" : 40.725175,
        "lon" : -73.995467,
        "time" : "20170131T120745-0500"
      } ]
    }, {
      "activity" : "walking",
      "group" : "walking",
      "manual" : false,
      "startTime" : "20170131T120745-0500",
      "endTime" : "20170131T121224-0500",
      "duration" : 279.0,
      "distance" : 337.0,
      "steps" : 497,
      "trackPoints" : [ {
        "lat" : 40.725175,
        "lon" : -73.995467,
        "time" : "20170131T120745-0500"
      }, {
        "lat" : 40.725224,
        "lon" : -73.995607,
        "time" : "20170131T120815-0500"
      }, {
        "lat" : 40.725233,
        "lon" : -73.995684,
        "time" : "20170131T120837-0500"
      }, {
        "lat" : 40.725276,
        "lon" : -73.995837,
        "time" : "20170131T120854-0500"
      }, {
        "lat" : 40.725337,
        "lon" : -73.996067,
        "time" : "20170131T120912-0500"
      }, {
        "lat" : 40.725537,
        "lon" : -73.996627,
        "time" : "20170131T120951-0500"
      }, {
        "lat" : 40.725761,
        "lon" : -73.9965,
        "time" : "20170131T121010-0500"
      }, {
        "lat" : 40.726009,
        "lon" : -73.996384,
        "time" : "20170131T121027-0500"
      }, {
        "lat" : 40.726411,
        "lon" : -73.996189,
        "time" : "20170131T121051-0500"
      }, {
        "lat" : 40.726556,
        "lon" : -73.996002,
        "time" : "20170131T121112-0500"
      }, {
        "lat" : 40.726906,
        "lon" : -73.995478,
        "time" : "20170131T121209-0500"
      }, {
        "lat" : 40.727076,
        "lon" : -73.995237,
        "time" : "20170131T121225-0500"
      } ]
    } ],
    "lastUpdate" : "20170131T183628Z"
  }, {
    "type" : "place",
    "startTime" : "20170131T121225-0500",
    "endTime" : "20170131T122316-0500",
    "place" : {
      "id" : 589341243,
      "type" : "unknown",
      "location" : {
        "lat" : 40.727076,
        "lon" : -73.995237
      }
    },
    "activities" : [ {
      "activity" : "walking",
      "group" : "walking",
      "manual" : false,
      "startTime" : "20170131T122311-0500",
      "endTime" : "20170131T122312-0500",
      "duration" : 1.0,
      "distance" : 1.0,
      "steps" : 2,
      "trackPoints" : [ ]
    } ],
    "lastUpdate" : "20170131T183629Z"
  }, {
    "type" : "move",
    "startTime" : "20170131T122316-0500",
    "endTime" : "20170131T123326-0500",
    "activities" : [ {
      "activity" : "walking",
      "group" : "walking",
      "manual" : false,
      "startTime" : "20170131T122316-0500",
      "endTime" : "20170131T123326-0500",
      "duration" : 610.0,
      "distance" : 470.0,
      "steps" : 746,
      "trackPoints" : [ {
        "lat" : 40.727076,
        "lon" : -73.995237,
        "time" : "20170131T122316-0500"
      }, {
        "lat" : 40.727082,
        "lon" : -73.995224,
        "time" : "20170131T122332-0500"
      }, {
        "lat" : 40.727061,
        "lon" : -73.995225,
        "time" : "20170131T122353-0500"
      }, {
        "lat" : 40.727043,
        "lon" : -73.995226,
        "time" : "20170131T122409-0500"
      }, {
        "lat" : 40.726992,
        "lon" : -73.995155,
        "time" : "20170131T122439-0500"
      }, {
        "lat" : 40.72699,
        "lon" : -73.995188,
        "time" : "20170131T122456-0500"
      }, {
        "lat" : 40.727022,
        "lon" : -73.995324,
        "time" : "20170131T122521-0500"
      }, {
        "lat" : 40.727078,
        "lon" : -73.995294,
        "time" : "20170131T122544-0500"
      }, {
        "lat" : 40.727234,
        "lon" : -73.995131,
        "time" : "20170131T122621-0500"
      }, {
        "lat" : 40.727507,
        "lon" : -73.994965,
        "time" : "20170131T122644-0500"
      }, {
        "lat" : 40.727756,
        "lon" : -73.994831,
        "time" : "20170131T122659-0500"
      }, {
        "lat" : 40.727746,
        "lon" : -73.994483,
        "time" : "20170131T122716-0500"
      }, {
        "lat" : 40.727839,
        "lon" : -73.994367,
        "time" : "20170131T122732-0500"
      }, {
        "lat" : 40.728476,
        "lon" : -73.994001,
        "time" : "20170131T122806-0500"
      }, {
        "lat" : 40.72928,
        "lon" : -73.993635,
        "time" : "20170131T122913-0500"
      }, {
        "lat" : 40.729546,
        "lon" : -73.993489,
        "time" : "20170131T122946-0500"
      }, {
        "lat" : 40.729577,
        "lon" : -73.993453,
        "time" : "20170131T123014-0500"
      }, {
        "lat" : 40.729509,
        "lon" : -73.993468,
        "time" : "20170131T123048-0500"
      }, {
        "lat" : 40.729551,
        "lon" : -73.993477,
        "time" : "20170131T123128-0500"
      }, {
        "lat" : 40.729643,
        "lon" : -73.993506,
        "time" : "20170131T123202-0500"
      }, {
        "lat" : 40.729683,
        "lon" : -73.993611,
        "time" : "20170131T123225-0500"
      }, {
        "lat" : 40.729721,
        "lon" : -73.993609,
        "time" : "20170131T123254-0500"
      }, {
        "lat" : 40.729663,
        "lon" : -73.993393,
        "time" : "20170131T123326-0500"
      } ]
    } ],
    "lastUpdate" : "20170131T183629Z"
  }, {
    "type" : "place",
    "startTime" : "20170131T123326-0500",
    "endTime" : "20170131T151502-0500",
    "place" : {
      "id" : 588615003,
      "type" : "unknown",
      "location" : {
        "lat" : 40.729663,
        "lon" : -73.993393
      }
    },
    "activities" : [ {
      "activity" : "walking",
      "group" : "walking",
      "manual" : false,
      "startTime" : "20170131T123326-0500",
      "endTime" : "20170131T123340-0500",
      "duration" : 14.0,
      "distance" : 11.0,
      "steps" : 22,
      "trackPoints" : [ ]
    }, {
      "activity" : "walking",
      "group" : "walking",
      "manual" : false,
      "startTime" : "20170131T144751-0500",
      "endTime" : "20170131T144926-0500",
      "duration" : 95.0,
      "distance" : 59.0,
      "steps" : 119,
      "trackPoints" : [ ]
    }, {
      "activity" : "walking",
      "group" : "walking",
      "manual" : false,
      "startTime" : "20170131T150859-0500",
      "endTime" : "20170131T150957-0500",
      "duration" : 58.0,
      "distance" : 44.0,
      "steps" : 88,
      "trackPoints" : [ ]
    } ],
    "lastUpdate" : "20170131T214047Z"
  }, {
    "type" : "move",
    "startTime" : "20170131T151502-0500",
    "endTime" : "20170131T152341-0500",
    "activities" : [ {
      "activity" : "walking",
      "group" : "walking",
      "manual" : false,
      "startTime" : "20170131T151502-0500",
      "endTime" : "20170131T152341-0500",
      "duration" : 519.0,
      "distance" : 474.0,
      "steps" : 758,
      "trackPoints" : [ {
        "lat" : 40.729663,
        "lon" : -73.993393,
        "time" : "20170131T151502-0500"
      }, {
        "lat" : 40.729998,
        "lon" : -73.992945,
        "time" : "20170131T151601-0500"
      }, {
        "lat" : 40.730069,
        "lon" : -73.992674,
        "time" : "20170131T151618-0500"
      }, {
        "lat" : 40.730029,
        "lon" : -73.992221,
        "time" : "20170131T151644-0500"
      }, {
        "lat" : 40.729974,
        "lon" : -73.991986,
        "time" : "20170131T151703-0500"
      }, {
        "lat" : 40.729781,
        "lon" : -73.99142,
        "time" : "20170131T151759-0500"
      }, {
        "lat" : 40.729792,
        "lon" : -73.991358,
        "time" : "20170131T151820-0500"
      }, {
        "lat" : 40.72983,
        "lon" : -73.991401,
        "time" : "20170131T151839-0500"
      }, {
        "lat" : 40.729813,
        "lon" : -73.991275,
        "time" : "20170131T151856-0500"
      }, {
        "lat" : 40.729889,
        "lon" : -73.991031,
        "time" : "20170131T151933-0500"
      }, {
        "lat" : 40.729759,
        "lon" : -73.990535,
        "time" : "20170131T152002-0500"
      }, {
        "lat" : 40.729645,
        "lon" : -73.990221,
        "time" : "20170131T152025-0500"
      }, {
        "lat" : 40.729556,
        "lon" : -73.989918,
        "time" : "20170131T152059-0500"
      }, {
        "lat" : 40.7295,
        "lon" : -73.98979,
        "time" : "20170131T152117-0500"
      }, {
        "lat" : 40.729435,
        "lon" : -73.989654,
        "time" : "20170131T152134-0500"
      }, {
        "lat" : 40.72926,
        "lon" : -73.989219,
        "time" : "20170131T152155-0500"
      }, {
        "lat" : 40.729179,
        "lon" : -73.989061,
        "time" : "20170131T152222-0500"
      }, {
        "lat" : 40.729159,
        "lon" : -73.988953,
        "time" : "20170131T152246-0500"
      }, {
        "lat" : 40.729204,
        "lon" : -73.989039,
        "time" : "20170131T152305-0500"
      }, {
        "lat" : 40.729274,
        "lon" : -73.989176,
        "time" : "20170131T152341-0500"
      } ]
    } ],
    "lastUpdate" : "20170131T214047Z"
  }, {
    "type" : "place",
    "startTime" : "20170131T152341-0500",
    "endTime" : "20170131T162149-0500",
    "place" : {
      "id" : 589399298,
      "type" : "unknown",
      "location" : {
        "lat" : 40.729274,
        "lon" : -73.989176
      }
    },
    "activities" : [ {
      "activity" : "walking",
      "group" : "walking",
      "manual" : false,
      "startTime" : "20170131T152341-0500",
      "endTime" : "20170131T152426-0500",
      "duration" : 45.0,
      "distance" : 34.0,
      "steps" : 68,
      "trackPoints" : [ ]
    }, {
      "activity" : "walking",
      "group" : "walking",
      "manual" : false,
      "startTime" : "20170131T161213-0500",
      "endTime" : "20170131T161251-0500",
      "duration" : 38.0,
      "distance" : 19.0,
      "steps" : 12,
      "trackPoints" : [ ]
    } ],
    "lastUpdate" : "20170131T214047Z"
  }, {
    "type" : "move",
    "startTime" : "20170131T162149-0500",
    "endTime" : "20170131T162729-0500",
    "activities" : [ {
      "activity" : "walking",
      "group" : "walking",
      "manual" : false,
      "startTime" : "20170131T162149-0500",
      "endTime" : "20170131T162728-0500",
      "duration" : 339.0,
      "distance" : 421.0,
      "steps" : 590,
      "trackPoints" : [ {
        "lat" : 40.729274,
        "lon" : -73.989176,
        "time" : "20170131T162149-0500"
      }, {
        "lat" : 40.729175,
        "lon" : -73.98896,
        "time" : "20170131T162210-0500"
      }, {
        "lat" : 40.729167,
        "lon" : -73.988944,
        "time" : "20170131T162226-0500"
      }, {
        "lat" : 40.729135,
        "lon" : -73.988872,
        "time" : "20170131T162242-0500"
      }, {
        "lat" : 40.728971,
        "lon" : -73.988509,
        "time" : "20170131T162311-0500"
      }, {
        "lat" : 40.72886,
        "lon" : -73.988315,
        "time" : "20170131T162327-0500"
      }, {
        "lat" : 40.72866,
        "lon" : -73.988023,
        "time" : "20170131T162350-0500"
      }, {
        "lat" : 40.728511,
        "lon" : -73.987817,
        "time" : "20170131T162406-0500"
      }, {
        "lat" : 40.728432,
        "lon" : -73.987521,
        "time" : "20170131T162432-0500"
      }, {
        "lat" : 40.728521,
        "lon" : -73.987168,
        "time" : "20170131T162451-0500"
      }, {
        "lat" : 40.728296,
        "lon" : -73.986837,
        "time" : "20170131T162515-0500"
      }, {
        "lat" : 40.728145,
        "lon" : -73.986562,
        "time" : "20170131T162536-0500"
      }, {
        "lat" : 40.727909,
        "lon" : -73.986016,
        "time" : "20170131T162613-0500"
      }, {
        "lat" : 40.727768,
        "lon" : -73.985564,
        "time" : "20170131T162650-0500"
      }, {
        "lat" : 40.727783,
        "lon" : -73.985265,
        "time" : "20170131T162713-0500"
      }, {
        "lat" : 40.727928,
        "lon" : -73.985108,
        "time" : "20170131T162729-0500"
      } ]
    } ],
    "lastUpdate" : "20170131T214047Z"
  }, {
    "type" : "place",
    "startTime" : "20170131T162729-0500",
    "endTime" : "20170131T170814-0500",
    "place" : {
      "id" : 589399299,
      "type" : "unknown",
      "location" : {
        "lat" : 40.727928,
        "lon" : -73.985108
      }
    },
    "activities" : [ {
      "activity" : "walking",
      "group" : "walking",
      "manual" : false,
      "startTime" : "20170131T162729-0500",
      "endTime" : "20170131T162757-0500",
      "duration" : 28.0,
      "distance" : 21.0,
      "steps" : 42,
      "trackPoints" : [ ]
    } ],
    "lastUpdate" : "20170131T231159Z"
  }, {
    "type" : "move",
    "startTime" : "20170131T170814-0500",
    "endTime" : "20170131T172218-0500",
    "activities" : [ {
      "activity" : "walking",
      "group" : "walking",
      "manual" : false,
      "startTime" : "20170131T170814-0500",
      "endTime" : "20170131T172217-0500",
      "duration" : 843.0,
      "distance" : 929.0,
      "steps" : 1267,
      "trackPoints" : [ {
        "lat" : 40.727928,
        "lon" : -73.985108,
        "time" : "20170131T170814-0500"
      }, {
        "lat" : 40.727888,
        "lon" : -73.985156,
        "time" : "20170131T170845-0500"
      }, {
        "lat" : 40.727913,
        "lon" : -73.985123,
        "time" : "20170131T170905-0500"
      }, {
        "lat" : 40.727904,
        "lon" : -73.985127,
        "time" : "20170131T170929-0500"
      }, {
        "lat" : 40.727894,
        "lon" : -73.985131,
        "time" : "20170131T170950-0500"
      }, {
        "lat" : 40.727842,
        "lon" : -73.985159,
        "time" : "20170131T171013-0500"
      }, {
        "lat" : 40.727782,
        "lon" : -73.985205,
        "time" : "20170131T171030-0500"
      }, {
        "lat" : 40.72777,
        "lon" : -73.985454,
        "time" : "20170131T171052-0500"
      }, {
        "lat" : 40.727863,
        "lon" : -73.985858,
        "time" : "20170131T171119-0500"
      }, {
        "lat" : 40.727978,
        "lon" : -73.986195,
        "time" : "20170131T171140-0500"
      }, {
        "lat" : 40.728074,
        "lon" : -73.986444,
        "time" : "20170131T171156-0500"
      }, {
        "lat" : 40.728202,
        "lon" : -73.986749,
        "time" : "20170131T171217-0500"
      }, {
        "lat" : 40.728402,
        "lon" : -73.987251,
        "time" : "20170131T171250-0500"
      }, {
        "lat" : 40.728498,
        "lon" : -73.987553,
        "time" : "20170131T171315-0500"
      }, {
        "lat" : 40.728543,
        "lon" : -73.987698,
        "time" : "20170131T171331-0500"
      }, {
        "lat" : 40.728532,
        "lon" : -73.987679,
        "time" : "20170131T171354-0500"
      }, {
        "lat" : 40.728226,
        "lon" : -73.987847,
        "time" : "20170131T171415-0500"
      }, {
        "lat" : 40.728085,
        "lon" : -73.988024,
        "time" : "20170131T171437-0500"
      }, {
        "lat" : 40.727948,
        "lon" : -73.988154,
        "time" : "20170131T171453-0500"
      }, {
        "lat" : 40.727751,
        "lon" : -73.988313,
        "time" : "20170131T171516-0500"
      }, {
        "lat" : 40.727586,
        "lon" : -73.988455,
        "time" : "20170131T171533-0500"
      }, {
        "lat" : 40.727456,
        "lon" : -73.988554,
        "time" : "20170131T171549-0500"
      }, {
        "lat" : 40.727231,
        "lon" : -73.988721,
        "time" : "20170131T171612-0500"
      }, {
        "lat" : 40.727032,
        "lon" : -73.988845,
        "time" : "20170131T171637-0500"
      }, {
        "lat" : 40.72686,
        "lon" : -73.988939,
        "time" : "20170131T171655-0500"
      }, {
        "lat" : 40.726654,
        "lon" : -73.989078,
        "time" : "20170131T171715-0500"
      }, {
        "lat" : 40.726577,
        "lon" : -73.989217,
        "time" : "20170131T171739-0500"
      }, {
        "lat" : 40.726467,
        "lon" : -73.989382,
        "time" : "20170131T171755-0500"
      }, {
        "lat" : 40.726436,
        "lon" : -73.989611,
        "time" : "20170131T171811-0500"
      }, {
        "lat" : 40.726468,
        "lon" : -73.989897,
        "time" : "20170131T171827-0500"
      }, {
        "lat" : 40.726615,
        "lon" : -73.990419,
        "time" : "20170131T171853-0500"
      }, {
        "lat" : 40.7267,
        "lon" : -73.99065,
        "time" : "20170131T171909-0500"
      }, {
        "lat" : 40.726817,
        "lon" : -73.990943,
        "time" : "20170131T171929-0500"
      }, {
        "lat" : 40.727002,
        "lon" : -73.991468,
        "time" : "20170131T172002-0500"
      }, {
        "lat" : 40.727085,
        "lon" : -73.991624,
        "time" : "20170131T172019-0500"
      }, {
        "lat" : 40.727017,
        "lon" : -73.991986,
        "time" : "20170131T172039-0500"
      }, {
        "lat" : 40.727191,
        "lon" : -73.99244,
        "time" : "20170131T172055-0500"
      }, {
        "lat" : 40.727533,
        "lon" : -73.992797,
        "time" : "20170131T172118-0500"
      }, {
        "lat" : 40.727797,
        "lon" : -73.993165,
        "time" : "20170131T172140-0500"
      }, {
        "lat" : 40.727886,
        "lon" : -73.993198,
        "time" : "20170131T172218-0500"
      } ]
    } ],
    "lastUpdate" : "20170131T231159Z"
  }, {
    "type" : "place",
    "startTime" : "20170131T172218-0500",
    "endTime" : "20170131T180210-0500",
    "place" : {
      "id" : 589420622,
      "type" : "unknown",
      "location" : {
        "lat" : 40.727886,
        "lon" : -73.993198
      }
    },
    "activities" : [ {
      "activity" : "walking",
      "group" : "walking",
      "manual" : false,
      "startTime" : "20170131T172224-0500",
      "endTime" : "20170131T172312-0500",
      "duration" : 48.0,
      "distance" : 36.0,
      "steps" : 73,
      "trackPoints" : [ ]
    }, {
      "activity" : "walking",
      "group" : "walking",
      "manual" : false,
      "startTime" : "20170131T180200-0500",
      "endTime" : "20170131T180209-0500",
      "duration" : 9.0,
      "distance" : 6.0,
      "steps" : 13,
      "trackPoints" : [ ]
    } ],
    "lastUpdate" : "20170131T231159Z"
  }, {
    "type" : "move",
    "startTime" : "20170131T180210-0500",
    "endTime" : "20170131T180820-0500",
    "activities" : [ {
      "activity" : "walking",
      "group" : "walking",
      "manual" : false,
      "startTime" : "20170131T180210-0500",
      "endTime" : "20170131T180820-0500",
      "duration" : 370.0,
      "distance" : 436.0,
      "steps" : 615,
      "trackPoints" : [ {
        "lat" : 40.727886,
        "lon" : -73.993198,
        "time" : "20170131T180210-0500"
      }, {
        "lat" : 40.728031,
        "lon" : -73.993492,
        "time" : "20170131T180233-0500"
      }, {
        "lat" : 40.728212,
        "lon" : -73.993833,
        "time" : "20170131T180258-0500"
      }, {
        "lat" : 40.728373,
        "lon" : -73.994108,
        "time" : "20170131T180322-0500"
      }, {
        "lat" : 40.72852,
        "lon" : -73.994365,
        "time" : "20170131T180344-0500"
      }, {
        "lat" : 40.728667,
        "lon" : -73.994718,
        "time" : "20170131T180408-0500"
      }, {
        "lat" : 40.728772,
        "lon" : -73.994942,
        "time" : "20170131T180427-0500"
      }, {
        "lat" : 40.728913,
        "lon" : -73.995109,
        "time" : "20170131T180446-0500"
      }, {
        "lat" : 40.728998,
        "lon" : -73.99567,
        "time" : "20170131T180506-0500"
      }, {
        "lat" : 40.729075,
        "lon" : -73.995827,
        "time" : "20170131T180522-0500"
      }, {
        "lat" : 40.728976,
        "lon" : -73.996359,
        "time" : "20170131T180550-0500"
      }, {
        "lat" : 40.729401,
        "lon" : -73.996556,
        "time" : "20170131T180616-0500"
      }, {
        "lat" : 40.729789,
        "lon" : -73.996767,
        "time" : "20170131T180644-0500"
      }, {
        "lat" : 40.729835,
        "lon" : -73.996846,
        "time" : "20170131T180725-0500"
      }, {
        "lat" : 40.729922,
        "lon" : -73.99704,
        "time" : "20170131T180820-0500"
      } ]
    } ],
    "lastUpdate" : "20170131T231159Z"
  }, {
    "type" : "place",
    "startTime" : "20170131T180820-0500",
    "endTime" : "20170131T235224-0500",
    "place" : {
      "id" : 589420623,
      "type" : "unknown",
      "location" : {
        "lat" : 40.729922,
        "lon" : -73.99704
      }
    },
    "activities" : [ {
      "activity" : "walking",
      "group" : "walking",
      "manual" : false,
      "startTime" : "20170131T180842-0500",
      "endTime" : "20170131T180959-0500",
      "duration" : 77.0,
      "distance" : 58.0,
      "steps" : 117,
      "trackPoints" : [ ]
    }, {
      "activity" : "walking",
      "group" : "walking",
      "manual" : false,
      "startTime" : "20170131T192407-0500",
      "endTime" : "20170131T192436-0500",
      "duration" : 29.0,
      "distance" : 14.0,
      "steps" : 0,
      "trackPoints" : [ ]
    }, {
      "activity" : "walking",
      "group" : "walking",
      "manual" : false,
      "startTime" : "20170131T234812-0500",
      "endTime" : "20170131T234914-0500",
      "duration" : 62.0,
      "distance" : 31.0,
      "steps" : 49,
      "trackPoints" : [ ]
    } ],
    "lastUpdate" : "20170201T065435Z"
  }, {
    "type" : "move",
    "startTime" : "20170131T235224-0500",
    "endTime" : "20170201T001155-0500",
    "activities" : [ {
      "activity" : "walking",
      "group" : "walking",
      "manual" : false,
      "startTime" : "20170131T235224-0500",
      "endTime" : "20170131T235959-0500",
      "duration" : 455.0,
      "distance" : 447.0,
      "steps" : 661,
      "trackPoints" : [ {
        "lat" : 40.729922,
        "lon" : -73.99704,
        "time" : "20170131T235224-0500"
      }, {
        "lat" : 40.729775,
        "lon" : -73.996727,
        "time" : "20170131T235307-0500"
      }, {
        "lat" : 40.729739,
        "lon" : -73.996722,
        "time" : "20170131T235327-0500"
      }, {
        "lat" : 40.729661,
        "lon" : -73.996712,
        "time" : "20170131T235346-0500"
      }, {
        "lat" : 40.729615,
        "lon" : -73.996624,
        "time" : "20170131T235403-0500"
      }, {
        "lat" : 40.729611,
        "lon" : -73.996363,
        "time" : "20170131T235437-0500"
      }, {
        "lat" : 40.72953,
        "lon" : -73.996331,
        "time" : "20170131T235505-0500"
      }, {
        "lat" : 40.729889,
        "lon" : -73.996213,
        "time" : "20170131T235538-0500"
      }, {
        "lat" : 40.729716,
        "lon" : -73.995392,
        "time" : "20170131T235641-0500"
      }, {
        "lat" : 40.729616,
        "lon" : -73.995121,
        "time" : "20170131T235706-0500"
      }, {
        "lat" : 40.729173,
        "lon" : -73.994126,
        "time" : "20170131T235854-0500"
      }, {
        "lat" : 40.729186,
        "lon" : -73.993648,
        "time" : "20170131T235916-0500"
      }, {
        "lat" : 40.729467,
        "lon" : -73.993468,
        "time" : "20170131T235945-0500"
      }, {
        "lat" : 40.729531,
        "lon" : -73.993424,
        "time" : "20170131T235959-0500"
      } ]
    } ],
    "lastUpdate" : "20170201T065435Z"
  } ],
  "lastUpdate" : "20170201T065435Z"
} ]