[ {
  "date" : "20170130",
  "summary" : [ {
    "activity" : "walking",
    "group" : "walking",
    "duration" : 2585.0,
    "distance" : 2461.0,
    "steps" : 4133
  }, {
    "activity" : "transport",
    "group" : "transport",
    "duration" : 2569.0,
    "distance" : 17678.0
  } ],
  "lastUpdate" : "20170131T071343Z"
}, {
  "date" : "20170131",
  "summary" : [ {
    "activity" : "walking",
    "group" : "walking",
    "duration" : 5652.0,
    "distance" : 5516.0,
    "steps" : 8374
  }, {
    "activity" : "transport",
    "group" : "transport",
    "duration" : 2135.0,
    "distance" : 15589.0
  } ],
  "lastUpdate" : "20170201T065435Z"
}, {
  "date" : "20170201",
  "summary" : [ {
    "activity" : "walking",
    "group" : "walking",
    "duration" : 6617.0,
    "distance" : 6944.0,
    "steps" : 10196
  }, {
    "activity" : "transport",
    "group" : "transport",
    "duration" : 4186.0,
    "distance" : 28371.0
  } ],
  "lastUpdate" : "20170202T165453Z"
}, {
  "date" : "20170202",
  "summary" : [ {
    "activity" : "walking",
    "group" : "walking",
    "duration" : 3882.0,
    "distance" : 3929.0,
    "steps" : 5913
  }, {
    "activity" : "transport",
    "group" : "transport",
    "duration" : 2062.0,
    "distance" : 12682.0
  } ],
  "lastUpdate" : "20170203T053623Z"
}, {
  "date" : "20170203",
  "summary" : [ {
    "activity" : "walking",
    "group" : "walking",
    "duration" : 6321.0,
    "distance" : 6564.0,
    "steps" : 9939
  }, {
    "activity" : "transport",
    "group" : "transport",
    "duration" : 5346.0,
    "distance" : 33463.0
  }, {
    "activity" : "running",
    "group" : "running",
    "duration" : 204.0,
    "distance" : 143.0,
    "steps" : 46
  } ],
  "lastUpdate" : "20170204T161258Z"
}, {
  "date" : "20170204",
  "summary" : [ {
    "activity" : "walking",
    "group" : "walking",
    "duration" : 5020.0,
    "distance" : 4926.0,
    "steps" : 7472
  }, {
    "activity" : "transport",
    "group" : "transport",
    "duration" : 2428.0,
    "distance" : 10903.0
  } ],
  "lastUpdate" : "20170205T060512Z"
}, {
  "date" : "20170205",
  "summary" : [ {
    "activity" : "transport",
    "group" : "transport",
    "duration" : 9791.0,
    "distance" : 68334.0
  }, {
    "activity" : "walking",
    "group" : "walking",
    "duration" : 3778.0,
    "distance" : 3825.0,
    "steps" : 6071
  } ],
  "lastUpdate" : "20170206T064846Z"
} ]