[ {
  "date" : "20170201",
  "segments" : [ {
    "type" : "place",
    "startTime" : "20170201T001156-0500",
    "endTime" : "20170201T001746-0500",
    "place" : {
      "id" : 589516917,
      "type" : "unknown",
      "location" : {
        "lat" : 40.735505,
        "lon" : -73.990768
      }
    },
    "lastUpdate" : "20170201T065435Z"
  }, {
    "type" : "place",
    "startTime" : "20170201T005128-0500",
    "endTime" : "20170201T071628-0500",
    "place" : {
      "id" : 588636068,
      "type" : "unknown",
      "location" : {
        "lat" : 40.69673,
        "lon" : -73.931402
      }
    },
    "lastUpdate" : "20170201T130829Z"
  }, {
    "type" : "place",
    "startTime" : "20170201T074612-0500",
    "endTime" : "20170201T091012-0500",
    "place" : {
      "id" : 589341243,
      "type" : "unknown",
      "location" : {
        "lat" : 40.727076,
        "lon" : -73.995237
      }
    },
    "lastUpdate" : "20170201T144310Z"
  }, {
    "type" : "place",
    "startTime" : "20170201T091722-0500",
    "endTime" : "20170201T094122-0500",
    "place" : {
      "id" : 589686275,
      "type" : "unknown",
      "location" : {
        "lat" : 40.72845,
        "lon" : -73.992815
      }
    },
    "lastUpdate" : "20170201T161518Z"
  }, {
    "type" : "place",
    "startTime" : "20170201T094122-0500",
    "endTime" : "20170201T095053-0500",
    "place" : {
      "id" : 589725705,
      "type" : "unknown",
      "location" : {
        "lat" : 40.728142,
        "lon" : -73.993921
      }
    },
    "lastUpdate" : "20170201T161518Z"
  }, {
    "type" : "place",
    "startTime" : "20170201T095539-0500",
    "endTime" : "20170201T135455-0500",
    "place" : {
      "id" : 589420623,
      "type" : "unknown",
      "location" : {
        "lat" : 40.729922,
        "lon" : -73.99704
      }
    },
    "lastUpdate" : "20170201T192151Z"
  }, {
    "type" : "place",
    "startTime" : "20170201T140803-0500",
    "endTime" : "20170201T144815-0500",
    "place" : {
      "id" : 589399298,
      "type" : "unknown",
      "location" : {
        "lat" : 40.729274,
        "lon" : -73.989176
      }
    },
    "lastUpdate" : "20170201T205208Z"
  }, {
    "type" : "place",
    "startTime" : "20170201T145652-0500",
    "endTime" : "20170201T214704-0500",
    "place" : {
      "id" : 588615003,
      "type" : "unknown",
      "location" : {
        "lat" : 40.729663,
        "lon" : -73.993393
      }
    },
    "lastUpdate" : "20170202T030130Z"
  }, {
    "type" : "place",
    "startTime" : "20170201T215827-0500",
    "endTime" : "20170201T220732-0500",
    "place" : {
      "id" : 589516917,
      "type" : "unknown",
      "location" : {
        "lat" : 40.735505,
        "lon" : -73.990768
      }
    },
    "lastUpdate" : "20170202T043606Z"
  }, {
    "type" : "place",
    "startTime" : "20170201T223800-0500",
    "endTime" : "20170202T095212-0500",
    "place" : {
      "id" : 589933467,
      "type" : "unknown",
      "location" : {
        "lat" : 40.77224,
        "lon" : -73.916275
      }
    },
    "lastUpdate" : "20170202T165453Z"
  } ],
  "lastUpdate" : "20170202T165453Z"
}, {
  "date" : "20170202",
  "segments" : [ {
    "type" : "place",
    "startTime" : "20170201T223800-0500",
    "endTime" : "20170202T095212-0500",
    "place" : {
      "id" : 589933467,
      "type" : "unknown",
      "location" : {
        "lat" : 40.77224,
        "lon" : -73.916275
      }
    },
    "lastUpdate" : "20170202T165453Z"
  }, {
    "type" : "place",
    "startTime" : "20170202T102939-0500",
    "endTime" : "20170202T145338-0500",
    "place" : {
      "id" : 588615003,
      "type" : "unknown",
      "location" : {
        "lat" : 40.729663,
        "lon" : -73.993393
      }
    },
    "lastUpdate" : "20170202T213219Z"
  }, {
    "type" : "place",
    "startTime" : "20170202T145715-0500",
    "endTime" : "20170202T174949-0500",
    "place" : {
      "id" : 588615003,
      "type" : "unknown",
      "location" : {
        "lat" : 40.729663,
        "lon" : -73.993393
      }
    },
    "lastUpdate" : "20170202T230404Z"
  }, {
    "type" : "place",
    "startTime" : "20170202T175611-0500",
    "endTime" : "20170202T192221-0500",
    "place" : {
      "id" : 589341243,
      "type" : "unknown",
      "location" : {
        "lat" : 40.727076,
        "lon" : -73.995237
      }
    },
    "lastUpdate" : "20170203T003817Z"
  }, {
    "type" : "place",
    "startTime" : "20170202T193035-0500",
    "endTime" : "20170202T230157-0500",
    "place" : {
      "id" : 588615003,
      "type" : "unknown",
      "location" : {
        "lat" : 40.729663,
        "lon" : -73.993393
      }
    },
    "lastUpdate" : "20170203T053623Z"
  }, {
    "type" : "place",
    "startTime" : "20170202T231437-0500",
    "endTime" : "20170203T000957-0500",
    "place" : {
      "id" : 590397432,
      "type" : "unknown",
      "location" : {
        "lat" : 40.73233,
        "lon" : -74.001699
      }
    },
    "lastUpdate" : "20170203T053623Z"
  } ],
  "lastUpdate" : "20170203T053623Z"
}, {
  "date" : "20170203",
  "segments" : [ {
    "type" : "place",
    "startTime" : "20170202T231437-0500",
    "endTime" : "20170203T000957-0500",
    "place" : {
      "id" : 590397432,
      "type" : "unknown",
      "location" : {
        "lat" : 40.73233,
        "lon" : -74.001699
      }
    },
    "lastUpdate" : "20170203T053623Z"
  }, {
    "type" : "place",
    "startTime" : "20170203T002144-0500",
    "endTime" : "20170203T002509-0500",
    "place" : {
      "id" : 590397433,
      "type" : "unknown",
      "location" : {
        "lat" : 40.729105,
        "lon" : -73.993766
      }
    },
    "lastUpdate" : "20170203T053623Z"
  }, {
    "type" : "place",
    "startTime" : "20170203T002741-0500",
    "endTime" : "20170203T003200-0500",
    "place" : {
      "id" : 590397434,
      "type" : "unknown",
      "location" : {
        "lat" : 40.730603,
        "lon" : -73.992535
      }
    },
    "lastUpdate" : "20170203T144524Z"
  }, {
    "type" : "place",
    "startTime" : "20170203T081434-0500",
    "endTime" : "20170203T082852-0500",
    "place" : {
      "id" : 590594876,
      "type" : "unknown",
      "location" : {
        "lat" : 40.77587,
        "lon" : -73.910675
      }
    },
    "lastUpdate" : "20170203T144524Z"
  }, {
    "type" : "place",
    "startTime" : "20170203T083316-0500",
    "endTime" : "20170203T091447-0500",
    "place" : {
      "id" : 589933467,
      "type" : "unknown",
      "location" : {
        "lat" : 40.77224,
        "lon" : -73.916275
      }
    },
    "lastUpdate" : "20170203T144524Z"
  }, {
    "type" : "place",
    "startTime" : "20170203T092003-0500",
    "endTime" : "20170203T094002-0500",
    "place" : {
      "id" : 590594877,
      "type" : "unknown",
      "location" : {
        "lat" : 40.770581,
        "lon" : -73.917928
      }
    },
    "lastUpdate" : "20170203T161926Z"
  }, {
    "type" : "place",
    "startTime" : "20170203T103022-0500",
    "endTime" : "20170203T160749-0500",
    "place" : {
      "id" : 590639288,
      "type" : "unknown",
      "location" : {
        "lat" : 40.72375,
        "lon" : -74.002635
      }
    },
    "lastUpdate" : "20170203T223213Z"
  }, {
    "type" : "place",
    "startTime" : "20170203T161151-0500",
    "endTime" : "20170203T161519-0500",
    "place" : {
      "id" : 590789598,
      "type" : "unknown",
      "location" : {
        "lat" : 40.721737,
        "lon" : -74.00261
      }
    },
    "lastUpdate" : "20170203T223213Z"
  }, {
    "type" : "place",
    "startTime" : "20170203T161852-0500",
    "endTime" : "20170203T163208-0500",
    "place" : {
      "id" : 590789599,
      "type" : "unknown",
      "location" : {
        "lat" : 40.721402,
        "lon" : -74.000277
      }
    },
    "lastUpdate" : "20170203T223213Z"
  }, {
    "type" : "place",
    "startTime" : "20170203T164404-0500",
    "endTime" : "20170203T190607-0500",
    "place" : {
      "id" : 590789598,
      "type" : "unknown",
      "location" : {
        "lat" : 40.721737,
        "lon" : -74.00261
      }
    },
    "lastUpdate" : "20170204T013443Z"
  }, {
    "type" : "place",
    "startTime" : "20170203T190607-0500",
    "endTime" : "20170203T201128-0500",
    "place" : {
      "id" : 590842388,
      "type" : "unknown",
      "location" : {
        "lat" : 40.722464,
        "lon" : -74.003627
      }
    },
    "lastUpdate" : "20170204T030908Z"
  }, {
    "type" : "place",
    "startTime" : "20170203T205301-0500",
    "endTime" : "20170204T095754-0500",
    "place" : {
      "id" : 588636068,
      "type" : "unknown",
      "location" : {
        "lat" : 40.69673,
        "lon" : -73.931402
      }
    },
    "lastUpdate" : "20170204T161258Z"
  } ],
  "lastUpdate" : "20170204T161258Z"
}, {
  "date" : "20170204",
  "segments" : [ {
    "type" : "place",
    "startTime" : "20170203T205301-0500",
    "endTime" : "20170204T095754-0500",
    "place" : {
      "id" : 588636068,
      "type" : "unknown",
      "location" : {
        "lat" : 40.69673,
        "lon" : -73.931402
      }
    },
    "lastUpdate" : "20170204T161258Z"
  }, {
    "type" : "place",
    "startTime" : "20170204T103335-0500",
    "endTime" : "20170204T114812-0500",
    "place" : {
      "id" : 589341243,
      "type" : "unknown",
      "location" : {
        "lat" : 40.727076,
        "lon" : -73.995237
      }
    },
    "lastUpdate" : "20170204T174715Z"
  }, {
    "type" : "place",
    "startTime" : "20170204T115451-0500",
    "endTime" : "20170204T123738-0500",
    "place" : {
      "id" : 589686275,
      "type" : "unknown",
      "location" : {
        "lat" : 40.72845,
        "lon" : -73.992815
      }
    },
    "lastUpdate" : "20170204T174715Z"
  }, {
    "type" : "place",
    "startTime" : "20170204T124306-0500",
    "endTime" : "20170204T124830-0500",
    "place" : {
      "id" : 591246867,
      "type" : "unknown",
      "location" : {
        "lat" : 40.72727,
        "lon" : -73.993836
      }
    },
    "lastUpdate" : "20170204T191855Z"
  }, {
    "type" : "place",
    "startTime" : "20170204T125436-0500",
    "endTime" : "20170204T171412-0500",
    "place" : {
      "id" : 591335519,
      "type" : "unknown",
      "location" : {
        "lat" : 40.729637,
        "lon" : -73.993792
      }
    },
    "lastUpdate" : "20170204T222239Z"
  }, {
    "type" : "place",
    "startTime" : "20170204T172022-0500",
    "endTime" : "20170204T211256-0500",
    "place" : {
      "id" : 591371837,
      "type" : "unknown",
      "location" : {
        "lat" : 40.729593,
        "lon" : -73.997237
      }
    },
    "lastUpdate" : "20170205T030207Z"
  }, {
    "type" : "place",
    "startTime" : "20170204T211715-0500",
    "endTime" : "20170204T213226-0500",
    "place" : {
      "id" : 591460123,
      "type" : "unknown",
      "location" : {
        "lat" : 40.729459,
        "lon" : -73.998702
      }
    },
    "lastUpdate" : "20170205T030207Z"
  }, {
    "type" : "place",
    "startTime" : "20170204T213644-0500",
    "endTime" : "20170204T232636-0500",
    "place" : {
      "id" : 591510094,
      "type" : "unknown",
      "location" : {
        "lat" : 40.729632,
        "lon" : -73.996817
      }
    },
    "lastUpdate" : "20170205T060512Z"
  }, {
    "type" : "place",
    "startTime" : "20170204T233202-0500",
    "endTime" : "20170204T234202-0500",
    "place" : {
      "id" : 588615003,
      "type" : "unknown",
      "location" : {
        "lat" : 40.729663,
        "lon" : -73.993393
      }
    },
    "lastUpdate" : "20170205T060512Z"
  } ],
  "lastUpdate" : "20170205T060512Z"
}, {
  "date" : "20170205",
  "segments" : [ {
    "type" : "place",
    "startTime" : "20170205T001248-0500",
    "endTime" : "20170205T020200-0500",
    "place" : {
      "id" : 588636068,
      "type" : "unknown",
      "location" : {
        "lat" : 40.69673,
        "lon" : -73.931402
      }
    },
    "lastUpdate" : "20170205T073704Z"
  }, {
    "type" : "place",
    "startTime" : "20170205T020854-0500",
    "endTime" : "20170205T022238-0500",
    "place" : {
      "id" : 591534591,
      "type" : "unknown",
      "location" : {
        "lat" : 40.696862,
        "lon" : -73.934981
      }
    },
    "lastUpdate" : "20170205T091126Z"
  }, {
    "type" : "place",
    "startTime" : "20170205T023613-0500",
    "endTime" : "20170205T024728-0500",
    "place" : {
      "id" : 591561705,
      "type" : "unknown",
      "location" : {
        "lat" : 40.719562,
        "lon" : -73.990278
      }
    },
    "lastUpdate" : "20170205T091126Z"
  }, {
    "type" : "place",
    "startTime" : "20170205T030055-0500",
    "endTime" : "20170205T045628-0500",
    "place" : {
      "id" : 591561706,
      "type" : "unknown",
      "location" : {
        "lat" : 40.742731,
        "lon" : -73.974217
      }
    },
    "lastUpdate" : "20170205T104552Z"
  }, {
    "type" : "place",
    "startTime" : "20170205T051901-0500",
    "endTime" : "20170205T161104-0500",
    "place" : {
      "id" : 588636068,
      "type" : "unknown",
      "location" : {
        "lat" : 40.69673,
        "lon" : -73.931402
      }
    },
    "lastUpdate" : "20170205T213300Z"
  }, {
    "type" : "place",
    "startTime" : "20170205T164753-0500",
    "endTime" : "20170205T165209-0500",
    "place" : {
      "id" : 591880927,
      "type" : "unknown",
      "location" : {
        "lat" : 40.729888,
        "lon" : -73.990844
      }
    },
    "lastUpdate" : "20170205T230609Z"
  }, {
    "type" : "place",
    "startTime" : "20170205T165719-0500",
    "endTime" : "20170205T170338-0500",
    "place" : {
      "id" : 590397434,
      "type" : "unknown",
      "location" : {
        "lat" : 40.730603,
        "lon" : -73.992535
      }
    },
    "lastUpdate" : "20170205T230609Z"
  }, {
    "type" : "place",
    "startTime" : "20170205T173927-0500",
    "endTime" : "20170205T174146-0500",
    "place" : {
      "id" : 591880928,
      "type" : "unknown",
      "location" : {
        "lat" : 40.840975,
        "lon" : -73.939913
      }
    },
    "lastUpdate" : "20170205T230609Z"
  }, {
    "type" : "place",
    "startTime" : "20170205T175022-0500",
    "endTime" : "20170205T225244-0500",
    "place" : {
      "id" : 591880929,
      "type" : "unknown",
      "location" : {
        "lat" : 40.840238,
        "lon" : -73.936295
      }
    },
    "lastUpdate" : "20170206T051809Z"
  }, {
    "type" : "place",
    "startTime" : "20170205T225355-0500",
    "endTime" : "20170205T230623-0500",
    "place" : {
      "id" : 591880928,
      "type" : "unknown",
      "location" : {
        "lat" : 40.840975,
        "lon" : -73.939913
      }
    },
    "lastUpdate" : "20170206T051809Z"
  }, {
    "type" : "place",
    "startTime" : "20170205T233816-0500",
    "endTime" : "20170205T234810-0500",
    "place" : {
      "id" : 591953551,
      "type" : "unknown",
      "location" : {
        "lat" : 40.735935,
        "lon" : -73.990651
      }
    },
    "lastUpdate" : "20170206T064846Z"
  } ],
  "lastUpdate" : "20170206T064846Z"
}, {
  "date" : "20170206",
  "segments" : [ {
    "type" : "place",
    "startTime" : "20170206T001857-0500",
    "endTime" : "20170206T145442-0500",
    "place" : {
      "id" : 588636068,
      "type" : "unknown",
      "location" : {
        "lat" : 40.69673,
        "lon" : -73.931402
      }
    },
    "lastUpdate" : "20170206T203040Z"
  }, {
    "type" : "place",
    "startTime" : "20170206T152511-0500",
    "endTime" : "20170206T214521-0500",
    "place" : {
      "id" : 588615003,
      "type" : "unknown",
      "location" : {
        "lat" : 40.729663,
        "lon" : -73.993393
      }
    },
    "lastUpdate" : "20170207T035112Z"
  }, {
    "type" : "place",
    "startTime" : "20170206T215810-0500",
    "endTime" : "20170206T221108-0500",
    "place" : {
      "id" : 589516917,
      "type" : "unknown",
      "location" : {
        "lat" : 40.735505,
        "lon" : -73.990768
      }
    },
    "lastUpdate" : "20170207T035112Z"
  }, {
    "type" : "place",
    "startTime" : "20170206T221459-0500",
    "endTime" : "20170206T222552-0500",
    "place" : {
      "id" : 588636067,
      "type" : "unknown",
      "location" : {
        "lat" : 40.717911,
        "lon" : -74.000072
      }
    },
    "lastUpdate" : "20170207T035112Z"
  }, {
    "type" : "place",
    "startTime" : "20170206T224950-0500",
    "endTime" : "20170207T123719-0500",
    "place" : {
      "id" : 588636068,
      "type" : "unknown",
      "location" : {
        "lat" : 40.69673,
        "lon" : -73.931402
      }
    },
    "lastUpdate" : "20170207T194347Z"
  } ],
  "lastUpdate" : "20170207T194347Z"
}, {
  "date" : "20170207",
  "segments" : [ {
    "type" : "place",
    "startTime" : "20170206T224950-0500",
    "endTime" : "20170207T123719-0500",
    "place" : {
      "id" : 588636068,
      "type" : "unknown",
      "location" : {
        "lat" : 40.69673,
        "lon" : -73.931402
      }
    },
    "lastUpdate" : "20170207T194347Z"
  }, {
    "type" : "place",
    "startTime" : "20170207T131613-0500",
    "endTime" : "20170207T133239-0500",
    "place" : {
      "id" : 588615003,
      "type" : "unknown",
      "location" : {
        "lat" : 40.729663,
        "lon" : -73.993393
      }
    },
    "lastUpdate" : "20170207T194347Z"
  }, {
    "type" : "place",
    "startTime" : "20170207T134151-0500",
    "endTime" : "20170207T193702-0500",
    "place" : {
      "id" : 591371837,
      "type" : "unknown",
      "location" : {
        "lat" : 40.729593,
        "lon" : -73.997237
      }
    },
    "lastUpdate" : "20170208T015341Z"
  }, {
    "type" : "place",
    "startTime" : "20170207T194312-0500",
    "endTime" : "20170207T194922-0500",
    "place" : {
      "id" : 592755367,
      "type" : "unknown",
      "location" : {
        "lat" : 40.728406,
        "lon" : -73.995437
      }
    },
    "lastUpdate" : "20170208T015341Z"
  }, {
    "type" : "place",
    "startTime" : "20170207T195250-0500",
    "endTime" : "20170208T010557-0500",
    "place" : {
      "id" : 591371837,
      "type" : "unknown",
      "location" : {
        "lat" : 40.729593,
        "lon" : -73.997237
      }
    },
    "lastUpdate" : "20170208T080605Z"
  } ],
  "lastUpdate" : "20170208T080605Z"
}, {
  "date" : "20170208",
  "segments" : [ {
    "type" : "place",
    "startTime" : "20170207T195250-0500",
    "endTime" : "20170208T010557-0500",
    "place" : {
      "id" : 591371837,
      "type" : "unknown",
      "location" : {
        "lat" : 40.729593,
        "lon" : -73.997237
      }
    },
    "lastUpdate" : "20170208T080605Z"
  }, {
    "type" : "place",
    "startTime" : "20170208T014410-0500",
    "endTime" : "20170208T111354-0500",
    "place" : {
      "id" : 588636068,
      "type" : "unknown",
      "location" : {
        "lat" : 40.69673,
        "lon" : -73.931402
      }
    },
    "lastUpdate" : "20170208T173005Z"
  }, {
    "type" : "place",
    "startTime" : "20170208T112735-0500",
    "endTime" : "20170208T113250-0500",
    "place" : {
      "id" : 591856567,
      "type" : "unknown",
      "location" : {
        "lat" : 40.697064,
        "lon" : -73.935248
      }
    },
    "lastUpdate" : "20170208T173005Z"
  }, {
    "type" : "place",
    "startTime" : "20170208T120213-0500",
    "endTime" : "20170208T155714-0500",
    "place" : {
      "id" : 588615003,
      "type" : "unknown",
      "location" : {
        "lat" : 40.729663,
        "lon" : -73.993393
      }
    },
    "lastUpdate" : "20170208T220908Z"
  }, {
    "type" : "place",
    "startTime" : "20170208T160227-0500",
    "endTime" : "20170208T181348-0500",
    "place" : {
      "id" : 591371837,
      "type" : "unknown",
      "location" : {
        "lat" : 40.729593,
        "lon" : -73.997237
      }
    },
    "lastUpdate" : "20170208T234400Z"
  }, {
    "type" : "place",
    "startTime" : "20170208T181903-0500",
    "endTime" : "20170208T230216-0500",
    "place" : {
      "id" : 588615003,
      "type" : "unknown",
      "location" : {
        "lat" : 40.729663,
        "lon" : -73.993393
      }
    },
    "lastUpdate" : "20170209T053729Z"
  }, {
    "type" : "place",
    "startTime" : "20170208T234222-0500",
    "endTime" : "20170209T184505-0500",
    "place" : {
      "id" : 588636068,
      "type" : "unknown",
      "location" : {
        "lat" : 40.69673,
        "lon" : -73.931402
      }
    },
    "lastUpdate" : "20170210T001132Z"
  } ],
  "lastUpdate" : "20170210T001132Z"
}, {
  "date" : "20170209",
  "segments" : [ {
    "type" : "place",
    "startTime" : "20170208T234222-0500",
    "endTime" : "20170209T184505-0500",
    "place" : {
      "id" : 588636068,
      "type" : "unknown",
      "location" : {
        "lat" : 40.69673,
        "lon" : -73.931402
      }
    },
    "lastUpdate" : "20170210T001132Z"
  }, {
    "type" : "place",
    "startTime" : "20170209T184928-0500",
    "endTime" : "20170209T190014-0500",
    "place" : {
      "id" : 591534591,
      "type" : "unknown",
      "location" : {
        "lat" : 40.696862,
        "lon" : -73.934981
      }
    },
    "lastUpdate" : "20170210T001132Z"
  }, {
    "type" : "place",
    "startTime" : "20170209T190014-0500",
    "endTime" : "20170209T190144-0500",
    "place" : {
      "id" : 591534591,
      "type" : "unknown",
      "location" : {
        "lat" : 40.696862,
        "lon" : -73.934981
      }
    },
    "lastUpdate" : "20170210T014138Z"
  }, {
    "type" : "place",
    "startTime" : "20170209T190601-0500",
    "endTime" : "20170209T193053-0500",
    "place" : {
      "id" : 593603937,
      "type" : "unknown",
      "location" : {
        "lat" : 40.695954,
        "lon" : -73.933499
      }
    },
    "lastUpdate" : "20170210T014138Z"
  }, {
    "type" : "place",
    "startTime" : "20170209T193824-0500",
    "endTime" : "20170210T100510-0500",
    "place" : {
      "id" : 588636068,
      "type" : "unknown",
      "location" : {
        "lat" : 40.69673,
        "lon" : -73.931402
      }
    },
    "lastUpdate" : "20170210T164036Z"
  } ],
  "lastUpdate" : "20170210T164036Z"
}, {
  "date" : "20170210",
  "segments" : [ {
    "type" : "place",
    "startTime" : "20170209T193824-0500",
    "endTime" : "20170210T100510-0500",
    "place" : {
      "id" : 588636068,
      "type" : "unknown",
      "location" : {
        "lat" : 40.69673,
        "lon" : -73.931402
      }
    },
    "lastUpdate" : "20170210T164036Z"
  }, {
    "type" : "place",
    "startTime" : "20170210T103743-0500",
    "endTime" : "20170210T150320-0500",
    "place" : {
      "id" : 588615003,
      "type" : "unknown",
      "location" : {
        "lat" : 40.729663,
        "lon" : -73.993393
      }
    },
    "lastUpdate" : "20170210T211943Z"
  }, {
    "type" : "place",
    "startTime" : "20170210T151216-0500",
    "endTime" : "20170210T180040-0500",
    "place" : {
      "id" : 594038515,
      "type" : "unknown",
      "location" : {
        "lat" : 40.723416,
        "lon" : -74.002075
      }
    },
    "lastUpdate" : "20170211T002314Z"
  }, {
    "type" : "place",
    "startTime" : "20170210T180624-0500",
    "endTime" : "20170210T182054-0500",
    "place" : {
      "id" : 590789598,
      "type" : "unknown",
      "location" : {
        "lat" : 40.721737,
        "lon" : -74.00261
      }
    },
    "lastUpdate" : "20170211T002314Z"
  }, {
    "type" : "place",
    "startTime" : "20170210T182504-0500",
    "endTime" : "20170210T182826-0500",
    "place" : {
      "id" : 594096131,
      "type" : "unknown",
      "location" : {
        "lat" : 40.723703,
        "lon" : -74.00372
      }
    },
    "lastUpdate" : "20170211T002314Z"
  }, {
    "type" : "place",
    "startTime" : "20170210T184237-0500",
    "endTime" : "20170211T004704-0500",
    "place" : {
      "id" : 589420623,
      "type" : "unknown",
      "location" : {
        "lat" : 40.729922,
        "lon" : -73.99704
      }
    },
    "lastUpdate" : "20170211T063539Z"
  } ],
  "lastUpdate" : "20170211T063539Z"
}, {
  "date" : "20170211",
  "segments" : [ {
    "type" : "place",
    "startTime" : "20170210T184237-0500",
    "endTime" : "20170211T004704-0500",
    "place" : {
      "id" : 589420623,
      "type" : "unknown",
      "location" : {
        "lat" : 40.729922,
        "lon" : -73.99704
      }
    },
    "lastUpdate" : "20170211T063539Z"
  }, {
    "type" : "place",
    "startTime" : "20170211T005422-0500",
    "endTime" : "20170211T005946-0500",
    "place" : {
      "id" : 588615003,
      "type" : "unknown",
      "location" : {
        "lat" : 40.729663,
        "lon" : -73.993393
      }
    },
    "lastUpdate" : "20170211T080730Z"
  }, {
    "type" : "place",
    "startTime" : "20170211T020803-0500",
    "endTime" : "20170211T160444-0500",
    "place" : {
      "id" : 594229406,
      "type" : "unknown",
      "location" : {
        "lat" : 40.771975,
        "lon" : -73.91635
      }
    },
    "lastUpdate" : "20170211T215941Z"
  }, {
    "type" : "place",
    "startTime" : "20170211T163921-0500",
    "endTime" : "20170211T170254-0500",
    "place" : {
      "id" : 594642308,
      "type" : "unknown",
      "location" : {
        "lat" : 40.752714,
        "lon" : -73.97713
      }
    },
    "lastUpdate" : "20170211T233223Z"
  }, {
    "type" : "place",
    "startTime" : "20170211T172126-0500",
    "endTime" : "20170211T230840-0500",
    "place" : {
      "id" : 588615003,
      "type" : "unknown",
      "location" : {
        "lat" : 40.729663,
        "lon" : -73.993393
      }
    },
    "lastUpdate" : "20170212T040842Z"
  } ],
  "lastUpdate" : "20170212T040842Z"
} ]