[ {
  "date" : "20170129",
  "segments" : [ {
    "type" : "place",
    "startTime" : "20170129T163552-0500",
    "endTime" : "20170130T001548-0500",
    "place" : {
      "id" : 588615003,
      "type" : "unknown",
      "location" : {
        "lat" : 40.729663,
        "lon" : -73.993393
      }
    },
    "lastUpdate" : "20170130T064417Z"
  } ],
  "lastUpdate" : "20170130T064417Z"
}, {
  "date" : "20170130",
  "segments" : [ {
    "type" : "place",
    "startTime" : "20170129T163552-0500",
    "endTime" : "20170130T001548-0500",
    "place" : {
      "id" : 588615003,
      "type" : "unknown",
      "location" : {
        "lat" : 40.729663,
        "lon" : -73.993393
      }
    },
    "lastUpdate" : "20170130T064417Z"
  }, {
    "type" : "place",
    "startTime" : "20170130T002014-0500",
    "endTime" : "20170130T003052-0500",
    "place" : {
      "id" : 588636067,
      "type" : "unknown",
      "location" : {
        "lat" : 40.717911,
        "lon" : -74.000072
      }
    },
    "lastUpdate" : "20170130T064417Z"
  }, {
    "type" : "place",
    "startTime" : "20170130T005406-0500",
    "endTime" : "20170130T115556-0500",
    "place" : {
      "id" : 588636068,
      "type" : "unknown",
      "location" : {
        "lat" : 40.69673,
        "lon" : -73.931402
      }
    },
    "lastUpdate" : "20170130T184558Z"
  }, {
    "type" : "place",
    "startTime" : "20170130T121918-0500",
    "endTime" : "20170130T122204-0500",
    "place" : {
      "id" : 588906554,
      "type" : "unknown",
      "location" : {
        "lat" : 40.718136,
        "lon" : -74.00034
      }
    },
    "lastUpdate" : "20170130T184558Z"
  }, {
    "type" : "place",
    "startTime" : "20170130T123344-0500",
    "endTime" : "20170130T123858-0500",
    "place" : {
      "id" : 588906556,
      "type" : "unknown",
      "location" : {
        "lat" : 40.731002,
        "lon" : -73.993544
      }
    },
    "lastUpdate" : "20170130T184558Z"
  }, {
    "type" : "place",
    "startTime" : "20170130T124139-0500",
    "endTime" : "20170130T174924-0500",
    "place" : {
      "id" : 588615003,
      "type" : "unknown",
      "location" : {
        "lat" : 40.729663,
        "lon" : -73.993393
      }
    },
    "lastUpdate" : "20170130T232553Z"
  }, {
    "type" : "place",
    "startTime" : "20170130T175407-0500",
    "endTime" : "20170130T180459-0500",
    "place" : {
      "id" : 588982412,
      "type" : "unknown",
      "location" : {
        "lat" : 40.730849,
        "lon" : -73.993248
      }
    },
    "lastUpdate" : "20170130T232553Z"
  }, {
    "type" : "place",
    "startTime" : "20170130T181008-0500",
    "endTime" : "20170131T014919-0500",
    "place" : {
      "id" : 588615003,
      "type" : "unknown",
      "location" : {
        "lat" : 40.729663,
        "lon" : -73.993393
      }
    },
    "lastUpdate" : "20170131T071343Z"
  } ],
  "lastUpdate" : "20170131T071343Z"
}, {
  "date" : "20170131",
  "segments" : [ {
    "type" : "place",
    "startTime" : "20170130T181008-0500",
    "endTime" : "20170131T014919-0500",
    "place" : {
      "id" : 588615003,
      "type" : "unknown",
      "location" : {
        "lat" : 40.729663,
        "lon" : -73.993393
      }
    },
    "lastUpdate" : "20170131T071343Z"
  }, {
    "type" : "place",
    "startTime" : "20170131T015435-0500",
    "endTime" : "20170131T020213-0500",
    "place" : {
      "id" : 589079641,
      "type" : "unknown",
      "location" : {
        "lat" : 40.730352,
        "lon" : -73.992752
      }
    },
    "lastUpdate" : "20170131T071343Z"
  }, {
    "type" : "place",
    "startTime" : "20170131T020935-0500",
    "endTime" : "20170131T022218-0500",
    "place" : {
      "id" : 588636067,
      "type" : "unknown",
      "location" : {
        "lat" : 40.717911,
        "lon" : -74.000072
      }
    },
    "lastUpdate" : "20170131T084652Z"
  }, {
    "type" : "place",
    "startTime" : "20170131T024408-0500",
    "endTime" : "20170131T114507-0500",
    "place" : {
      "id" : 588636068,
      "type" : "unknown",
      "location" : {
        "lat" : 40.69673,
        "lon" : -73.931402
      }
    },
    "lastUpdate" : "20170131T183628Z"
  }, {
    "type" : "place",
    "startTime" : "20170131T121225-0500",
    "endTime" : "20170131T122316-0500",
    "place" : {
      "id" : 589341243,
      "type" : "unknown",
      "location" : {
        "lat" : 40.727076,
        "lon" : -73.995237
      }
    },
    "lastUpdate" : "20170131T183629Z"
  }, {
    "type" : "place",
    "startTime" : "20170131T123326-0500",
    "endTime" : "20170131T151502-0500",
    "place" : {
      "id" : 588615003,
      "type" : "unknown",
      "location" : {
        "lat" : 40.729663,
        "lon" : -73.993393
      }
    },
    "lastUpdate" : "20170131T214047Z"
  }, {
    "type" : "place",
    "startTime" : "20170131T152341-0500",
    "endTime" : "20170131T162149-0500",
    "place" : {
      "id" : 589399298,
      "type" : "unknown",
      "location" : {
        "lat" : 40.729274,
        "lon" : -73.989176
      }
    },
    "lastUpdate" : "20170131T214047Z"
  }, {
    "type" : "place",
    "startTime" : "20170131T162729-0500",
    "endTime" : "20170131T170814-0500",
    "place" : {
      "id" : 589399299,
      "type" : "unknown",
      "location" : {
        "lat" : 40.727928,
        "lon" : -73.985108
      }
    },
    "lastUpdate" : "20170131T231159Z"
  }, {
    "type" : "place",
    "startTime" : "20170131T172218-0500",
    "endTime" : "20170131T180210-0500",
    "place" : {
      "id" : 589420622,
      "type" : "unknown",
      "location" : {
        "lat" : 40.727886,
        "lon" : -73.993198
      }
    },
    "lastUpdate" : "20170131T231159Z"
  }, {
    "type" : "place",
    "startTime" : "20170131T180820-0500",
    "endTime" : "20170131T235224-0500",
    "place" : {
      "id" : 589420623,
      "type" : "unknown",
      "location" : {
        "lat" : 40.729922,
        "lon" : -73.99704
      }
    },
    "lastUpdate" : "20170201T065435Z"
  } ],
  "lastUpdate" : "20170201T065435Z"
} ]