[ {
  "date" : "20170130",
  "summary" : [ {
    "activity" : "walking",
    "group" : "walking",
    "duration" : 2585.0,
    "distance" : 2461.0,
    "steps" : 4133
  }, {
    "activity" : "transport",
    "group" : "transport",
    "duration" : 2569.0,
    "distance" : 17678.0
  } ],
  "segments" : [ {
    "type" : "place",
    "startTime" : "20170129T163552-0500",
    "endTime" : "20170130T001548-0500",
    "activities" : [ {
      "activity" : "walking",
      "group" : "walking",
      "manual" : false,
      "startTime" : "20170130T000925-0500",
      "endTime" : "20170130T001129-0500",
      "duration" : 124.0,
      "distance" : 138.0,
      "steps" : 185
    } ],
    "lastUpdate" : "20170130T064417Z"
  }, {
    "type" : "move",
    "startTime" : "20170130T001548-0500",
    "endTime" : "20170130T002014-0500",
    "activities" : [ {
      "activity" : "transport",
      "group" : "transport",
      "manual" : false,
      "startTime" : "20170130T001548-0500",
      "endTime" : "20170130T002014-0500",
      "duration" : 266.0,
      "distance" : 1802.0
    } ],
    "lastUpdate" : "20170130T064417Z"
  }, {
    "type" : "place",
    "startTime" : "20170130T002014-0500",
    "endTime" : "20170130T003052-0500",
    "activities" : [ {
      "activity" : "walking",
      "group" : "walking",
      "manual" : false,
      "startTime" : "20170130T002014-0500",
      "endTime" : "20170130T002052-0500",
      "duration" : 38.0,
      "distance" : 29.0,
      "steps" : 58
    } ],
    "lastUpdate" : "20170130T064417Z"
  }, {
    "type" : "move",
    "startTime" : "20170130T003052-0500",
    "endTime" : "20170130T005406-0500",
    "activities" : [ {
      "activity" : "transport",
      "group" : "transport",
      "manual" : false,
      "startTime" : "20170130T003052-0500",
      "endTime" : "20170130T004732-0500",
      "duration" : 1000.0,
      "distance" : 7127.0
    }, {
      "activity" : "walking",
      "group" : "walking",
      "manual" : false,
      "startTime" : "20170130T004733-0500",
      "endTime" : "20170130T005406-0500",
      "duration" : 393.0,
      "distance" : 442.0,
      "steps" : 738
    } ],
    "lastUpdate" : "20170130T064417Z"
  }, {
    "type" : "place",
    "startTime" : "20170130T005406-0500",
    "endTime" : "20170130T115556-0500",
    "activities" : [ {
      "activity" : "walking",
      "group" : "walking",
      "manual" : false,
      "startTime" : "20170130T005413-0500",
      "endTime" : "20170130T005425-0500",
      "duration" : 12.0,
      "distance" : 9.0,
      "steps" : 19
    }, {
      "activity" : "walking",
      "group" : "walking",
      "manual" : false,
      "startTime" : "20170130T115530-0500",
      "endTime" : "20170130T115535-0500",
      "duration" : 5.0,
      "distance" : 4.0,
      "steps" : 8
    } ],
    "lastUpdate" : "20170130T184558Z"
  }, {
    "type" : "move",
    "startTime" : "20170130T115556-0500",
    "endTime" : "20170130T121917-0500",
    "activities" : [ {
      "activity" : "walking",
      "group" : "walking",
      "manual" : false,
      "startTime" : "20170130T115556-0500",
      "endTime" : "20170130T120234-0500",
      "duration" : 398.0,
      "distance" : 391.0,
      "steps" : 668
    }, {
      "activity" : "transport",
      "group" : "transport",
      "manual" : false,
      "startTime" : "20170130T120234-0500",
      "endTime" : "20170130T121917-0500",
      "duration" : 1003.0,
      "distance" : 7085.0
    } ],
    "lastUpdate" : "20170130T184558Z"
  }, {
    "type" : "move",
    "startTime" : "20170130T122204-0500",
    "endTime" : "20170130T123344-0500",
    "activities" : [ {
      "activity" : "walking",
      "group" : "walking",
      "manual" : false,
      "startTime" : "20170130T122204-0500",
      "endTime" : "20170130T122505-0500",
      "duration" : 181.0,
      "distance" : 228.0,
      "steps" : 344
    }, {
      "activity" : "transport",
      "group" : "transport",
      "manual" : false,
      "startTime" : "20170130T122506-0500",
      "endTime" : "20170130T123006-0500",
      "duration" : 300.0,
      "distance" : 1664.0
    }, {
      "activity" : "walking",
      "group" : "walking",
      "manual" : false,
      "startTime" : "20170130T123006-0500",
      "endTime" : "20170130T123343-0500",
      "duration" : 217.0,
      "distance" : 164.0,
      "steps" : 328
    } ],
    "lastUpdate" : "20170130T184558Z"
  }, {
    "type" : "place",
    "startTime" : "20170130T123344-0500",
    "endTime" : "20170130T123858-0500",
    "activities" : [ {
      "activity" : "walking",
      "group" : "walking",
      "manual" : false,
      "startTime" : "20170130T123852-0500",
      "endTime" : "20170130T123857-0500",
      "duration" : 5.0,
      "distance" : 4.0,
      "steps" : 8
    } ],
    "lastUpdate" : "20170130T184558Z"
  }, {
    "type" : "move",
    "startTime" : "20170130T123858-0500",
    "endTime" : "20170130T124139-0500",
    "activities" : [ {
      "activity" : "walking",
      "group" : "walking",
      "manual" : false,
      "startTime" : "20170130T123858-0500",
      "endTime" : "20170130T124139-0500",
      "duration" : 161.0,
      "distance" : 196.0,
      "steps" : 330
    } ],
    "lastUpdate" : "20170130T184558Z"
  }, {
    "type" : "place",
    "startTime" : "20170130T124139-0500",
    "endTime" : "20170130T174924-0500",
    "activities" : [ {
      "activity" : "walking",
      "group" : "walking",
      "manual" : false,
      "startTime" : "20170130T124139-0500",
      "endTime" : "20170130T124228-0500",
      "duration" : 49.0,
      "distance" : 37.0,
      "steps" : 74
    }, {
      "activity" : "walking",
      "group" : "walking",
      "manual" : false,
      "startTime" : "20170130T151145-0500",
      "endTime" : "20170130T151205-0500",
      "duration" : 20.0,
      "distance" : 13.0,
      "steps" : 27
    }, {
      "activity" : "walking",
      "group" : "walking",
      "manual" : false,
      "startTime" : "20170130T162934-0500",
      "endTime" : "20170130T163123-0500",
      "duration" : 109.0,
      "distance" : 57.0,
      "steps" : 115
    }, {
      "activity" : "walking",
      "group" : "walking",
      "manual" : false,
      "startTime" : "20170130T174554-0500",
      "endTime" : "20170130T174702-0500",
      "duration" : 68.0,
      "distance" : 36.0,
      "steps" : 73
    } ],
    "lastUpdate" : "20170130T232553Z"
  }, {
    "type" : "move",
    "startTime" : "20170130T174924-0500",
    "endTime" : "20170130T175407-0500",
    "activities" : [ {
      "activity" : "walking",
      "group" : "walking",
      "manual" : false,
      "startTime" : "20170130T174924-0500",
      "endTime" : "20170130T175406-0500",
      "duration" : 282.0,
      "distance" : 277.0,
      "steps" : 504
    } ],
    "lastUpdate" : "20170130T232553Z"
  }, {
    "type" : "place",
    "startTime" : "20170130T175407-0500",
    "endTime" : "20170130T180459-0500",
    "activities" : [ {
      "activity" : "walking",
      "group" : "walking",
      "manual" : false,
      "startTime" : "20170130T175407-0500",
      "endTime" : "20170130T175419-0500",
      "duration" : 12.0,
      "distance" : 9.0,
      "steps" : 19
    }, {
      "activity" : "walking",
      "group" : "walking",
      "manual" : false,
      "startTime" : "20170130T180024-0500",
      "endTime" : "20170130T180039-0500",
      "duration" : 15.0,
      "distance" : 10.0,
      "steps" : 21
    } ],
    "lastUpdate" : "20170130T232553Z"
  }, {
    "type" : "move",
    "startTime" : "20170130T180459-0500",
    "endTime" : "20170130T181008-0500",
    "activities" : [ {
      "activity" : "walking",
      "group" : "walking",
      "manual" : false,
      "startTime" : "20170130T180459-0500",
      "endTime" : "20170130T181007-0500",
      "duration" : 308.0,
      "distance" : 301.0,
      "steps" : 420
    } ],
    "lastUpdate" : "20170130T232553Z"
  }, {
    "type" : "place",
    "startTime" : "20170130T181008-0500",
    "endTime" : "20170131T014919-0500",
    "activities" : [ {
      "activity" : "walking",
      "group" : "walking",
      "manual" : false,
      "startTime" : "20170130T181008-0500",
      "endTime" : "20170130T181139-0500",
      "duration" : 91.0,
      "distance" : 68.0,
      "steps" : 136
    }, {
      "activity" : "walking",
      "group" : "walking",
      "manual" : false,
      "startTime" : "20170130T203443-0500",
      "endTime" : "20170130T203512-0500",
      "duration" : 29.0,
      "distance" : 14.0,
      "steps" : 0
    }, {
      "activity" : "walking",
      "group" : "walking",
      "manual" : false,
      "startTime" : "20170130T212353-0500",
      "endTime" : "20170130T212501-0500",
      "duration" : 68.0,
      "distance" : 34.0,
      "steps" : 58
    } ],
    "lastUpdate" : "20170131T071343Z"
  } ],
  "lastUpdate" : "20170131T071343Z"
}, {
  "date" : "20170131",
  "summary" : [ {
    "activity" : "walking",
    "group" : "walking",
    "duration" : 5652.0,
    "distance" : 5516.0,
    "steps" : 8374
  }, {
    "activity" : "transport",
    "group" : "transport",
    "duration" : 2135.0,
    "distance" : 15589.0
  } ],
  "segments" : [ {
    "type" : "place",
    "startTime" : "20170130T181008-0500",
    "endTime" : "20170131T014919-0500",
    "activities" : [ {
      "activity" : "walking",
      "group" : "walking",
      "manual" : false,
      "startTime" : "20170131T001020-0500",
      "endTime" : "20170131T001511-0500",
      "duration" : 291.0,
      "distance" : 218.0,
      "steps" : 253
    }, {
      "activity" : "walking",
      "group" : "walking",
      "manual" : false,
      "startTime" : "20170131T014912-0500",
      "endTime" : "20170131T014918-0500",
      "duration" : 6.0,
      "distance" : 4.0,
      "steps" : 9
    } ],
    "lastUpdate" : "20170131T071343Z"
  }, {
    "type" : "move",
    "startTime" : "20170131T014919-0500",
    "endTime" : "20170131T015434-0500",
    "activities" : [ {
      "activity" : "walking",
      "group" : "walking",
      "manual" : false,
      "startTime" : "20170131T014919-0500",
      "endTime" : "20170131T015434-0500",
      "duration" : 315.0,
      "distance" : 192.0,
      "steps" : 385
    } ],
    "lastUpdate" : "20170131T071343Z"
  }, {
    "type" : "place",
    "startTime" : "20170131T015435-0500",
    "endTime" : "20170131T020213-0500",
    "activities" : [ {
      "activity" : "walking",
      "group" : "walking",
      "manual" : false,
      "startTime" : "20170131T015435-0500",
      "endTime" : "20170131T015445-0500",
      "duration" : 10.0,
      "distance" : 8.0,
      "steps" : 16
    }, {
      "activity" : "walking",
      "group" : "walking",
      "manual" : false,
      "startTime" : "20170131T020130-0500",
      "endTime" : "20170131T020212-0500",
      "duration" : 42.0,
      "distance" : 21.0,
      "steps" : 41
    } ],
    "lastUpdate" : "20170131T071343Z"
  }, {
    "type" : "move",
    "startTime" : "20170131T020213-0500",
    "endTime" : "20170131T020935-0500",
    "activities" : [ {
      "activity" : "transport",
      "group" : "transport",
      "manual" : false,
      "startTime" : "20170131T020213-0500",
      "endTime" : "20170131T020559-0500",
      "duration" : 226.0,
      "distance" : 1669.0
    }, {
      "activity" : "walking",
      "group" : "walking",
      "manual" : false,
      "startTime" : "20170131T020600-0500",
      "endTime" : "20170131T020935-0500",
      "duration" : 215.0,
      "distance" : 256.0,
      "steps" : 444
    } ],
    "lastUpdate" : "20170131T071343Z"
  }, {
    "type" : "place",
    "startTime" : "20170131T020935-0500",
    "endTime" : "20170131T022218-0500",
    "activities" : [ {
      "activity" : "walking",
      "group" : "walking",
      "manual" : false,
      "startTime" : "20170131T020935-0500",
      "endTime" : "20170131T021012-0500",
      "duration" : 37.0,
      "distance" : 28.0,
      "steps" : 57
    } ],
    "lastUpdate" : "20170131T084652Z"
  }, {
    "type" : "move",
    "startTime" : "20170131T022218-0500",
    "endTime" : "20170131T024408-0500",
    "activities" : [ {
      "activity" : "transport",
      "group" : "transport",
      "manual" : false,
      "startTime" : "20170131T022218-0500",
      "endTime" : "20170131T023805-0500",
      "duration" : 947.0,
      "distance" : 7115.0
    }, {
      "activity" : "walking",
      "group" : "walking",
      "manual" : false,
      "startTime" : "20170131T023806-0500",
      "endTime" : "20170131T024407-0500",
      "duration" : 361.0,
      "distance" : 486.0,
      "steps" : 677
    } ],
    "lastUpdate" : "20170131T084652Z"
  }, {
    "type" : "place",
    "startTime" : "20170131T024408-0500",
    "endTime" : "20170131T114507-0500",
    "activities" : [ {
      "activity" : "walking",
      "group" : "walking",
      "manual" : false,
      "startTime" : "20170131T024408-0500",
      "endTime" : "20170131T024439-0500",
      "duration" : 31.0,
      "distance" : 23.0,
      "steps" : 47
    }, {
      "activity" : "walking",
      "group" : "walking",
      "manual" : false,
      "startTime" : "20170131T103327-0500",
      "endTime" : "20170131T103349-0500",
      "duration" : 22.0,
      "distance" : 17.0,
      "steps" : 34
    }, {
      "activity" : "walking",
      "group" : "walking",
      "manual" : false,
      "startTime" : "20170131T114459-0500",
      "endTime" : "20170131T114507-0500",
      "duration" : 8.0,
      "distance" : 5.0,
      "steps" : 11
    } ],
    "lastUpdate" : "20170131T183628Z"
  }, {
    "type" : "move",
    "startTime" : "20170131T114508-0500",
    "endTime" : "20170131T121225-0500",
    "activities" : [ {
      "activity" : "walking",
      "group" : "walking",
      "manual" : false,
      "startTime" : "20170131T114508-0500",
      "endTime" : "20170131T115143-0500",
      "duration" : 395.0,
      "distance" : 410.0,
      "steps" : 661
    }, {
      "activity" : "transport",
      "group" : "transport",
      "manual" : false,
      "startTime" : "20170131T115143-0500",
      "endTime" : "20170131T120745-0500",
      "duration" : 962.0,
      "distance" : 6805.0
    }, {
      "activity" : "walking",
      "group" : "walking",
      "manual" : false,
      "startTime" : "20170131T120745-0500",
      "endTime" : "20170131T121224-0500",
      "duration" : 279.0,
      "distance" : 337.0,
      "steps" : 497
    } ],
    "lastUpdate" : "20170131T183628Z"
  }, {
    "type" : "place",
    "startTime" : "20170131T121225-0500",
    "endTime" : "20170131T122316-0500",
    "activities" : [ {
      "activity" : "walking",
      "group" : "walking",
      "manual" : false,
      "startTime" : "20170131T122311-0500",
      "endTime" : "20170131T122312-0500",
      "duration" : 1.0,
      "distance" : 1.0,
      "steps" : 2
    } ],
    "lastUpdate" : "20170131T183629Z"
  }, {
    "type" : "move",
    "startTime" : "20170131T122316-0500",
    "endTime" : "20170131T123326-0500",
    "activities" : [ {
      "activity" : "walking",
      "group" : "walking",
      "manual" : false,
      "startTime" : "20170131T122316-0500",
      "endTime" : "20170131T123326-0500",
      "duration" : 610.0,
      "distance" : 470.0,
      "steps" : 746
    } ],
    "lastUpdate" : "20170131T183629Z"
  }, {
    "type" : "place",
    "startTime" : "20170131T123326-0500",
    "endTime" : "20170131T151502-0500",
    "activities" : [ {
      "activity" : "walking",
      "group" : "walking",
      "manual" : false,
      "startTime" : "20170131T123326-0500",
      "endTime" : "20170131T123340-0500",
      "duration" : 14.0,
      "distance" : 11.0,
      "steps" : 22
    }, {
      "activity" : "walking",
      "group" : "walking",
      "manual" : false,
      "startTime" : "20170131T144751-0500",
      "endTime" : "20170131T144926-0500",
      "duration" : 95.0,
      "distance" : 59.0,
      "steps" : 119
    }, {
      "activity" : "walking",
      "group" : "walking",
      "manual" : false,
      "startTime" : "20170131T150859-0500",
      "endTime" : "20170131T150957-0500",
      "duration" : 58.0,
      "distance" : 44.0,
      "steps" : 88
    } ],
    "lastUpdate" : "20170131T214047Z"
  }, {
    "type" : "move",
    "startTime" : "20170131T151502-0500",
    "endTime" : "20170131T152341-0500",
    "activities" : [ {
      "activity" : "walking",
      "group" : "walking",
      "manual" : false,
      "startTime" : "20170131T151502-0500",
      "endTime" : "20170131T152341-0500",
      "duration" : 519.0,
      "distance" : 474.0,
      "steps" : 758
    } ],
    "lastUpdate" : "20170131T214047Z"
  }, {
    "type" : "place",
    "startTime" : "20170131T152341-0500",
    "endTime" : "20170131T162149-0500",
    "activities" : [ {
      "activity" : "walking",
      "group" : "walking",
      "manual" : false,
      "startTime" : "20170131T152341-0500",
      "endTime" : "20170131T152426-0500",
      "duration" : 45.0,
      "distance" : 34.0,
      "steps" : 68
    }, {
      "activity" : "walking",
      "group" : "walking",
      "manual" : false,
      "startTime" : "20170131T161213-0500",
      "endTime" : "20170131T161251-0500",
      "duration" : 38.0,
      "distance" : 19.0,
      "steps" : 12
    } ],
    "lastUpdate" : "20170131T214047Z"
  }, {
    "type" : "move",
    "startTime" : "20170131T162149-0500",
    "endTime" : "20170131T162729-0500",
    "activities" : [ {
      "activity" : "walking",
      "group" : "walking",
      "manual" : false,
      "startTime" : "20170131T162149-0500",
      "endTime" : "20170131T162728-0500",
      "duration" : 339.0,
      "distance" : 421.0,
      "steps" : 590
    } ],
    "lastUpdate" : "20170131T214047Z"
  }, {
    "type" : "place",
    "startTime" : "20170131T162729-0500",
    "endTime" : "20170131T170814-0500",
    "activities" : [ {
      "activity" : "walking",
      "group" : "walking",
      "manual" : false,
      "startTime" : "20170131T162729-0500",
      "endTime" : "20170131T162757-0500",
      "duration" : 28.0,
      "distance" : 21.0,
      "steps" : 42
    } ],
    "lastUpdate" : "20170131T231159Z"
  }, {
    "type" : "move",
    "startTime" : "20170131T170814-0500",
    "endTime" : "20170131T172218-0500",
    "activities" : [ {
      "activity" : "walking",
      "group" : "walking",
      "manual" : false,
      "startTime" : "20170131T170814-0500",
      "endTime" : "20170131T172217-0500",
      "duration" : 843.0,
      "distance" : 929.0,
      "steps" : 1267
    } ],
    "lastUpdate" : "20170131T231159Z"
  }, {
    "type" : "place",
    "startTime" : "20170131T172218-0500",
    "endTime" : "20170131T180210-0500",
    "activities" : [ {
      "activity" : "walking",
      "group" : "walking",
      "manual" : false,
      "startTime" : "20170131T172224-0500",
      "endTime" : "20170131T172312-0500",
      "duration" : 48.0,
      "distance" : 36.0,
      "steps" : 73
    }, {
      "activity" : "walking",
      "group" : "walking",
      "manual" : false,
      "startTime" : "20170131T180200-0500",
      "endTime" : "20170131T180209-0500",
      "duration" : 9.0,
      "distance" : 6.0,
      "steps" : 13
    } ],
    "lastUpdate" : "20170131T231159Z"
  }, {
    "type" : "move",
    "startTime" : "20170131T180210-0500",
    "endTime" : "20170131T180820-0500",
    "activities" : [ {
      "activity" : "walking",
      "group" : "walking",
      "manual" : false,
      "startTime" : "20170131T180210-0500",
      "endTime" : "20170131T180820-0500",
      "duration" : 370.0,
      "distance" : 436.0,
      "steps" : 615
    } ],
    "lastUpdate" : "20170131T231159Z"
  }, {
    "type" : "place",
    "startTime" : "20170131T180820-0500",
    "endTime" : "20170131T235224-0500",
    "activities" : [ {
      "activity" : "walking",
      "group" : "walking",
      "manual" : false,
      "startTime" : "20170131T180842-0500",
      "endTime" : "20170131T180959-0500",
      "duration" : 77.0,
      "distance" : 58.0,
      "steps" : 117
    }, {
      "activity" : "walking",
      "group" : "walking",
      "manual" : false,
      "startTime" : "20170131T192407-0500",
      "endTime" : "20170131T192436-0500",
      "duration" : 29.0,
      "distance" : 14.0,
      "steps" : 0
    }, {
      "activity" : "walking",
      "group" : "walking",
      "manual" : false,
      "startTime" : "20170131T234812-0500",
      "endTime" : "20170131T234914-0500",
      "duration" : 62.0,
      "distance" : 31.0,
      "steps" : 49
    } ],
    "lastUpdate" : "20170201T065435Z"
  }, {
    "type" : "move",
    "startTime" : "20170131T235224-0500",
    "endTime" : "20170201T001155-0500",
    "activities" : [ {
      "activity" : "walking",
      "group" : "walking",
      "manual" : false,
      "startTime" : "20170131T235224-0500",
      "endTime" : "20170131T235959-0500",
      "duration" : 455.0,
      "distance" : 447.0,
      "steps" : 661
    } ],
    "lastUpdate" : "20170201T065435Z"
  } ],
  "lastUpdate" : "20170201T065435Z"
}, {
  "date" : "20170201",
  "summary" : [ {
    "activity" : "walking",
    "group" : "walking",
    "duration" : 6617.0,
    "distance" : 6944.0,
    "steps" : 10196
  }, {
    "activity" : "transport",
    "group" : "transport",
    "duration" : 4186.0,
    "distance" : 28371.0
  } ],
  "segments" : [ {
    "type" : "move",
    "startTime" : "20170131T235224-0500",
    "endTime" : "20170201T001155-0500",
    "activities" : [ {
      "activity" : "walking",
      "group" : "walking",
      "manual" : false,
      "startTime" : "20170201T000000-0500",
      "endTime" : "20170201T001155-0500",
      "duration" : 715.0,
      "distance" : 796.0,
      "steps" : 1039
    } ],
    "lastUpdate" : "20170201T065435Z"
  }, {
    "type" : "place",
    "startTime" : "20170201T001156-0500",
    "endTime" : "20170201T001746-0500",
    "activities" : [ {
      "activity" : "walking",
      "group" : "walking",
      "manual" : false,
      "startTime" : "20170201T001156-0500",
      "endTime" : "20170201T001201-0500",
      "duration" : 5.0,
      "distance" : 3.0,
      "steps" : 7
    } ],
    "lastUpdate" : "20170201T065435Z"
  }, {
    "type" : "move",
    "startTime" : "20170201T001746-0500",
    "endTime" : "20170201T005128-0500",
    "activities" : [ {
      "activity" : "transport",
      "group" : "transport",
      "manual" : false,
      "startTime" : "20170201T001746-0500",
      "endTime" : "20170201T004418-0500",
      "duration" : 1592.0,
      "distance" : 9441.0
    }, {
      "activity" : "walking",
      "group" : "walking",
      "manual" : false,
      "startTime" : "20170201T004419-0500",
      "endTime" : "20170201T005127-0500",
      "duration" : 428.0,
      "distance" : 466.0,
      "steps" : 732
    } ],
    "lastUpdate" : "20170201T065435Z"
  }, {
    "type" : "place",
    "startTime" : "20170201T005128-0500",
    "endTime" : "20170201T071628-0500",
    "activities" : [ {
      "activity" : "walking",
      "group" : "walking",
      "manual" : false,
      "startTime" : "20170201T005128-0500",
      "endTime" : "20170201T005149-0500",
      "duration" : 21.0,
      "distance" : 15.0,
      "steps" : 31
    } ],
    "lastUpdate" : "20170201T130829Z"
  }, {
    "type" : "move",
    "startTime" : "20170201T071628-0500",
    "endTime" : "20170201T074611-0500",
    "activities" : [ {
      "activity" : "walking",
      "group" : "walking",
      "manual" : false,
      "startTime" : "20170201T071628-0500",
      "endTime" : "20170201T072337-0500",
      "duration" : 429.0,
      "distance" : 415.0,
      "steps" : 783
    }, {
      "activity" : "transport",
      "group" : "transport",
      "manual" : false,
      "startTime" : "20170201T072337-0500",
      "endTime" : "20170201T073607-0500",
      "duration" : 750.0,
      "distance" : 5744.0
    }, {
      "activity" : "walking",
      "group" : "walking",
      "manual" : false,
      "startTime" : "20170201T073608-0500",
      "endTime" : "20170201T073838-0500",
      "duration" : 150.0,
      "distance" : 81.0,
      "steps" : 163
    }, {
      "activity" : "transport",
      "group" : "transport",
      "manual" : false,
      "startTime" : "20170201T073838-0500",
      "endTime" : "20170201T074138-0500",
      "duration" : 180.0,
      "distance" : 1226.0
    }, {
      "activity" : "walking",
      "group" : "walking",
      "manual" : false,
      "startTime" : "20170201T074138-0500",
      "endTime" : "20170201T074611-0500",
      "duration" : 273.0,
      "distance" : 314.0,
      "steps" : 455
    } ],
    "lastUpdate" : "20170201T130829Z"
  }, {
    "type" : "place",
    "startTime" : "20170201T074612-0500",
    "endTime" : "20170201T091012-0500",
    "activities" : [ {
      "activity" : "walking",
      "group" : "walking",
      "manual" : false,
      "startTime" : "20170201T074612-0500",
      "endTime" : "20170201T074648-0500",
      "duration" : 36.0,
      "distance" : 27.0,
      "steps" : 55
    }, {
      "activity" : "walking",
      "group" : "walking",
      "manual" : false,
      "startTime" : "20170201T090709-0500",
      "endTime" : "20170201T090736-0500",
      "duration" : 27.0,
      "distance" : 19.0,
      "steps" : 39
    } ],
    "lastUpdate" : "20170201T144310Z"
  }, {
    "type" : "move",
    "startTime" : "20170201T091012-0500",
    "endTime" : "20170201T091722-0500",
    "activities" : [ {
      "activity" : "walking",
      "group" : "walking",
      "manual" : false,
      "startTime" : "20170201T091012-0500",
      "endTime" : "20170201T091721-0500",
      "duration" : 429.0,
      "distance" : 384.0,
      "steps" : 639
    } ],
    "lastUpdate" : "20170201T144310Z"
  }, {
    "type" : "place",
    "startTime" : "20170201T091722-0500",
    "endTime" : "20170201T094122-0500",
    "activities" : [ {
      "activity" : "walking",
      "group" : "walking",
      "manual" : false,
      "startTime" : "20170201T093435-0500",
      "endTime" : "20170201T093440-0500",
      "duration" : 5.0,
      "distance" : 4.0,
      "steps" : 9
    } ],
    "lastUpdate" : "20170201T161518Z"
  }, {
    "type" : "place",
    "startTime" : "20170201T094122-0500",
    "endTime" : "20170201T095053-0500",
    "activities" : [ {
      "activity" : "walking",
      "group" : "walking",
      "manual" : false,
      "startTime" : "20170201T094252-0500",
      "endTime" : "20170201T094822-0500",
      "duration" : 330.0,
      "distance" : 371.0,
      "steps" : 495
    } ],
    "lastUpdate" : "20170201T161518Z"
  }, {
    "type" : "move",
    "startTime" : "20170201T095053-0500",
    "endTime" : "20170201T095539-0500",
    "activities" : [ {
      "activity" : "walking",
      "group" : "walking",
      "manual" : false,
      "startTime" : "20170201T095053-0500",
      "endTime" : "20170201T095538-0500",
      "duration" : 285.0,
      "distance" : 410.0,
      "steps" : 499
    } ],
    "lastUpdate" : "20170201T161518Z"
  }, {
    "type" : "place",
    "startTime" : "20170201T095539-0500",
    "endTime" : "20170201T135455-0500",
    "activities" : [ {
      "activity" : "walking",
      "group" : "walking",
      "manual" : false,
      "startTime" : "20170201T095539-0500",
      "endTime" : "20170201T095759-0500",
      "duration" : 140.0,
      "distance" : 158.0,
      "steps" : 211
    }, {
      "activity" : "walking",
      "group" : "walking",
      "manual" : false,
      "startTime" : "20170201T100451-0500",
      "endTime" : "20170201T100656-0500",
      "duration" : 125.0,
      "distance" : 138.0,
      "steps" : 184
    }, {
      "activity" : "walking",
      "group" : "walking",
      "manual" : false,
      "startTime" : "20170201T112859-0500",
      "endTime" : "20170201T113032-0500",
      "duration" : 93.0,
      "distance" : 52.0,
      "steps" : 104
    }, {
      "activity" : "walking",
      "group" : "walking",
      "manual" : false,
      "startTime" : "20170201T133312-0500",
      "endTime" : "20170201T133612-0500",
      "duration" : 180.0,
      "distance" : 201.0,
      "steps" : 268
    } ],
    "lastUpdate" : "20170201T192151Z"
  }, {
    "type" : "move",
    "startTime" : "20170201T135455-0500",
    "endTime" : "20170201T140803-0500",
    "activities" : [ {
      "activity" : "walking",
      "group" : "walking",
      "manual" : false,
      "startTime" : "20170201T135455-0500",
      "endTime" : "20170201T140803-0500",
      "duration" : 788.0,
      "distance" : 927.0,
      "steps" : 1269
    } ],
    "lastUpdate" : "20170201T192151Z"
  }, {
    "type" : "place",
    "startTime" : "20170201T140803-0500",
    "endTime" : "20170201T144815-0500",
    "activities" : [ {
      "activity" : "walking",
      "group" : "walking",
      "manual" : false,
      "startTime" : "20170201T140803-0500",
      "endTime" : "20170201T140823-0500",
      "duration" : 20.0,
      "distance" : 15.0,
      "steps" : 30
    } ],
    "lastUpdate" : "20170201T205208Z"
  }, {
    "type" : "move",
    "startTime" : "20170201T144815-0500",
    "endTime" : "20170201T145652-0500",
    "activities" : [ {
      "activity" : "walking",
      "group" : "walking",
      "manual" : false,
      "startTime" : "20170201T144815-0500",
      "endTime" : "20170201T145651-0500",
      "duration" : 516.0,
      "distance" : 436.0,
      "steps" : 753
    } ],
    "lastUpdate" : "20170201T205208Z"
  }, {
    "type" : "place",
    "startTime" : "20170201T145652-0500",
    "endTime" : "20170201T214704-0500",
    "activities" : [ {
      "activity" : "walking",
      "group" : "walking",
      "manual" : false,
      "startTime" : "20170201T145652-0500",
      "endTime" : "20170201T145726-0500",
      "duration" : 34.0,
      "distance" : 25.0,
      "steps" : 51
    }, {
      "activity" : "walking",
      "group" : "walking",
      "manual" : false,
      "startTime" : "20170201T150035-0500",
      "endTime" : "20170201T150036-0500",
      "duration" : 1.0,
      "distance" : 1.0,
      "steps" : 2
    }, {
      "activity" : "walking",
      "group" : "walking",
      "manual" : false,
      "startTime" : "20170201T164736-0500",
      "endTime" : "20170201T164805-0500",
      "duration" : 29.0,
      "distance" : 14.0,
      "steps" : 0
    }, {
      "activity" : "walking",
      "group" : "walking",
      "manual" : false,
      "startTime" : "20170201T181541-0500",
      "endTime" : "20170201T181657-0500",
      "duration" : 76.0,
      "distance" : 38.0,
      "steps" : 53
    }, {
      "activity" : "walking",
      "group" : "walking",
      "manual" : false,
      "startTime" : "20170201T201702-0500",
      "endTime" : "20170201T201919-0500",
      "duration" : 137.0,
      "distance" : 145.0,
      "steps" : 194
    }, {
      "activity" : "walking",
      "group" : "walking",
      "manual" : false,
      "startTime" : "20170201T210238-0500",
      "endTime" : "20170201T210755-0500",
      "duration" : 317.0,
      "distance" : 323.0,
      "steps" : 431
    } ],
    "lastUpdate" : "20170202T030130Z"
  }, {
    "type" : "move",
    "startTime" : "20170201T214704-0500",
    "endTime" : "20170201T215827-0500",
    "activities" : [ {
      "activity" : "walking",
      "group" : "walking",
      "manual" : false,
      "startTime" : "20170201T214704-0500",
      "endTime" : "20170201T215827-0500",
      "duration" : 683.0,
      "distance" : 749.0,
      "steps" : 1102
    } ],
    "lastUpdate" : "20170202T030130Z"
  }, {
    "type" : "place",
    "startTime" : "20170201T215827-0500",
    "endTime" : "20170201T220732-0500",
    "activities" : [ {
      "activity" : "walking",
      "group" : "walking",
      "manual" : false,
      "startTime" : "20170201T215908-0500",
      "endTime" : "20170201T215918-0500",
      "duration" : 10.0,
      "distance" : 8.0,
      "steps" : 16
    }, {
      "activity" : "walking",
      "group" : "walking",
      "manual" : false,
      "startTime" : "20170201T220639-0500",
      "endTime" : "20170201T220647-0500",
      "duration" : 8.0,
      "distance" : 6.0,
      "steps" : 12
    } ],
    "lastUpdate" : "20170202T043606Z"
  }, {
    "type" : "move",
    "startTime" : "20170201T220732-0500",
    "endTime" : "20170201T223800-0500",
    "activities" : [ {
      "activity" : "transport",
      "group" : "transport",
      "manual" : false,
      "startTime" : "20170201T220732-0500",
      "endTime" : "20170201T223516-0500",
      "duration" : 1664.0,
      "distance" : 11960.0
    }, {
      "activity" : "walking",
      "group" : "walking",
      "manual" : false,
      "startTime" : "20170201T223517-0500",
      "endTime" : "20170201T223759-0500",
      "duration" : 162.0,
      "distance" : 234.0,
      "steps" : 322
    } ],
    "lastUpdate" : "20170202T043606Z"
  }, {
    "type" : "place",
    "startTime" : "20170201T223800-0500",
    "endTime" : "20170202T095212-0500",
    "activities" : [ {
      "activity" : "walking",
      "group" : "walking",
      "manual" : false,
      "startTime" : "20170201T223810-0500",
      "endTime" : "20170201T223853-0500",
      "duration" : 43.0,
      "distance" : 33.0,
      "steps" : 66
    }, {
      "activity" : "walking",
      "group" : "walking",
      "manual" : false,
      "startTime" : "20170201T235549-0500",
      "endTime" : "20170201T235751-0500",
      "duration" : 122.0,
      "distance" : 136.0,
      "steps" : 182
    } ],
    "lastUpdate" : "20170202T165453Z"
  } ],
  "lastUpdate" : "20170202T165453Z"
}, {
  "date" : "20170202",
  "summary" : [ {
    "activity" : "walking",
    "group" : "walking",
    "duration" : 3882.0,
    "distance" : 3929.0,
    "steps" : 5913
  }, {
    "activity" : "transport",
    "group" : "transport",
    "duration" : 2062.0,
    "distance" : 12682.0
  } ],
  "segments" : [ {
    "type" : "place",
    "startTime" : "20170201T223800-0500",
    "endTime" : "20170202T095212-0500",
    "activities" : [ {
      "activity" : "walking",
      "group" : "walking",
      "manual" : false,
      "startTime" : "20170202T000019-0500",
      "endTime" : "20170202T000312-0500",
      "duration" : 173.0,
      "distance" : 193.0,
      "steps" : 258
    }, {
      "activity" : "walking",
      "group" : "walking",
      "manual" : false,
      "startTime" : "20170202T015320-0500",
      "endTime" : "20170202T015334-0500",
      "duration" : 14.0,
      "distance" : 9.0,
      "steps" : 19
    }, {
      "activity" : "walking",
      "group" : "walking",
      "manual" : false,
      "startTime" : "20170202T094244-0500",
      "endTime" : "20170202T094347-0500",
      "duration" : 63.0,
      "distance" : 47.0,
      "steps" : 94
    } ],
    "lastUpdate" : "20170202T165453Z"
  }, {
    "type" : "move",
    "startTime" : "20170202T095212-0500",
    "endTime" : "20170202T102939-0500",
    "activities" : [ {
      "activity" : "walking",
      "group" : "walking",
      "manual" : false,
      "startTime" : "20170202T095212-0500",
      "endTime" : "20170202T095516-0500",
      "duration" : 184.0,
      "distance" : 274.0,
      "steps" : 325
    }, {
      "activity" : "transport",
      "group" : "transport",
      "manual" : false,
      "startTime" : "20170202T095517-0500",
      "endTime" : "20170202T102939-0500",
      "duration" : 2062.0,
      "distance" : 12682.0
    } ],
    "lastUpdate" : "20170202T165453Z"
  }, {
    "type" : "place",
    "startTime" : "20170202T102939-0500",
    "endTime" : "20170202T145338-0500",
    "activities" : [ {
      "activity" : "walking",
      "group" : "walking",
      "manual" : false,
      "startTime" : "20170202T102940-0500",
      "endTime" : "20170202T103253-0500",
      "duration" : 193.0,
      "distance" : 217.0,
      "steps" : 290
    }, {
      "activity" : "walking",
      "group" : "walking",
      "manual" : false,
      "startTime" : "20170202T110552-0500",
      "endTime" : "20170202T110715-0500",
      "duration" : 83.0,
      "distance" : 62.0,
      "steps" : 124
    }, {
      "activity" : "walking",
      "group" : "walking",
      "manual" : false,
      "startTime" : "20170202T120000-0500",
      "endTime" : "20170202T120014-0500",
      "duration" : 14.0,
      "distance" : 10.0,
      "steps" : 21
    }, {
      "activity" : "walking",
      "group" : "walking",
      "manual" : false,
      "startTime" : "20170202T134226-0500",
      "endTime" : "20170202T134347-0500",
      "duration" : 81.0,
      "distance" : 42.0,
      "steps" : 85
    }, {
      "activity" : "walking",
      "group" : "walking",
      "manual" : false,
      "startTime" : "20170202T144234-0500",
      "endTime" : "20170202T144332-0500",
      "duration" : 58.0,
      "distance" : 29.0,
      "steps" : 43
    } ],
    "lastUpdate" : "20170202T213219Z"
  }, {
    "type" : "move",
    "startTime" : "20170202T145338-0500",
    "endTime" : "20170202T145715-0500",
    "activities" : [ {
      "activity" : "walking",
      "group" : "walking",
      "manual" : false,
      "startTime" : "20170202T145338-0500",
      "endTime" : "20170202T145714-0500",
      "duration" : 216.0,
      "distance" : 221.0,
      "steps" : 443
    } ],
    "lastUpdate" : "20170202T213219Z"
  }, {
    "type" : "place",
    "startTime" : "20170202T145715-0500",
    "endTime" : "20170202T174949-0500",
    "activities" : [ {
      "activity" : "walking",
      "group" : "walking",
      "manual" : false,
      "startTime" : "20170202T145715-0500",
      "endTime" : "20170202T145801-0500",
      "duration" : 46.0,
      "distance" : 34.0,
      "steps" : 69
    }, {
      "activity" : "walking",
      "group" : "walking",
      "manual" : false,
      "startTime" : "20170202T150044-0500",
      "endTime" : "20170202T150433-0500",
      "duration" : 229.0,
      "distance" : 246.0,
      "steps" : 329
    }, {
      "activity" : "walking",
      "group" : "walking",
      "manual" : false,
      "startTime" : "20170202T163155-0500",
      "endTime" : "20170202T163306-0500",
      "duration" : 71.0,
      "distance" : 52.0,
      "steps" : 105
    } ],
    "lastUpdate" : "20170202T230404Z"
  }, {
    "type" : "move",
    "startTime" : "20170202T174949-0500",
    "endTime" : "20170202T175611-0500",
    "activities" : [ {
      "activity" : "walking",
      "group" : "walking",
      "manual" : false,
      "startTime" : "20170202T174949-0500",
      "endTime" : "20170202T175611-0500",
      "duration" : 382.0,
      "distance" : 375.0,
      "steps" : 520
    } ],
    "lastUpdate" : "20170202T230404Z"
  }, {
    "type" : "place",
    "startTime" : "20170202T175611-0500",
    "endTime" : "20170202T192221-0500",
    "activities" : [ {
      "activity" : "walking",
      "group" : "walking",
      "manual" : false,
      "startTime" : "20170202T175618-0500",
      "endTime" : "20170202T175703-0500",
      "duration" : 45.0,
      "distance" : 34.0,
      "steps" : 69
    }, {
      "activity" : "walking",
      "group" : "walking",
      "manual" : false,
      "startTime" : "20170202T191415-0500",
      "endTime" : "20170202T191617-0500",
      "duration" : 122.0,
      "distance" : 135.0,
      "steps" : 180
    } ],
    "lastUpdate" : "20170203T003817Z"
  }, {
    "type" : "move",
    "startTime" : "20170202T192221-0500",
    "endTime" : "20170202T193035-0500",
    "activities" : [ {
      "activity" : "walking",
      "group" : "walking",
      "manual" : false,
      "startTime" : "20170202T192221-0500",
      "endTime" : "20170202T193035-0500",
      "duration" : 494.0,
      "distance" : 437.0,
      "steps" : 641
    } ],
    "lastUpdate" : "20170203T003817Z"
  }, {
    "type" : "place",
    "startTime" : "20170202T193035-0500",
    "endTime" : "20170202T230157-0500",
    "activities" : [ {
      "activity" : "walking",
      "group" : "walking",
      "manual" : false,
      "startTime" : "20170202T193055-0500",
      "endTime" : "20170202T193620-0500",
      "duration" : 325.0,
      "distance" : 366.0,
      "steps" : 488
    }, {
      "activity" : "walking",
      "group" : "walking",
      "manual" : false,
      "startTime" : "20170202T212645-0500",
      "endTime" : "20170202T212714-0500",
      "duration" : 29.0,
      "distance" : 14.0,
      "steps" : 0
    }, {
      "activity" : "walking",
      "group" : "walking",
      "manual" : false,
      "startTime" : "20170202T220106-0500",
      "endTime" : "20170202T220354-0500",
      "duration" : 168.0,
      "distance" : 156.0,
      "steps" : 208
    }, {
      "activity" : "walking",
      "group" : "walking",
      "manual" : false,
      "startTime" : "20170202T230000-0500",
      "endTime" : "20170202T230025-0500",
      "duration" : 25.0,
      "distance" : 14.0,
      "steps" : 29
    } ],
    "lastUpdate" : "20170203T053623Z"
  }, {
    "type" : "move",
    "startTime" : "20170202T230157-0500",
    "endTime" : "20170202T231437-0500",
    "activities" : [ {
      "activity" : "walking",
      "group" : "walking",
      "manual" : false,
      "startTime" : "20170202T230157-0500",
      "endTime" : "20170202T231436-0500",
      "duration" : 759.0,
      "distance" : 881.0,
      "steps" : 1411
    } ],
    "lastUpdate" : "20170203T053623Z"
  }, {
    "type" : "place",
    "startTime" : "20170202T231437-0500",
    "endTime" : "20170203T000957-0500",
    "activities" : [ {
      "activity" : "walking",
      "group" : "walking",
      "manual" : false,
      "startTime" : "20170202T231437-0500",
      "endTime" : "20170202T231625-0500",
      "duration" : 108.0,
      "distance" : 81.0,
      "steps" : 162
    } ],
    "lastUpdate" : "20170203T053623Z"
  } ],
  "lastUpdate" : "20170203T053623Z"
}, {
  "date" : "20170203",
  "summary" : [ {
    "activity" : "walking",
    "group" : "walking",
    "duration" : 6321.0,
    "distance" : 6564.0,
    "steps" : 9939
  }, {
    "activity" : "transport",
    "group" : "transport",
    "duration" : 5346.0,
    "distance" : 33463.0
  }, {
    "activity" : "running",
    "group" : "running",
    "duration" : 204.0,
    "distance" : 143.0,
    "steps" : 46
  } ],
  "segments" : [ {
    "type" : "place",
    "startTime" : "20170202T231437-0500",
    "endTime" : "20170203T000957-0500",
    "activities" : [ {
      "activity" : "walking",
      "group" : "walking",
      "manual" : false,
      "startTime" : "20170203T000000-0500",
      "endTime" : "20170203T000047-0500",
      "duration" : 47.0,
      "distance" : 28.0,
      "steps" : 57
    } ],
    "lastUpdate" : "20170203T053623Z"
  }, {
    "type" : "move",
    "startTime" : "20170203T000957-0500",
    "endTime" : "20170203T002144-0500",
    "activities" : [ {
      "activity" : "walking",
      "group" : "walking",
      "manual" : false,
      "startTime" : "20170203T000957-0500",
      "endTime" : "20170203T002144-0500",
      "duration" : 707.0,
      "distance" : 900.0,
      "steps" : 1112
    } ],
    "lastUpdate" : "20170203T053623Z"
  }, {
    "type" : "place",
    "startTime" : "20170203T002144-0500",
    "endTime" : "20170203T002509-0500",
    "activities" : [ {
      "activity" : "walking",
      "group" : "walking",
      "manual" : false,
      "startTime" : "20170203T002144-0500",
      "endTime" : "20170203T002245-0500",
      "duration" : 61.0,
      "distance" : 46.0,
      "steps" : 92
    } ],
    "lastUpdate" : "20170203T053623Z"
  }, {
    "type" : "move",
    "startTime" : "20170203T002509-0500",
    "endTime" : "20170203T002741-0500",
    "activities" : [ {
      "activity" : "walking",
      "group" : "walking",
      "manual" : false,
      "startTime" : "20170203T002509-0500",
      "endTime" : "20170203T002740-0500",
      "duration" : 151.0,
      "distance" : 212.0,
      "steps" : 284
    } ],
    "lastUpdate" : "20170203T053623Z"
  }, {
    "type" : "place",
    "startTime" : "20170203T002741-0500",
    "endTime" : "20170203T003200-0500",
    "activities" : [ {
      "activity" : "walking",
      "group" : "walking",
      "manual" : false,
      "startTime" : "20170203T002741-0500",
      "endTime" : "20170203T002747-0500",
      "duration" : 6.0,
      "distance" : 4.0,
      "steps" : 9
    } ],
    "lastUpdate" : "20170203T144524Z"
  }, {
    "type" : "move",
    "startTime" : "20170203T003200-0500",
    "endTime" : "20170203T005958-0500",
    "activities" : [ {
      "activity" : "transport",
      "group" : "transport",
      "manual" : false,
      "startTime" : "20170203T003200-0500",
      "endTime" : "20170203T005957-0500",
      "duration" : 1677.0,
      "distance" : 11141.0
    } ],
    "lastUpdate" : "20170203T144524Z"
  }, {
    "type" : "off",
    "startTime" : "20170203T005958-0500",
    "endTime" : "20170203T081434-0500",
    "activities" : [ {
      "activity" : "walking",
      "group" : "walking",
      "manual" : false,
      "startTime" : "20170203T065643-0500",
      "endTime" : "20170203T065655-0500",
      "duration" : 12.0,
      "distance" : 8.0,
      "steps" : 16
    }, {
      "activity" : "walking",
      "group" : "walking",
      "manual" : false,
      "startTime" : "20170203T075246-0500",
      "endTime" : "20170203T075252-0500",
      "duration" : 6.0,
      "distance" : 4.0,
      "steps" : 8
    }, {
      "activity" : "walking",
      "group" : "walking",
      "manual" : false,
      "startTime" : "20170203T075744-0500",
      "endTime" : "20170203T075754-0500",
      "duration" : 10.0,
      "distance" : 7.0,
      "steps" : 14
    }, {
      "activity" : "walking",
      "group" : "walking",
      "manual" : false,
      "startTime" : "20170203T075818-0500",
      "endTime" : "20170203T080825-0500",
      "duration" : 607.0,
      "distance" : 302.0,
      "steps" : 486
    }, {
      "activity" : "running",
      "group" : "running",
      "manual" : false,
      "startTime" : "20170203T080825-0500",
      "endTime" : "20170203T081149-0500",
      "duration" : 204.0,
      "distance" : 143.0,
      "steps" : 46
    }, {
      "activity" : "walking",
      "group" : "walking",
      "manual" : false,
      "startTime" : "20170203T081150-0500",
      "endTime" : "20170203T081433-0500",
      "duration" : 163.0,
      "distance" : 156.0,
      "steps" : 313
    } ],
    "lastUpdate" : "20170203T144524Z"
  }, {
    "type" : "place",
    "startTime" : "20170203T081434-0500",
    "endTime" : "20170203T082852-0500",
    "activities" : [ {
      "activity" : "walking",
      "group" : "walking",
      "manual" : false,
      "startTime" : "20170203T081434-0500",
      "endTime" : "20170203T081930-0500",
      "duration" : 296.0,
      "distance" : 333.0,
      "steps" : 444
    } ],
    "lastUpdate" : "20170203T144524Z"
  }, {
    "type" : "move",
    "startTime" : "20170203T082852-0500",
    "endTime" : "20170203T083316-0500",
    "activities" : [ {
      "activity" : "transport",
      "group" : "transport",
      "manual" : false,
      "startTime" : "20170203T082852-0500",
      "endTime" : "20170203T083039-0500",
      "duration" : 107.0,
      "distance" : 969.0
    }, {
      "activity" : "walking",
      "group" : "walking",
      "manual" : false,
      "startTime" : "20170203T083040-0500",
      "endTime" : "20170203T083316-0500",
      "duration" : 156.0,
      "distance" : 234.0,
      "steps" : 342
    } ],
    "lastUpdate" : "20170203T144524Z"
  }, {
    "type" : "place",
    "startTime" : "20170203T083316-0500",
    "endTime" : "20170203T091447-0500",
    "activities" : [ {
      "activity" : "walking",
      "group" : "walking",
      "manual" : false,
      "startTime" : "20170203T083316-0500",
      "endTime" : "20170203T083346-0500",
      "duration" : 30.0,
      "distance" : 23.0,
      "steps" : 46
    }, {
      "activity" : "walking",
      "group" : "walking",
      "manual" : false,
      "startTime" : "20170203T090039-0500",
      "endTime" : "20170203T090120-0500",
      "duration" : 41.0,
      "distance" : 30.0,
      "steps" : 60
    } ],
    "lastUpdate" : "20170203T144524Z"
  }, {
    "type" : "move",
    "startTime" : "20170203T091447-0500",
    "endTime" : "20170203T092003-0500",
    "activities" : [ {
      "activity" : "walking",
      "group" : "walking",
      "manual" : false,
      "startTime" : "20170203T091447-0500",
      "endTime" : "20170203T092003-0500",
      "duration" : 316.0,
      "distance" : 317.0,
      "steps" : 486
    } ],
    "lastUpdate" : "20170203T144524Z"
  }, {
    "type" : "place",
    "startTime" : "20170203T092003-0500",
    "endTime" : "20170203T094002-0500",
    "activities" : [ {
      "activity" : "walking",
      "group" : "walking",
      "manual" : false,
      "startTime" : "20170203T092004-0500",
      "endTime" : "20170203T092027-0500",
      "duration" : 23.0,
      "distance" : 18.0,
      "steps" : 36
    } ],
    "lastUpdate" : "20170203T161926Z"
  }, {
    "type" : "move",
    "startTime" : "20170203T094002-0500",
    "endTime" : "20170203T103022-0500",
    "activities" : [ {
      "activity" : "walking",
      "group" : "walking",
      "manual" : false,
      "startTime" : "20170203T094002-0500",
      "endTime" : "20170203T094453-0500",
      "duration" : 291.0,
      "distance" : 196.0,
      "steps" : 392
    }, {
      "activity" : "transport",
      "group" : "transport",
      "manual" : false,
      "startTime" : "20170203T094453-0500",
      "endTime" : "20170203T101916-0500",
      "duration" : 2063.0,
      "distance" : 14264.0
    }, {
      "activity" : "walking",
      "group" : "walking",
      "manual" : false,
      "startTime" : "20170203T101916-0500",
      "endTime" : "20170203T103022-0500",
      "duration" : 666.0,
      "distance" : 730.0,
      "steps" : 1198
    } ],
    "lastUpdate" : "20170203T161926Z"
  }, {
    "type" : "place",
    "startTime" : "20170203T103022-0500",
    "endTime" : "20170203T160749-0500",
    "activities" : [ {
      "activity" : "walking",
      "group" : "walking",
      "manual" : false,
      "startTime" : "20170203T103030-0500",
      "endTime" : "20170203T103034-0500",
      "duration" : 4.0,
      "distance" : 3.0,
      "steps" : 7
    }, {
      "activity" : "walking",
      "group" : "walking",
      "manual" : false,
      "startTime" : "20170203T132732-0500",
      "endTime" : "20170203T132755-0500",
      "duration" : 23.0,
      "distance" : 16.0,
      "steps" : 32
    }, {
      "activity" : "walking",
      "group" : "walking",
      "manual" : false,
      "startTime" : "20170203T144845-0500",
      "endTime" : "20170203T144909-0500",
      "duration" : 24.0,
      "distance" : 18.0,
      "steps" : 36
    }, {
      "activity" : "walking",
      "group" : "walking",
      "manual" : false,
      "startTime" : "20170203T160612-0500",
      "endTime" : "20170203T160650-0500",
      "duration" : 38.0,
      "distance" : 27.0,
      "steps" : 55
    } ],
    "lastUpdate" : "20170203T223213Z"
  }, {
    "type" : "move",
    "startTime" : "20170203T160749-0500",
    "endTime" : "20170203T161151-0500",
    "activities" : [ {
      "activity" : "walking",
      "group" : "walking",
      "manual" : false,
      "startTime" : "20170203T160749-0500",
      "endTime" : "20170203T161150-0500",
      "duration" : 241.0,
      "distance" : 289.0,
      "steps" : 442
    } ],
    "lastUpdate" : "20170203T223213Z"
  }, {
    "type" : "place",
    "startTime" : "20170203T161151-0500",
    "endTime" : "20170203T161519-0500",
    "activities" : [ {
      "activity" : "walking",
      "group" : "walking",
      "manual" : false,
      "startTime" : "20170203T161151-0500",
      "endTime" : "20170203T161217-0500",
      "duration" : 26.0,
      "distance" : 19.0,
      "steps" : 39
    } ],
    "lastUpdate" : "20170203T223213Z"
  }, {
    "type" : "move",
    "startTime" : "20170203T161519-0500",
    "endTime" : "20170203T161852-0500",
    "activities" : [ {
      "activity" : "walking",
      "group" : "walking",
      "manual" : false,
      "startTime" : "20170203T161519-0500",
      "endTime" : "20170203T161851-0500",
      "duration" : 212.0,
      "distance" : 264.0,
      "steps" : 414
    } ],
    "lastUpdate" : "20170203T223213Z"
  }, {
    "type" : "place",
    "startTime" : "20170203T161852-0500",
    "endTime" : "20170203T163208-0500",
    "activities" : [ {
      "activity" : "walking",
      "group" : "walking",
      "manual" : false,
      "startTime" : "20170203T161852-0500",
      "endTime" : "20170203T162154-0500",
      "duration" : 182.0,
      "distance" : 205.0,
      "steps" : 274
    } ],
    "lastUpdate" : "20170203T223213Z"
  }, {
    "type" : "move",
    "startTime" : "20170203T163208-0500",
    "endTime" : "20170203T164404-0500",
    "activities" : [ {
      "activity" : "walking",
      "group" : "walking",
      "manual" : false,
      "startTime" : "20170203T163208-0500",
      "endTime" : "20170203T164403-0500",
      "duration" : 715.0,
      "distance" : 784.0,
      "steps" : 1135
    } ],
    "lastUpdate" : "20170203T223213Z"
  }, {
    "type" : "place",
    "startTime" : "20170203T164404-0500",
    "endTime" : "20170203T190607-0500",
    "activities" : [ {
      "activity" : "walking",
      "group" : "walking",
      "manual" : false,
      "startTime" : "20170203T164407-0500",
      "endTime" : "20170203T164442-0500",
      "duration" : 35.0,
      "distance" : 26.0,
      "steps" : 53
    }, {
      "activity" : "walking",
      "group" : "walking",
      "manual" : false,
      "startTime" : "20170203T190202-0500",
      "endTime" : "20170203T190359-0500",
      "duration" : 117.0,
      "distance" : 87.0,
      "steps" : 174
    } ],
    "lastUpdate" : "20170204T013443Z"
  }, {
    "type" : "place",
    "startTime" : "20170203T190607-0500",
    "endTime" : "20170203T201128-0500",
    "activities" : [ {
      "activity" : "walking",
      "group" : "walking",
      "manual" : false,
      "startTime" : "20170203T190607-0500",
      "endTime" : "20170203T190652-0500",
      "duration" : 45.0,
      "distance" : 33.0,
      "steps" : 67
    }, {
      "activity" : "walking",
      "group" : "walking",
      "manual" : false,
      "startTime" : "20170203T201048-0500",
      "endTime" : "20170203T201109-0500",
      "duration" : 21.0,
      "distance" : 14.0,
      "steps" : 29
    } ],
    "lastUpdate" : "20170204T030908Z"
  }, {
    "type" : "move",
    "startTime" : "20170203T201128-0500",
    "endTime" : "20170203T205301-0500",
    "activities" : [ {
      "activity" : "walking",
      "group" : "walking",
      "manual" : false,
      "startTime" : "20170203T201128-0500",
      "endTime" : "20170203T202129-0500",
      "duration" : 601.0,
      "distance" : 724.0,
      "steps" : 1078
    }, {
      "activity" : "transport",
      "group" : "transport",
      "manual" : false,
      "startTime" : "20170203T202129-0500",
      "endTime" : "20170203T204628-0500",
      "duration" : 1499.0,
      "distance" : 7089.0
    }, {
      "activity" : "walking",
      "group" : "walking",
      "manual" : false,
      "startTime" : "20170203T204629-0500",
      "endTime" : "20170203T205301-0500",
      "duration" : 392.0,
      "distance" : 474.0,
      "steps" : 669
    } ],
    "lastUpdate" : "20170204T030908Z"
  }, {
    "type" : "place",
    "startTime" : "20170203T205301-0500",
    "endTime" : "20170204T095754-0500",
    "activities" : [ {
      "activity" : "walking",
      "group" : "walking",
      "manual" : false,
      "startTime" : "20170203T205301-0500",
      "endTime" : "20170203T205322-0500",
      "duration" : 21.0,
      "distance" : 16.0,
      "steps" : 32
    }, {
      "activity" : "walking",
      "group" : "walking",
      "manual" : false,
      "startTime" : "20170203T212406-0500",
      "endTime" : "20170203T212441-0500",
      "duration" : 35.0,
      "distance" : 17.0,
      "steps" : 8
    } ],
    "lastUpdate" : "20170204T161258Z"
  } ],
  "lastUpdate" : "20170204T161258Z"
}, {
  "date" : "20170204",
  "summary" : [ {
    "activity" : "walking",
    "group" : "walking",
    "duration" : 5020.0,
    "distance" : 4926.0,
    "steps" : 7472
  }, {
    "activity" : "transport",
    "group" : "transport",
    "duration" : 2428.0,
    "distance" : 10903.0
  } ],
  "segments" : [ {
    "type" : "place",
    "startTime" : "20170203T205301-0500",
    "endTime" : "20170204T095754-0500",
    "activities" : [ {
      "activity" : "walking",
      "group" : "walking",
      "manual" : false,
      "startTime" : "20170204T080333-0500",
      "endTime" : "20170204T080350-0500",
      "duration" : 17.0,
      "distance" : 12.0,
      "steps" : 25
    }, {
      "activity" : "walking",
      "group" : "walking",
      "manual" : false,
      "startTime" : "20170204T090807-0500",
      "endTime" : "20170204T090901-0500",
      "duration" : 54.0,
      "distance" : 27.0,
      "steps" : 55
    } ],
    "lastUpdate" : "20170204T161258Z"
  }, {
    "type" : "move",
    "startTime" : "20170204T095754-0500",
    "endTime" : "20170204T103335-0500",
    "activities" : [ {
      "activity" : "walking",
      "group" : "walking",
      "manual" : false,
      "startTime" : "20170204T095754-0500",
      "endTime" : "20170204T100431-0500",
      "duration" : 397.0,
      "distance" : 413.0,
      "steps" : 699
    }, {
      "activity" : "transport",
      "group" : "transport",
      "manual" : false,
      "startTime" : "20170204T100431-0500",
      "endTime" : "20170204T102132-0500",
      "duration" : 1021.0,
      "distance" : 7054.0
    }, {
      "activity" : "walking",
      "group" : "walking",
      "manual" : false,
      "startTime" : "20170204T102132-0500",
      "endTime" : "20170204T102432-0500",
      "duration" : 180.0,
      "distance" : 169.0,
      "steps" : 338
    }, {
      "activity" : "transport",
      "group" : "transport",
      "manual" : false,
      "startTime" : "20170204T102432-0500",
      "endTime" : "20170204T103002-0500",
      "duration" : 330.0,
      "distance" : 1122.0
    }, {
      "activity" : "walking",
      "group" : "walking",
      "manual" : false,
      "startTime" : "20170204T103003-0500",
      "endTime" : "20170204T103335-0500",
      "duration" : 212.0,
      "distance" : 217.0,
      "steps" : 297
    } ],
    "lastUpdate" : "20170204T161258Z"
  }, {
    "type" : "place",
    "startTime" : "20170204T103335-0500",
    "endTime" : "20170204T114812-0500",
    "activities" : [ {
      "activity" : "walking",
      "group" : "walking",
      "manual" : false,
      "startTime" : "20170204T114745-0500",
      "endTime" : "20170204T114751-0500",
      "duration" : 6.0,
      "distance" : 5.0,
      "steps" : 10
    } ],
    "lastUpdate" : "20170204T174715Z"
  }, {
    "type" : "move",
    "startTime" : "20170204T114812-0500",
    "endTime" : "20170204T115451-0500",
    "activities" : [ {
      "activity" : "walking",
      "group" : "walking",
      "manual" : false,
      "startTime" : "20170204T114812-0500",
      "endTime" : "20170204T115450-0500",
      "duration" : 398.0,
      "distance" : 323.0,
      "steps" : 595
    } ],
    "lastUpdate" : "20170204T174715Z"
  }, {
    "type" : "place",
    "startTime" : "20170204T115451-0500",
    "endTime" : "20170204T123738-0500",
    "activities" : [ {
      "activity" : "walking",
      "group" : "walking",
      "manual" : false,
      "startTime" : "20170204T115451-0500",
      "endTime" : "20170204T115521-0500",
      "duration" : 30.0,
      "distance" : 22.0,
      "steps" : 45
    }, {
      "activity" : "walking",
      "group" : "walking",
      "manual" : false,
      "startTime" : "20170204T121847-0500",
      "endTime" : "20170204T121924-0500",
      "duration" : 37.0,
      "distance" : 27.0,
      "steps" : 54
    } ],
    "lastUpdate" : "20170204T174715Z"
  }, {
    "type" : "move",
    "startTime" : "20170204T123739-0500",
    "endTime" : "20170204T124306-0500",
    "activities" : [ {
      "activity" : "walking",
      "group" : "walking",
      "manual" : false,
      "startTime" : "20170204T123739-0500",
      "endTime" : "20170204T124306-0500",
      "duration" : 327.0,
      "distance" : 217.0,
      "steps" : 385
    } ],
    "lastUpdate" : "20170204T191855Z"
  }, {
    "type" : "place",
    "startTime" : "20170204T124306-0500",
    "endTime" : "20170204T124830-0500",
    "activities" : [ {
      "activity" : "walking",
      "group" : "walking",
      "manual" : false,
      "startTime" : "20170204T124306-0500",
      "endTime" : "20170204T124408-0500",
      "duration" : 62.0,
      "distance" : 47.0,
      "steps" : 94
    } ],
    "lastUpdate" : "20170204T191855Z"
  }, {
    "type" : "move",
    "startTime" : "20170204T124831-0500",
    "endTime" : "20170204T125436-0500",
    "activities" : [ {
      "activity" : "walking",
      "group" : "walking",
      "manual" : false,
      "startTime" : "20170204T124831-0500",
      "endTime" : "20170204T125436-0500",
      "duration" : 365.0,
      "distance" : 382.0,
      "steps" : 536
    } ],
    "lastUpdate" : "20170204T191855Z"
  }, {
    "type" : "place",
    "startTime" : "20170204T125436-0500",
    "endTime" : "20170204T171412-0500",
    "activities" : [ {
      "activity" : "walking",
      "group" : "walking",
      "manual" : false,
      "startTime" : "20170204T125436-0500",
      "endTime" : "20170204T125440-0500",
      "duration" : 4.0,
      "distance" : 3.0,
      "steps" : 6
    }, {
      "activity" : "walking",
      "group" : "walking",
      "manual" : false,
      "startTime" : "20170204T141721-0500",
      "endTime" : "20170204T142332-0500",
      "duration" : 371.0,
      "distance" : 419.0,
      "steps" : 559
    }, {
      "activity" : "walking",
      "group" : "walking",
      "manual" : false,
      "startTime" : "20170204T153516-0500",
      "endTime" : "20170204T153904-0500",
      "duration" : 228.0,
      "distance" : 204.0,
      "steps" : 273
    }, {
      "activity" : "walking",
      "group" : "walking",
      "manual" : false,
      "startTime" : "20170204T162024-0500",
      "endTime" : "20170204T162312-0500",
      "duration" : 168.0,
      "distance" : 185.0,
      "steps" : 247
    }, {
      "activity" : "walking",
      "group" : "walking",
      "manual" : false,
      "startTime" : "20170204T170019-0500",
      "endTime" : "20170204T170129-0500",
      "duration" : 70.0,
      "distance" : 50.0,
      "steps" : 101
    } ],
    "lastUpdate" : "20170204T222239Z"
  }, {
    "type" : "move",
    "startTime" : "20170204T171412-0500",
    "endTime" : "20170204T172022-0500",
    "activities" : [ {
      "activity" : "walking",
      "group" : "walking",
      "manual" : false,
      "startTime" : "20170204T171412-0500",
      "endTime" : "20170204T172022-0500",
      "duration" : 370.0,
      "distance" : 446.0,
      "steps" : 577
    } ],
    "lastUpdate" : "20170204T222239Z"
  }, {
    "type" : "place",
    "startTime" : "20170204T172022-0500",
    "endTime" : "20170204T211256-0500",
    "activities" : [ {
      "activity" : "walking",
      "group" : "walking",
      "manual" : false,
      "startTime" : "20170204T172022-0500",
      "endTime" : "20170204T172029-0500",
      "duration" : 7.0,
      "distance" : 5.0,
      "steps" : 10
    }, {
      "activity" : "walking",
      "group" : "walking",
      "manual" : false,
      "startTime" : "20170204T204748-0500",
      "endTime" : "20170204T204933-0500",
      "duration" : 105.0,
      "distance" : 76.0,
      "steps" : 152
    } ],
    "lastUpdate" : "20170205T030207Z"
  }, {
    "type" : "move",
    "startTime" : "20170204T211256-0500",
    "endTime" : "20170204T211715-0500",
    "activities" : [ {
      "activity" : "walking",
      "group" : "walking",
      "manual" : false,
      "startTime" : "20170204T211256-0500",
      "endTime" : "20170204T211715-0500",
      "duration" : 259.0,
      "distance" : 283.0,
      "steps" : 408
    } ],
    "lastUpdate" : "20170205T030207Z"
  }, {
    "type" : "place",
    "startTime" : "20170204T211715-0500",
    "endTime" : "20170204T213226-0500",
    "activities" : [ {
      "activity" : "walking",
      "group" : "walking",
      "manual" : false,
      "startTime" : "20170204T211715-0500",
      "endTime" : "20170204T211739-0500",
      "duration" : 24.0,
      "distance" : 18.0,
      "steps" : 36
    } ],
    "lastUpdate" : "20170205T030207Z"
  }, {
    "type" : "move",
    "startTime" : "20170204T213226-0500",
    "endTime" : "20170204T213644-0500",
    "activities" : [ {
      "activity" : "walking",
      "group" : "walking",
      "manual" : false,
      "startTime" : "20170204T213226-0500",
      "endTime" : "20170204T213644-0500",
      "duration" : 258.0,
      "distance" : 288.0,
      "steps" : 352
    } ],
    "lastUpdate" : "20170205T030207Z"
  }, {
    "type" : "place",
    "startTime" : "20170204T213644-0500",
    "endTime" : "20170204T232636-0500",
    "activities" : [ {
      "activity" : "walking",
      "group" : "walking",
      "manual" : false,
      "startTime" : "20170204T213644-0500",
      "endTime" : "20170204T213841-0500",
      "duration" : 117.0,
      "distance" : 87.0,
      "steps" : 175
    }, {
      "activity" : "walking",
      "group" : "walking",
      "manual" : false,
      "startTime" : "20170204T220000-0500",
      "endTime" : "20170204T220418-0500",
      "duration" : 258.0,
      "distance" : 237.0,
      "steps" : 316
    }, {
      "activity" : "walking",
      "group" : "walking",
      "manual" : false,
      "startTime" : "20170204T230554-0500",
      "endTime" : "20170204T231046-0500",
      "duration" : 292.0,
      "distance" : 322.0,
      "steps" : 430
    } ],
    "lastUpdate" : "20170205T060512Z"
  }, {
    "type" : "move",
    "startTime" : "20170204T232636-0500",
    "endTime" : "20170204T233202-0500",
    "activities" : [ {
      "activity" : "walking",
      "group" : "walking",
      "manual" : false,
      "startTime" : "20170204T232636-0500",
      "endTime" : "20170204T233201-0500",
      "duration" : 325.0,
      "distance" : 383.0,
      "steps" : 578
    } ],
    "lastUpdate" : "20170205T060512Z"
  }, {
    "type" : "place",
    "startTime" : "20170204T233202-0500",
    "endTime" : "20170204T234202-0500",
    "activities" : [ {
      "activity" : "walking",
      "group" : "walking",
      "manual" : false,
      "startTime" : "20170204T233202-0500",
      "endTime" : "20170204T233321-0500",
      "duration" : 79.0,
      "distance" : 59.0,
      "steps" : 119
    } ],
    "lastUpdate" : "20170205T060512Z"
  }, {
    "type" : "move",
    "startTime" : "20170204T234202-0500",
    "endTime" : "20170205T001247-0500",
    "activities" : [ {
      "activity" : "transport",
      "group" : "transport",
      "manual" : false,
      "startTime" : "20170204T234202-0500",
      "endTime" : "20170204T235959-0500",
      "duration" : 1077.0,
      "distance" : 2727.0
    } ],
    "lastUpdate" : "20170205T060512Z"
  } ],
  "lastUpdate" : "20170205T060512Z"
}, {
  "date" : "20170205",
  "summary" : [ {
    "activity" : "transport",
    "group" : "transport",
    "duration" : 9791.0,
    "distance" : 68334.0
  }, {
    "activity" : "walking",
    "group" : "walking",
    "duration" : 3778.0,
    "distance" : 3825.0,
    "steps" : 6071
  } ],
  "segments" : [ {
    "type" : "move",
    "startTime" : "20170204T234202-0500",
    "endTime" : "20170205T001247-0500",
    "activities" : [ {
      "activity" : "transport",
      "group" : "transport",
      "manual" : false,
      "startTime" : "20170205T000000-0500",
      "endTime" : "20170205T001247-0500",
      "duration" : 767.0,
      "distance" : 4802.0
    } ],
    "lastUpdate" : "20170205T060512Z"
  }, {
    "type" : "place",
    "startTime" : "20170205T001248-0500",
    "endTime" : "20170205T020200-0500",
    "activities" : [ {
      "activity" : "walking",
      "group" : "walking",
      "manual" : false,
      "startTime" : "20170205T001254-0500",
      "endTime" : "20170205T001511-0500",
      "duration" : 137.0,
      "distance" : 155.0,
      "steps" : 207
    }, {
      "activity" : "walking",
      "group" : "walking",
      "manual" : false,
      "startTime" : "20170205T010228-0500",
      "endTime" : "20170205T010313-0500",
      "duration" : 45.0,
      "distance" : 33.0,
      "steps" : 67
    } ],
    "lastUpdate" : "20170205T073704Z"
  }, {
    "type" : "move",
    "startTime" : "20170205T020200-0500",
    "endTime" : "20170205T020854-0500",
    "activities" : [ {
      "activity" : "walking",
      "group" : "walking",
      "manual" : false,
      "startTime" : "20170205T020200-0500",
      "endTime" : "20170205T020854-0500",
      "duration" : 414.0,
      "distance" : 451.0,
      "steps" : 750
    } ],
    "lastUpdate" : "20170205T073704Z"
  }, {
    "type" : "place",
    "startTime" : "20170205T020854-0500",
    "endTime" : "20170205T022238-0500",
    "activities" : [ {
      "activity" : "walking",
      "group" : "walking",
      "manual" : false,
      "startTime" : "20170205T020854-0500",
      "endTime" : "20170205T021026-0500",
      "duration" : 92.0,
      "distance" : 69.0,
      "steps" : 138
    } ],
    "lastUpdate" : "20170205T091126Z"
  }, {
    "type" : "move",
    "startTime" : "20170205T022238-0500",
    "endTime" : "20170205T023613-0500",
    "activities" : [ {
      "activity" : "transport",
      "group" : "transport",
      "manual" : false,
      "startTime" : "20170205T022238-0500",
      "endTime" : "20170205T023613-0500",
      "duration" : 815.0,
      "distance" : 6322.0
    } ],
    "lastUpdate" : "20170205T091126Z"
  }, {
    "type" : "place",
    "startTime" : "20170205T023613-0500",
    "endTime" : "20170205T024728-0500",
    "activities" : [ {
      "activity" : "walking",
      "group" : "walking",
      "manual" : false,
      "startTime" : "20170205T023613-0500",
      "endTime" : "20170205T023807-0500",
      "duration" : 114.0,
      "distance" : 86.0,
      "steps" : 172
    } ],
    "lastUpdate" : "20170205T091126Z"
  }, {
    "type" : "move",
    "startTime" : "20170205T024728-0500",
    "endTime" : "20170205T030054-0500",
    "activities" : [ {
      "activity" : "transport",
      "group" : "transport",
      "manual" : false,
      "startTime" : "20170205T024728-0500",
      "endTime" : "20170205T030054-0500",
      "duration" : 806.0,
      "distance" : 3306.0
    } ],
    "lastUpdate" : "20170205T091126Z"
  }, {
    "type" : "place",
    "startTime" : "20170205T030055-0500",
    "endTime" : "20170205T045628-0500",
    "activities" : [ {
      "activity" : "walking",
      "group" : "walking",
      "manual" : false,
      "startTime" : "20170205T030055-0500",
      "endTime" : "20170205T030419-0500",
      "duration" : 204.0,
      "distance" : 230.0,
      "steps" : 307
    }, {
      "activity" : "walking",
      "group" : "walking",
      "manual" : false,
      "startTime" : "20170205T045107-0500",
      "endTime" : "20170205T045247-0500",
      "duration" : 100.0,
      "distance" : 73.0,
      "steps" : 147
    } ],
    "lastUpdate" : "20170205T104552Z"
  }, {
    "type" : "move",
    "startTime" : "20170205T045628-0500",
    "endTime" : "20170205T051901-0500",
    "activities" : [ {
      "activity" : "transport",
      "group" : "transport",
      "manual" : false,
      "startTime" : "20170205T045628-0500",
      "endTime" : "20170205T051901-0500",
      "duration" : 1353.0,
      "distance" : 11605.0
    } ],
    "lastUpdate" : "20170205T104552Z"
  }, {
    "type" : "place",
    "startTime" : "20170205T051901-0500",
    "endTime" : "20170205T161104-0500",
    "activities" : [ {
      "activity" : "walking",
      "group" : "walking",
      "manual" : false,
      "startTime" : "20170205T051933-0500",
      "endTime" : "20170205T052131-0500",
      "duration" : 118.0,
      "distance" : 89.0,
      "steps" : 178
    }, {
      "activity" : "walking",
      "group" : "walking",
      "manual" : false,
      "startTime" : "20170205T083129-0500",
      "endTime" : "20170205T083152-0500",
      "duration" : 23.0,
      "distance" : 17.0,
      "steps" : 34
    }, {
      "activity" : "walking",
      "group" : "walking",
      "manual" : false,
      "startTime" : "20170205T131046-0500",
      "endTime" : "20170205T131106-0500",
      "duration" : 20.0,
      "distance" : 15.0,
      "steps" : 30
    } ],
    "lastUpdate" : "20170205T213300Z"
  }, {
    "type" : "move",
    "startTime" : "20170205T161104-0500",
    "endTime" : "20170205T161824-0500",
    "activities" : [ {
      "activity" : "walking",
      "group" : "walking",
      "manual" : false,
      "startTime" : "20170205T161104-0500",
      "endTime" : "20170205T161824-0500",
      "duration" : 440.0,
      "distance" : 450.0,
      "steps" : 716
    } ],
    "lastUpdate" : "20170205T213300Z"
  }, {
    "type" : "move",
    "startTime" : "20170205T161824-0500",
    "endTime" : "20170205T164753-0500",
    "activities" : [ {
      "activity" : "transport",
      "group" : "transport",
      "manual" : false,
      "startTime" : "20170205T161824-0500",
      "endTime" : "20170205T163815-0500",
      "duration" : 1191.0,
      "distance" : 6961.0
    }, {
      "activity" : "walking",
      "group" : "walking",
      "manual" : false,
      "startTime" : "20170205T163815-0500",
      "endTime" : "20170205T164045-0500",
      "duration" : 150.0,
      "distance" : 148.0,
      "steps" : 296
    }, {
      "activity" : "transport",
      "group" : "transport",
      "manual" : false,
      "startTime" : "20170205T164045-0500",
      "endTime" : "20170205T164545-0500",
      "duration" : 300.0,
      "distance" : 1740.0
    }, {
      "activity" : "walking",
      "group" : "walking",
      "manual" : false,
      "startTime" : "20170205T164546-0500",
      "endTime" : "20170205T164753-0500",
      "duration" : 127.0,
      "distance" : 124.0,
      "steps" : 249
    } ],
    "lastUpdate" : "20170205T230609Z"
  }, {
    "type" : "move",
    "startTime" : "20170205T165209-0500",
    "endTime" : "20170205T165718-0500",
    "activities" : [ {
      "activity" : "walking",
      "group" : "walking",
      "manual" : false,
      "startTime" : "20170205T165209-0500",
      "endTime" : "20170205T165718-0500",
      "duration" : 309.0,
      "distance" : 334.0,
      "steps" : 505
    } ],
    "lastUpdate" : "20170205T230609Z"
  }, {
    "type" : "place",
    "startTime" : "20170205T165719-0500",
    "endTime" : "20170205T170338-0500",
    "activities" : [ {
      "activity" : "walking",
      "group" : "walking",
      "manual" : false,
      "startTime" : "20170205T165719-0500",
      "endTime" : "20170205T165726-0500",
      "duration" : 7.0,
      "distance" : 5.0,
      "steps" : 11
    }, {
      "activity" : "walking",
      "group" : "walking",
      "manual" : false,
      "startTime" : "20170205T170312-0500",
      "endTime" : "20170205T170314-0500",
      "duration" : 2.0,
      "distance" : 2.0,
      "steps" : 4
    } ],
    "lastUpdate" : "20170205T230609Z"
  }, {
    "type" : "move",
    "startTime" : "20170205T170338-0500",
    "endTime" : "20170205T173927-0500",
    "activities" : [ {
      "activity" : "transport",
      "group" : "transport",
      "manual" : false,
      "startTime" : "20170205T170338-0500",
      "endTime" : "20170205T171146-0500",
      "duration" : 488.0,
      "distance" : 3101.0
    }, {
      "activity" : "walking",
      "group" : "walking",
      "manual" : false,
      "startTime" : "20170205T171147-0500",
      "endTime" : "20170205T171517-0500",
      "duration" : 210.0,
      "distance" : 212.0,
      "steps" : 368
    }, {
      "activity" : "transport",
      "group" : "transport",
      "manual" : false,
      "startTime" : "20170205T171517-0500",
      "endTime" : "20170205T173927-0500",
      "duration" : 1450.0,
      "distance" : 12035.0
    } ],
    "lastUpdate" : "20170205T230609Z"
  }, {
    "type" : "place",
    "startTime" : "20170205T173927-0500",
    "endTime" : "20170205T174146-0500",
    "activities" : [ {
      "activity" : "walking",
      "group" : "walking",
      "manual" : false,
      "startTime" : "20170205T173927-0500",
      "endTime" : "20170205T174035-0500",
      "duration" : 68.0,
      "distance" : 51.0,
      "steps" : 103
    } ],
    "lastUpdate" : "20170205T230609Z"
  }, {
    "type" : "move",
    "startTime" : "20170205T174146-0500",
    "endTime" : "20170205T175022-0500",
    "activities" : [ {
      "activity" : "walking",
      "group" : "walking",
      "manual" : false,
      "startTime" : "20170205T174146-0500",
      "endTime" : "20170205T175021-0500",
      "duration" : 515.0,
      "distance" : 479.0,
      "steps" : 724
    } ],
    "lastUpdate" : "20170205T230609Z"
  }, {
    "type" : "place",
    "startTime" : "20170205T175022-0500",
    "endTime" : "20170205T225244-0500",
    "activities" : [ {
      "activity" : "walking",
      "group" : "walking",
      "manual" : false,
      "startTime" : "20170205T175030-0500",
      "endTime" : "20170205T175039-0500",
      "duration" : 9.0,
      "distance" : 7.0,
      "steps" : 15
    }, {
      "activity" : "walking",
      "group" : "walking",
      "manual" : false,
      "startTime" : "20170205T183740-0500",
      "endTime" : "20170205T183744-0500",
      "duration" : 4.0,
      "distance" : 3.0,
      "steps" : 6
    }, {
      "activity" : "walking",
      "group" : "walking",
      "manual" : false,
      "startTime" : "20170205T194545-0500",
      "endTime" : "20170205T194550-0500",
      "duration" : 5.0,
      "distance" : 4.0,
      "steps" : 8
    }, {
      "activity" : "walking",
      "group" : "walking",
      "manual" : false,
      "startTime" : "20170205T210501-0500",
      "endTime" : "20170205T210514-0500",
      "duration" : 13.0,
      "distance" : 9.0,
      "steps" : 19
    }, {
      "activity" : "walking",
      "group" : "walking",
      "manual" : false,
      "startTime" : "20170205T223515-0500",
      "endTime" : "20170205T224034-0500",
      "duration" : 319.0,
      "distance" : 358.0,
      "steps" : 478
    } ],
    "lastUpdate" : "20170206T051809Z"
  }, {
    "type" : "move",
    "startTime" : "20170205T225244-0500",
    "endTime" : "20170205T225355-0500",
    "activities" : [ {
      "activity" : "walking",
      "group" : "walking",
      "manual" : false,
      "startTime" : "20170205T225244-0500",
      "endTime" : "20170205T225355-0500",
      "duration" : 71.0,
      "distance" : 175.0,
      "steps" : 146
    } ],
    "lastUpdate" : "20170206T051809Z"
  }, {
    "type" : "place",
    "startTime" : "20170205T225355-0500",
    "endTime" : "20170205T230623-0500",
    "activities" : [ {
      "activity" : "walking",
      "group" : "walking",
      "manual" : false,
      "startTime" : "20170205T225355-0500",
      "endTime" : "20170205T225610-0500",
      "duration" : 135.0,
      "distance" : 152.0,
      "steps" : 203
    }, {
      "activity" : "walking",
      "group" : "walking",
      "manual" : false,
      "startTime" : "20170205T230614-0500",
      "endTime" : "20170205T230622-0500",
      "duration" : 8.0,
      "distance" : 5.0,
      "steps" : 11
    } ],
    "lastUpdate" : "20170206T051809Z"
  }, {
    "type" : "move",
    "startTime" : "20170205T230623-0500",
    "endTime" : "20170205T233816-0500",
    "activities" : [ {
      "activity" : "transport",
      "group" : "transport",
      "manual" : false,
      "startTime" : "20170205T230623-0500",
      "endTime" : "20170205T233815-0500",
      "duration" : 1912.0,
      "distance" : 14622.0
    } ],
    "lastUpdate" : "20170206T051809Z"
  }, {
    "type" : "place",
    "startTime" : "20170205T233816-0500",
    "endTime" : "20170205T234810-0500",
    "activities" : [ {
      "activity" : "walking",
      "group" : "walking",
      "manual" : false,
      "startTime" : "20170205T233816-0500",
      "endTime" : "20170205T234015-0500",
      "duration" : 119.0,
      "distance" : 89.0,
      "steps" : 179
    } ],
    "lastUpdate" : "20170206T064846Z"
  }, {
    "type" : "move",
    "startTime" : "20170205T234810-0500",
    "endTime" : "20170206T001857-0500",
    "activities" : [ {
      "activity" : "transport",
      "group" : "transport",
      "manual" : false,
      "startTime" : "20170205T234810-0500",
      "endTime" : "20170205T235959-0500",
      "duration" : 709.0,
      "distance" : 3840.0
    } ],
    "lastUpdate" : "20170206T064846Z"
  } ],
  "lastUpdate" : "20170206T064846Z"
} ]