[ {
  "date" : "20170206",
  "summary" : [ {
    "activity" : "walking",
    "group" : "walking",
    "duration" : 4045.0,
    "distance" : 4124.0,
    "steps" : 6011
  }, {
    "activity" : "transport",
    "group" : "transport",
    "duration" : 3145.0,
    "distance" : 23868.0
  } ],
  "segments" : [ {
    "type" : "move",
    "startTime" : "20170205T234810-0500",
    "endTime" : "20170206T001857-0500",
    "activities" : [ {
      "activity" : "transport",
      "group" : "transport",
      "manual" : false,
      "startTime" : "20170206T000000-0500",
      "endTime" : "20170206T001226-0500",
      "duration" : 746.0,
      "distance" : 5768.0
    }, {
      "activity" : "walking",
      "group" : "walking",
      "manual" : false,
      "startTime" : "20170206T001226-0500",
      "endTime" : "20170206T001856-0500",
      "duration" : 390.0,
      "distance" : 430.0,
      "steps" : 655
    } ],
    "lastUpdate" : "20170206T064846Z"
  }, {
    "type" : "place",
    "startTime" : "20170206T001857-0500",
    "endTime" : "20170206T145442-0500",
    "activities" : [ {
      "activity" : "walking",
      "group" : "walking",
      "manual" : false,
      "startTime" : "20170206T001857-0500",
      "endTime" : "20170206T002157-0500",
      "duration" : 180.0,
      "distance" : 203.0,
      "steps" : 271
    }, {
      "activity" : "walking",
      "group" : "walking",
      "manual" : false,
      "startTime" : "20170206T013426-0500",
      "endTime" : "20170206T013441-0500",
      "duration" : 15.0,
      "distance" : 11.0,
      "steps" : 22
    }, {
      "activity" : "walking",
      "group" : "walking",
      "manual" : false,
      "startTime" : "20170206T111142-0500",
      "endTime" : "20170206T111205-0500",
      "duration" : 23.0,
      "distance" : 16.0,
      "steps" : 33
    }, {
      "activity" : "walking",
      "group" : "walking",
      "manual" : false,
      "startTime" : "20170206T120033-0500",
      "endTime" : "20170206T120110-0500",
      "duration" : 37.0,
      "distance" : 18.0,
      "steps" : 11
    }, {
      "activity" : "walking",
      "group" : "walking",
      "manual" : false,
      "startTime" : "20170206T132857-0500",
      "endTime" : "20170206T133146-0500",
      "duration" : 169.0,
      "distance" : 162.0,
      "steps" : 217
    }, {
      "activity" : "walking",
      "group" : "walking",
      "manual" : false,
      "startTime" : "20170206T144039-0500",
      "endTime" : "20170206T144319-0500",
      "duration" : 160.0,
      "distance" : 120.0,
      "steps" : 116
    } ],
    "lastUpdate" : "20170206T203040Z"
  }, {
    "type" : "move",
    "startTime" : "20170206T145442-0500",
    "endTime" : "20170206T152511-0500",
    "activities" : [ {
      "activity" : "walking",
      "group" : "walking",
      "manual" : false,
      "startTime" : "20170206T145442-0500",
      "endTime" : "20170206T145948-0500",
      "duration" : 306.0,
      "distance" : 405.0,
      "steps" : 597
    }, {
      "activity" : "transport",
      "group" : "transport",
      "manual" : false,
      "startTime" : "20170206T145949-0500",
      "endTime" : "20170206T151550-0500",
      "duration" : 961.0,
      "distance" : 7090.0
    }, {
      "activity" : "walking",
      "group" : "walking",
      "manual" : false,
      "startTime" : "20170206T151550-0500",
      "endTime" : "20170206T151820-0500",
      "duration" : 150.0,
      "distance" : 193.0,
      "steps" : 317
    }, {
      "activity" : "transport",
      "group" : "transport",
      "manual" : false,
      "startTime" : "20170206T151820-0500",
      "endTime" : "20170206T152150-0500",
      "duration" : 210.0,
      "distance" : 1651.0
    }, {
      "activity" : "walking",
      "group" : "walking",
      "manual" : false,
      "startTime" : "20170206T152150-0500",
      "endTime" : "20170206T152510-0500",
      "duration" : 200.0,
      "distance" : 136.0,
      "steps" : 250
    } ],
    "lastUpdate" : "20170206T203040Z"
  }, {
    "type" : "place",
    "startTime" : "20170206T152511-0500",
    "endTime" : "20170206T214521-0500",
    "activities" : [ {
      "activity" : "walking",
      "group" : "walking",
      "manual" : false,
      "startTime" : "20170206T153050-0500",
      "endTime" : "20170206T153051-0500",
      "duration" : 1.0,
      "distance" : 1.0,
      "steps" : 2
    }, {
      "activity" : "walking",
      "group" : "walking",
      "manual" : false,
      "startTime" : "20170206T163430-0500",
      "endTime" : "20170206T164206-0500",
      "duration" : 456.0,
      "distance" : 511.0,
      "steps" : 682
    }, {
      "activity" : "walking",
      "group" : "walking",
      "manual" : false,
      "startTime" : "20170206T171031-0500",
      "endTime" : "20170206T171339-0500",
      "duration" : 188.0,
      "distance" : 178.0,
      "steps" : 238
    }, {
      "activity" : "walking",
      "group" : "walking",
      "manual" : false,
      "startTime" : "20170206T180058-0500",
      "endTime" : "20170206T180538-0500",
      "duration" : 280.0,
      "distance" : 304.0,
      "steps" : 406
    }, {
      "activity" : "walking",
      "group" : "walking",
      "manual" : false,
      "startTime" : "20170206T193243-0500",
      "endTime" : "20170206T193340-0500",
      "duration" : 57.0,
      "distance" : 41.0,
      "steps" : 83
    }, {
      "activity" : "walking",
      "group" : "walking",
      "manual" : false,
      "startTime" : "20170206T214426-0500",
      "endTime" : "20170206T214430-0500",
      "duration" : 4.0,
      "distance" : 3.0,
      "steps" : 6
    } ],
    "lastUpdate" : "20170207T035112Z"
  }, {
    "type" : "move",
    "startTime" : "20170206T214521-0500",
    "endTime" : "20170206T215810-0500",
    "activities" : [ {
      "activity" : "walking",
      "group" : "walking",
      "manual" : false,
      "startTime" : "20170206T214521-0500",
      "endTime" : "20170206T215809-0500",
      "duration" : 768.0,
      "distance" : 786.0,
      "steps" : 1121
    } ],
    "lastUpdate" : "20170207T035112Z"
  }, {
    "type" : "place",
    "startTime" : "20170206T215810-0500",
    "endTime" : "20170206T221108-0500",
    "activities" : [ {
      "activity" : "walking",
      "group" : "walking",
      "manual" : false,
      "startTime" : "20170206T215821-0500",
      "endTime" : "20170206T215923-0500",
      "duration" : 62.0,
      "distance" : 47.0,
      "steps" : 94
    }, {
      "activity" : "walking",
      "group" : "walking",
      "manual" : false,
      "startTime" : "20170206T220323-0500",
      "endTime" : "20170206T220328-0500",
      "duration" : 5.0,
      "distance" : 4.0,
      "steps" : 8
    } ],
    "lastUpdate" : "20170207T035112Z"
  }, {
    "type" : "move",
    "startTime" : "20170206T221108-0500",
    "endTime" : "20170206T221458-0500",
    "activities" : [ {
      "activity" : "transport",
      "group" : "transport",
      "manual" : false,
      "startTime" : "20170206T221108-0500",
      "endTime" : "20170206T221458-0500",
      "duration" : 230.0,
      "distance" : 2443.0
    } ],
    "lastUpdate" : "20170207T035112Z"
  }, {
    "type" : "place",
    "startTime" : "20170206T221459-0500",
    "endTime" : "20170206T222552-0500",
    "activities" : [ {
      "activity" : "walking",
      "group" : "walking",
      "manual" : false,
      "startTime" : "20170206T221459-0500",
      "endTime" : "20170206T221554-0500",
      "duration" : 55.0,
      "distance" : 41.0,
      "steps" : 83
    } ],
    "lastUpdate" : "20170207T035112Z"
  }, {
    "type" : "move",
    "startTime" : "20170206T222552-0500",
    "endTime" : "20170206T224950-0500",
    "activities" : [ {
      "activity" : "transport",
      "group" : "transport",
      "manual" : false,
      "startTime" : "20170206T222552-0500",
      "endTime" : "20170206T224230-0500",
      "duration" : 998.0,
      "distance" : 6916.0
    }, {
      "activity" : "walking",
      "group" : "walking",
      "manual" : false,
      "startTime" : "20170206T224230-0500",
      "endTime" : "20170206T224950-0500",
      "duration" : 440.0,
      "distance" : 440.0,
      "steps" : 651
    } ],
    "lastUpdate" : "20170207T035112Z"
  }, {
    "type" : "place",
    "startTime" : "20170206T224950-0500",
    "endTime" : "20170207T123719-0500",
    "activities" : [ {
      "activity" : "walking",
      "group" : "walking",
      "manual" : false,
      "startTime" : "20170206T225423-0500",
      "endTime" : "20170206T225517-0500",
      "duration" : 54.0,
      "distance" : 41.0,
      "steps" : 82
    }, {
      "activity" : "walking",
      "group" : "walking",
      "manual" : false,
      "startTime" : "20170206T230106-0500",
      "endTime" : "20170206T230151-0500",
      "duration" : 45.0,
      "distance" : 33.0,
      "steps" : 66
    } ],
    "lastUpdate" : "20170207T194347Z"
  } ],
  "lastUpdate" : "20170207T194347Z"
}, {
  "date" : "20170207",
  "summary" : [ {
    "activity" : "walking",
    "group" : "walking",
    "duration" : 3539.0,
    "distance" : 3693.0,
    "steps" : 5422
  }, {
    "activity" : "transport",
    "group" : "transport",
    "duration" : 1537.0,
    "distance" : 9359.0
  } ],
  "segments" : [ {
    "type" : "place",
    "startTime" : "20170206T224950-0500",
    "endTime" : "20170207T123719-0500",
    "activities" : [ {
      "activity" : "walking",
      "group" : "walking",
      "manual" : false,
      "startTime" : "20170207T123045-0500",
      "endTime" : "20170207T123404-0500",
      "duration" : 199.0,
      "distance" : 231.0,
      "steps" : 308
    } ],
    "lastUpdate" : "20170207T194347Z"
  }, {
    "type" : "move",
    "startTime" : "20170207T123719-0500",
    "endTime" : "20170207T131613-0500",
    "activities" : [ {
      "activity" : "walking",
      "group" : "walking",
      "manual" : false,
      "startTime" : "20170207T123719-0500",
      "endTime" : "20170207T124330-0500",
      "duration" : 371.0,
      "distance" : 450.0,
      "steps" : 602
    }, {
      "activity" : "transport",
      "group" : "transport",
      "manual" : false,
      "startTime" : "20170207T124330-0500",
      "endTime" : "20170207T130308-0500",
      "duration" : 1178.0,
      "distance" : 7598.0
    }, {
      "activity" : "walking",
      "group" : "walking",
      "manual" : false,
      "startTime" : "20170207T130308-0500",
      "endTime" : "20170207T130508-0500",
      "duration" : 120.0,
      "distance" : 107.0,
      "steps" : 215
    }, {
      "activity" : "transport",
      "group" : "transport",
      "manual" : false,
      "startTime" : "20170207T130508-0500",
      "endTime" : "20170207T131107-0500",
      "duration" : 359.0,
      "distance" : 1761.0
    }, {
      "activity" : "walking",
      "group" : "walking",
      "manual" : false,
      "startTime" : "20170207T131107-0500",
      "endTime" : "20170207T131612-0500",
      "duration" : 305.0,
      "distance" : 291.0,
      "steps" : 519
    } ],
    "lastUpdate" : "20170207T194347Z"
  }, {
    "type" : "place",
    "startTime" : "20170207T131613-0500",
    "endTime" : "20170207T133239-0500",
    "activities" : [ {
      "activity" : "walking",
      "group" : "walking",
      "manual" : false,
      "startTime" : "20170207T131635-0500",
      "endTime" : "20170207T131854-0500",
      "duration" : 139.0,
      "distance" : 156.0,
      "steps" : 208
    } ],
    "lastUpdate" : "20170207T194347Z"
  }, {
    "type" : "move",
    "startTime" : "20170207T133239-0500",
    "endTime" : "20170207T134151-0500",
    "activities" : [ {
      "activity" : "walking",
      "group" : "walking",
      "manual" : false,
      "startTime" : "20170207T133239-0500",
      "endTime" : "20170207T134150-0500",
      "duration" : 551.0,
      "distance" : 512.0,
      "steps" : 879
    } ],
    "lastUpdate" : "20170207T194347Z"
  }, {
    "type" : "place",
    "startTime" : "20170207T134151-0500",
    "endTime" : "20170207T193702-0500",
    "activities" : [ {
      "activity" : "walking",
      "group" : "walking",
      "manual" : false,
      "startTime" : "20170207T144459-0500",
      "endTime" : "20170207T145008-0500",
      "duration" : 309.0,
      "distance" : 348.0,
      "steps" : 465
    }, {
      "activity" : "walking",
      "group" : "walking",
      "manual" : false,
      "startTime" : "20170207T150116-0500",
      "endTime" : "20170207T150931-0500",
      "duration" : 495.0,
      "distance" : 546.0,
      "steps" : 728
    }, {
      "activity" : "walking",
      "group" : "walking",
      "manual" : false,
      "startTime" : "20170207T162917-0500",
      "endTime" : "20170207T163141-0500",
      "duration" : 144.0,
      "distance" : 161.0,
      "steps" : 215
    }, {
      "activity" : "walking",
      "group" : "walking",
      "manual" : false,
      "startTime" : "20170207T193125-0500",
      "endTime" : "20170207T193245-0500",
      "duration" : 80.0,
      "distance" : 58.0,
      "steps" : 117
    } ],
    "lastUpdate" : "20170208T015341Z"
  }, {
    "type" : "move",
    "startTime" : "20170207T193702-0500",
    "endTime" : "20170207T194312-0500",
    "activities" : [ {
      "activity" : "walking",
      "group" : "walking",
      "manual" : false,
      "startTime" : "20170207T193702-0500",
      "endTime" : "20170207T194312-0500",
      "duration" : 370.0,
      "distance" : 280.0,
      "steps" : 429
    } ],
    "lastUpdate" : "20170208T015341Z"
  }, {
    "type" : "place",
    "startTime" : "20170207T194312-0500",
    "endTime" : "20170207T194922-0500",
    "activities" : [ {
      "activity" : "walking",
      "group" : "walking",
      "manual" : false,
      "startTime" : "20170207T194312-0500",
      "endTime" : "20170207T194345-0500",
      "duration" : 33.0,
      "distance" : 24.0,
      "steps" : 49
    } ],
    "lastUpdate" : "20170208T015341Z"
  }, {
    "type" : "move",
    "startTime" : "20170207T194922-0500",
    "endTime" : "20170207T195250-0500",
    "activities" : [ {
      "activity" : "walking",
      "group" : "walking",
      "manual" : false,
      "startTime" : "20170207T194922-0500",
      "endTime" : "20170207T195250-0500",
      "duration" : 208.0,
      "distance" : 324.0,
      "steps" : 379
    } ],
    "lastUpdate" : "20170208T015341Z"
  }, {
    "type" : "place",
    "startTime" : "20170207T195250-0500",
    "endTime" : "20170208T010557-0500",
    "activities" : [ {
      "activity" : "walking",
      "group" : "walking",
      "manual" : false,
      "startTime" : "20170207T195250-0500",
      "endTime" : "20170207T195401-0500",
      "duration" : 71.0,
      "distance" : 53.0,
      "steps" : 106
    }, {
      "activity" : "walking",
      "group" : "walking",
      "manual" : false,
      "startTime" : "20170207T220713-0500",
      "endTime" : "20170207T220937-0500",
      "duration" : 144.0,
      "distance" : 152.0,
      "steps" : 203
    } ],
    "lastUpdate" : "20170208T080605Z"
  } ],
  "lastUpdate" : "20170208T080605Z"
}, {
  "date" : "20170208",
  "summary" : [ {
    "activity" : "walking",
    "group" : "walking",
    "duration" : 5694.0,
    "distance" : 5907.0,
    "steps" : 8933
  }, {
    "activity" : "transport",
    "group" : "transport",
    "duration" : 4058.0,
    "distance" : 22940.0
  } ],
  "segments" : [ {
    "type" : "place",
    "startTime" : "20170207T195250-0500",
    "endTime" : "20170208T010557-0500",
    "activities" : [ {
      "activity" : "walking",
      "group" : "walking",
      "manual" : false,
      "startTime" : "20170208T005935-0500",
      "endTime" : "20170208T005937-0500",
      "duration" : 2.0,
      "distance" : 2.0,
      "steps" : 4
    }, {
      "activity" : "walking",
      "group" : "walking",
      "manual" : false,
      "startTime" : "20170208T010031-0500",
      "endTime" : "20170208T010208-0500",
      "duration" : 97.0,
      "distance" : 72.0,
      "steps" : 144
    } ],
    "lastUpdate" : "20170208T080605Z"
  }, {
    "type" : "move",
    "startTime" : "20170208T010557-0500",
    "endTime" : "20170208T014410-0500",
    "activities" : [ {
      "activity" : "walking",
      "group" : "walking",
      "manual" : false,
      "startTime" : "20170208T010557-0500",
      "endTime" : "20170208T011910-0500",
      "duration" : 793.0,
      "distance" : 871.0,
      "steps" : 1408
    }, {
      "activity" : "transport",
      "group" : "transport",
      "manual" : false,
      "startTime" : "20170208T011911-0500",
      "endTime" : "20170208T013708-0500",
      "duration" : 1077.0,
      "distance" : 7225.0
    }, {
      "activity" : "walking",
      "group" : "walking",
      "manual" : false,
      "startTime" : "20170208T013708-0500",
      "endTime" : "20170208T014409-0500",
      "duration" : 421.0,
      "distance" : 487.0,
      "steps" : 709
    } ],
    "lastUpdate" : "20170208T080605Z"
  }, {
    "type" : "place",
    "startTime" : "20170208T014410-0500",
    "endTime" : "20170208T111354-0500",
    "activities" : [ {
      "activity" : "walking",
      "group" : "walking",
      "manual" : false,
      "startTime" : "20170208T014418-0500",
      "endTime" : "20170208T014429-0500",
      "duration" : 11.0,
      "distance" : 9.0,
      "steps" : 18
    }, {
      "activity" : "walking",
      "group" : "walking",
      "manual" : false,
      "startTime" : "20170208T091559-0500",
      "endTime" : "20170208T091627-0500",
      "duration" : 28.0,
      "distance" : 20.0,
      "steps" : 41
    }, {
      "activity" : "walking",
      "group" : "walking",
      "manual" : false,
      "startTime" : "20170208T110651-0500",
      "endTime" : "20170208T110711-0500",
      "duration" : 20.0,
      "distance" : 14.0,
      "steps" : 28
    } ],
    "lastUpdate" : "20170208T173005Z"
  }, {
    "type" : "move",
    "startTime" : "20170208T111354-0500",
    "endTime" : "20170208T112735-0500",
    "activities" : [ {
      "activity" : "walking",
      "group" : "walking",
      "manual" : false,
      "startTime" : "20170208T111354-0500",
      "endTime" : "20170208T112734-0500",
      "duration" : 820.0,
      "distance" : 740.0,
      "steps" : 1281
    } ],
    "lastUpdate" : "20170208T173005Z"
  }, {
    "type" : "place",
    "startTime" : "20170208T112735-0500",
    "endTime" : "20170208T113250-0500",
    "activities" : [ {
      "activity" : "walking",
      "group" : "walking",
      "manual" : false,
      "startTime" : "20170208T113131-0500",
      "endTime" : "20170208T113148-0500",
      "duration" : 17.0,
      "distance" : 13.0,
      "steps" : 26
    } ],
    "lastUpdate" : "20170208T173005Z"
  }, {
    "type" : "move",
    "startTime" : "20170208T113250-0500",
    "endTime" : "20170208T120213-0500",
    "activities" : [ {
      "activity" : "transport",
      "group" : "transport",
      "manual" : false,
      "startTime" : "20170208T113250-0500",
      "endTime" : "20170208T115301-0500",
      "duration" : 1211.0,
      "distance" : 6912.0
    }, {
      "activity" : "walking",
      "group" : "walking",
      "manual" : false,
      "startTime" : "20170208T115302-0500",
      "endTime" : "20170208T120213-0500",
      "duration" : 551.0,
      "distance" : 679.0,
      "steps" : 965
    } ],
    "lastUpdate" : "20170208T173005Z"
  }, {
    "type" : "place",
    "startTime" : "20170208T120213-0500",
    "endTime" : "20170208T155714-0500",
    "activities" : [ {
      "activity" : "walking",
      "group" : "walking",
      "manual" : false,
      "startTime" : "20170208T120524-0500",
      "endTime" : "20170208T120547-0500",
      "duration" : 23.0,
      "distance" : 17.0,
      "steps" : 35
    }, {
      "activity" : "walking",
      "group" : "walking",
      "manual" : false,
      "startTime" : "20170208T131714-0500",
      "endTime" : "20170208T132005-0500",
      "duration" : 171.0,
      "distance" : 176.0,
      "steps" : 235
    }, {
      "activity" : "walking",
      "group" : "walking",
      "manual" : false,
      "startTime" : "20170208T144255-0500",
      "endTime" : "20170208T144453-0500",
      "duration" : 118.0,
      "distance" : 67.0,
      "steps" : 135
    }, {
      "activity" : "walking",
      "group" : "walking",
      "manual" : false,
      "startTime" : "20170208T150836-0500",
      "endTime" : "20170208T150935-0500",
      "duration" : 59.0,
      "distance" : 29.0,
      "steps" : 22
    } ],
    "lastUpdate" : "20170208T220908Z"
  }, {
    "type" : "move",
    "startTime" : "20170208T155714-0500",
    "endTime" : "20170208T160227-0500",
    "activities" : [ {
      "activity" : "walking",
      "group" : "walking",
      "manual" : false,
      "startTime" : "20170208T155714-0500",
      "endTime" : "20170208T160227-0500",
      "duration" : 313.0,
      "distance" : 358.0,
      "steps" : 418
    } ],
    "lastUpdate" : "20170208T220908Z"
  }, {
    "type" : "place",
    "startTime" : "20170208T160227-0500",
    "endTime" : "20170208T181348-0500",
    "activities" : [ {
      "activity" : "walking",
      "group" : "walking",
      "manual" : false,
      "startTime" : "20170208T160227-0500",
      "endTime" : "20170208T160424-0500",
      "duration" : 117.0,
      "distance" : 88.0,
      "steps" : 176
    }, {
      "activity" : "walking",
      "group" : "walking",
      "manual" : false,
      "startTime" : "20170208T172744-0500",
      "endTime" : "20170208T172746-0500",
      "duration" : 2.0,
      "distance" : 2.0,
      "steps" : 4
    }, {
      "activity" : "walking",
      "group" : "walking",
      "manual" : false,
      "startTime" : "20170208T181101-0500",
      "endTime" : "20170208T181154-0500",
      "duration" : 53.0,
      "distance" : 26.0,
      "steps" : 50
    } ],
    "lastUpdate" : "20170208T234400Z"
  }, {
    "type" : "move",
    "startTime" : "20170208T181348-0500",
    "endTime" : "20170208T181902-0500",
    "activities" : [ {
      "activity" : "walking",
      "group" : "walking",
      "manual" : false,
      "startTime" : "20170208T181348-0500",
      "endTime" : "20170208T181902-0500",
      "duration" : 314.0,
      "distance" : 402.0,
      "steps" : 523
    } ],
    "lastUpdate" : "20170208T234400Z"
  }, {
    "type" : "place",
    "startTime" : "20170208T181903-0500",
    "endTime" : "20170208T230216-0500",
    "activities" : [ {
      "activity" : "walking",
      "group" : "walking",
      "manual" : false,
      "startTime" : "20170208T181903-0500",
      "endTime" : "20170208T182322-0500",
      "duration" : 259.0,
      "distance" : 292.0,
      "steps" : 389
    }, {
      "activity" : "walking",
      "group" : "walking",
      "manual" : false,
      "startTime" : "20170208T200516-0500",
      "endTime" : "20170208T201126-0500",
      "duration" : 370.0,
      "distance" : 328.0,
      "steps" : 438
    }, {
      "activity" : "walking",
      "group" : "walking",
      "manual" : false,
      "startTime" : "20170208T211321-0500",
      "endTime" : "20170208T211603-0500",
      "duration" : 162.0,
      "distance" : 182.0,
      "steps" : 243
    }, {
      "activity" : "walking",
      "group" : "walking",
      "manual" : false,
      "startTime" : "20170208T220121-0500",
      "endTime" : "20170208T220343-0500",
      "duration" : 142.0,
      "distance" : 147.0,
      "steps" : 196
    }, {
      "activity" : "walking",
      "group" : "walking",
      "manual" : false,
      "startTime" : "20170208T230201-0500",
      "endTime" : "20170208T230215-0500",
      "duration" : 14.0,
      "distance" : 9.0,
      "steps" : 19
    } ],
    "lastUpdate" : "20170209T053729Z"
  }, {
    "type" : "move",
    "startTime" : "20170208T230216-0500",
    "endTime" : "20170208T234222-0500",
    "activities" : [ {
      "activity" : "walking",
      "group" : "walking",
      "manual" : false,
      "startTime" : "20170208T230216-0500",
      "endTime" : "20170208T230445-0500",
      "duration" : 149.0,
      "distance" : 138.0,
      "steps" : 208
    }, {
      "activity" : "transport",
      "group" : "transport",
      "manual" : false,
      "startTime" : "20170208T230445-0500",
      "endTime" : "20170208T231545-0500",
      "duration" : 660.0,
      "distance" : 1841.0
    }, {
      "activity" : "walking",
      "group" : "walking",
      "manual" : false,
      "startTime" : "20170208T231546-0500",
      "endTime" : "20170208T231816-0500",
      "duration" : 150.0,
      "distance" : 140.0,
      "steps" : 281
    }, {
      "activity" : "transport",
      "group" : "transport",
      "manual" : false,
      "startTime" : "20170208T231816-0500",
      "endTime" : "20170208T233646-0500",
      "duration" : 1110.0,
      "distance" : 6962.0
    }, {
      "activity" : "walking",
      "group" : "walking",
      "manual" : false,
      "startTime" : "20170208T233647-0500",
      "endTime" : "20170208T234222-0500",
      "duration" : 335.0,
      "distance" : 393.0,
      "steps" : 662
    } ],
    "lastUpdate" : "20170209T053729Z"
  }, {
    "type" : "place",
    "startTime" : "20170208T234222-0500",
    "endTime" : "20170209T184505-0500",
    "activities" : [ {
      "activity" : "walking",
      "group" : "walking",
      "manual" : false,
      "startTime" : "20170208T234222-0500",
      "endTime" : "20170208T234525-0500",
      "duration" : 183.0,
      "distance" : 206.0,
      "steps" : 275
    } ],
    "lastUpdate" : "20170210T001132Z"
  } ],
  "lastUpdate" : "20170210T001132Z"
}, {
  "date" : "20170209",
  "summary" : [ {
    "activity" : "walking",
    "group" : "walking",
    "duration" : 1306.0,
    "distance" : 1084.0,
    "steps" : 1720
  } ],
  "segments" : [ {
    "type" : "place",
    "startTime" : "20170208T234222-0500",
    "endTime" : "20170209T184505-0500",
    "activities" : [ {
      "activity" : "walking",
      "group" : "walking",
      "manual" : false,
      "startTime" : "20170209T000727-0500",
      "endTime" : "20170209T000829-0500",
      "duration" : 62.0,
      "distance" : 31.0,
      "steps" : 0
    }, {
      "activity" : "walking",
      "group" : "walking",
      "manual" : false,
      "startTime" : "20170209T103559-0500",
      "endTime" : "20170209T103652-0500",
      "duration" : 53.0,
      "distance" : 26.0,
      "steps" : 41
    }, {
      "activity" : "walking",
      "group" : "walking",
      "manual" : false,
      "startTime" : "20170209T110010-0500",
      "endTime" : "20170209T110034-0500",
      "duration" : 24.0,
      "distance" : 18.0,
      "steps" : 36
    }, {
      "activity" : "walking",
      "group" : "walking",
      "manual" : false,
      "startTime" : "20170209T123142-0500",
      "endTime" : "20170209T123217-0500",
      "duration" : 35.0,
      "distance" : 17.0,
      "steps" : 20
    }, {
      "activity" : "walking",
      "group" : "walking",
      "manual" : false,
      "startTime" : "20170209T152856-0500",
      "endTime" : "20170209T152909-0500",
      "duration" : 13.0,
      "distance" : 9.0,
      "steps" : 18
    }, {
      "activity" : "walking",
      "group" : "walking",
      "manual" : false,
      "startTime" : "20170209T183600-0500",
      "endTime" : "20170209T183620-0500",
      "duration" : 20.0,
      "distance" : 14.0,
      "steps" : 29
    } ],
    "lastUpdate" : "20170210T001132Z"
  }, {
    "type" : "move",
    "startTime" : "20170209T184505-0500",
    "endTime" : "20170209T184928-0500",
    "activities" : [ {
      "activity" : "walking",
      "group" : "walking",
      "manual" : false,
      "startTime" : "20170209T184505-0500",
      "endTime" : "20170209T184927-0500",
      "duration" : 262.0,
      "distance" : 376.0,
      "steps" : 448
    } ],
    "lastUpdate" : "20170210T001132Z"
  }, {
    "type" : "place",
    "startTime" : "20170209T184928-0500",
    "endTime" : "20170209T190014-0500",
    "activities" : [ {
      "activity" : "walking",
      "group" : "walking",
      "manual" : false,
      "startTime" : "20170209T184928-0500",
      "endTime" : "20170209T185021-0500",
      "duration" : 53.0,
      "distance" : 40.0,
      "steps" : 80
    } ],
    "lastUpdate" : "20170210T001132Z"
  }, {
    "type" : "place",
    "startTime" : "20170209T190014-0500",
    "endTime" : "20170209T190144-0500",
    "activities" : [ {
      "activity" : "walking",
      "group" : "walking",
      "manual" : false,
      "startTime" : "20170209T190014-0500",
      "endTime" : "20170209T190029-0500",
      "duration" : 15.0,
      "distance" : 12.0,
      "steps" : 24
    } ],
    "lastUpdate" : "20170210T014138Z"
  }, {
    "type" : "move",
    "startTime" : "20170209T190144-0500",
    "endTime" : "20170209T190601-0500",
    "activities" : [ {
      "activity" : "walking",
      "group" : "walking",
      "manual" : false,
      "startTime" : "20170209T190144-0500",
      "endTime" : "20170209T190601-0500",
      "duration" : 257.0,
      "distance" : 222.0,
      "steps" : 385
    } ],
    "lastUpdate" : "20170210T014138Z"
  }, {
    "type" : "place",
    "startTime" : "20170209T190601-0500",
    "endTime" : "20170209T193053-0500",
    "activities" : [ {
      "activity" : "walking",
      "group" : "walking",
      "manual" : false,
      "startTime" : "20170209T190601-0500",
      "endTime" : "20170209T190634-0500",
      "duration" : 33.0,
      "distance" : 25.0,
      "steps" : 50
    } ],
    "lastUpdate" : "20170210T014138Z"
  }, {
    "type" : "move",
    "startTime" : "20170209T193053-0500",
    "endTime" : "20170209T193823-0500",
    "activities" : [ {
      "activity" : "walking",
      "group" : "walking",
      "manual" : false,
      "startTime" : "20170209T193053-0500",
      "endTime" : "20170209T193823-0500",
      "duration" : 450.0,
      "distance" : 273.0,
      "steps" : 546
    } ],
    "lastUpdate" : "20170210T014138Z"
  }, {
    "type" : "place",
    "startTime" : "20170209T193824-0500",
    "endTime" : "20170210T100510-0500",
    "activities" : [ {
      "activity" : "walking",
      "group" : "walking",
      "manual" : false,
      "startTime" : "20170209T195220-0500",
      "endTime" : "20170209T195236-0500",
      "duration" : 16.0,
      "distance" : 12.0,
      "steps" : 25
    }, {
      "activity" : "walking",
      "group" : "walking",
      "manual" : false,
      "startTime" : "20170209T202703-0500",
      "endTime" : "20170209T202716-0500",
      "duration" : 13.0,
      "distance" : 9.0,
      "steps" : 18
    } ],
    "lastUpdate" : "20170210T164036Z"
  } ],
  "lastUpdate" : "20170210T164036Z"
}, {
  "date" : "20170210",
  "summary" : [ {
    "activity" : "walking",
    "group" : "walking",
    "duration" : 4380.0,
    "distance" : 5370.0,
    "steps" : 6717
  }, {
    "activity" : "transport",
    "group" : "transport",
    "duration" : 1120.0,
    "distance" : 6846.0
  } ],
  "segments" : [ {
    "type" : "place",
    "startTime" : "20170209T193824-0500",
    "endTime" : "20170210T100510-0500",
    "activities" : [ {
      "activity" : "walking",
      "group" : "walking",
      "manual" : false,
      "startTime" : "20170210T000413-0500",
      "endTime" : "20170210T000417-0500",
      "duration" : 4.0,
      "distance" : 3.0,
      "steps" : 6
    }, {
      "activity" : "walking",
      "group" : "walking",
      "manual" : false,
      "startTime" : "20170210T094723-0500",
      "endTime" : "20170210T094746-0500",
      "duration" : 23.0,
      "distance" : 16.0,
      "steps" : 32
    }, {
      "activity" : "walking",
      "group" : "walking",
      "manual" : false,
      "startTime" : "20170210T100027-0500",
      "endTime" : "20170210T100441-0500",
      "duration" : 254.0,
      "distance" : 284.0,
      "steps" : 379
    } ],
    "lastUpdate" : "20170210T164036Z"
  }, {
    "type" : "move",
    "startTime" : "20170210T100510-0500",
    "endTime" : "20170210T103743-0500",
    "activities" : [ {
      "activity" : "walking",
      "group" : "walking",
      "manual" : false,
      "startTime" : "20170210T100510-0500",
      "endTime" : "20170210T100922-0500",
      "duration" : 252.0,
      "distance" : 399.0,
      "steps" : 357
    }, {
      "activity" : "transport",
      "group" : "transport",
      "manual" : false,
      "startTime" : "20170210T100922-0500",
      "endTime" : "20170210T102802-0500",
      "duration" : 1120.0,
      "distance" : 6846.0
    }, {
      "activity" : "walking",
      "group" : "walking",
      "manual" : false,
      "startTime" : "20170210T102803-0500",
      "endTime" : "20170210T103743-0500",
      "duration" : 580.0,
      "distance" : 683.0,
      "steps" : 973
    } ],
    "lastUpdate" : "20170210T164036Z"
  }, {
    "type" : "place",
    "startTime" : "20170210T103743-0500",
    "endTime" : "20170210T150320-0500",
    "activities" : [ {
      "activity" : "walking",
      "group" : "walking",
      "manual" : false,
      "startTime" : "20170210T103834-0500",
      "endTime" : "20170210T103834-0500",
      "duration" : 0.0,
      "distance" : 0.0,
      "steps" : 0
    }, {
      "activity" : "walking",
      "group" : "walking",
      "manual" : false,
      "startTime" : "20170210T120019-0500",
      "endTime" : "20170210T120051-0500",
      "duration" : 32.0,
      "distance" : 25.0,
      "steps" : 50
    }, {
      "activity" : "walking",
      "group" : "walking",
      "manual" : false,
      "startTime" : "20170210T135029-0500",
      "endTime" : "20170210T135631-0500",
      "duration" : 362.0,
      "distance" : 405.0,
      "steps" : 541
    }, {
      "activity" : "walking",
      "group" : "walking",
      "manual" : false,
      "startTime" : "20170210T140051-0500",
      "endTime" : "20170210T140445-0500",
      "duration" : 234.0,
      "distance" : 262.0,
      "steps" : 350
    } ],
    "lastUpdate" : "20170210T211943Z"
  }, {
    "type" : "move",
    "startTime" : "20170210T150320-0500",
    "endTime" : "20170210T151216-0500",
    "activities" : [ {
      "activity" : "walking",
      "group" : "walking",
      "manual" : false,
      "startTime" : "20170210T150320-0500",
      "endTime" : "20170210T151215-0500",
      "duration" : 535.0,
      "distance" : 936.0,
      "steps" : 780
    } ],
    "lastUpdate" : "20170210T211943Z"
  }, {
    "type" : "place",
    "startTime" : "20170210T151216-0500",
    "endTime" : "20170210T180040-0500",
    "activities" : [ {
      "activity" : "walking",
      "group" : "walking",
      "manual" : false,
      "startTime" : "20170210T151216-0500",
      "endTime" : "20170210T151424-0500",
      "duration" : 128.0,
      "distance" : 144.0,
      "steps" : 192
    }, {
      "activity" : "walking",
      "group" : "walking",
      "manual" : false,
      "startTime" : "20170210T160000-0500",
      "endTime" : "20170210T160201-0500",
      "duration" : 121.0,
      "distance" : 119.0,
      "steps" : 159
    }, {
      "activity" : "walking",
      "group" : "walking",
      "manual" : false,
      "startTime" : "20170210T170419-0500",
      "endTime" : "20170210T170738-0500",
      "duration" : 199.0,
      "distance" : 191.0,
      "steps" : 255
    } ],
    "lastUpdate" : "20170211T002314Z"
  }, {
    "type" : "move",
    "startTime" : "20170210T180040-0500",
    "endTime" : "20170210T180624-0500",
    "activities" : [ {
      "activity" : "walking",
      "group" : "walking",
      "manual" : false,
      "startTime" : "20170210T180040-0500",
      "endTime" : "20170210T180624-0500",
      "duration" : 344.0,
      "distance" : 327.0,
      "steps" : 608
    } ],
    "lastUpdate" : "20170211T002314Z"
  }, {
    "type" : "place",
    "startTime" : "20170210T180624-0500",
    "endTime" : "20170210T182054-0500",
    "activities" : [ {
      "activity" : "walking",
      "group" : "walking",
      "manual" : false,
      "startTime" : "20170210T180624-0500",
      "endTime" : "20170210T180708-0500",
      "duration" : 44.0,
      "distance" : 33.0,
      "steps" : 66
    } ],
    "lastUpdate" : "20170211T002314Z"
  }, {
    "type" : "move",
    "startTime" : "20170210T182054-0500",
    "endTime" : "20170210T182504-0500",
    "activities" : [ {
      "activity" : "walking",
      "group" : "walking",
      "manual" : false,
      "startTime" : "20170210T182054-0500",
      "endTime" : "20170210T182504-0500",
      "duration" : 250.0,
      "distance" : 361.0,
      "steps" : 468
    } ],
    "lastUpdate" : "20170211T002314Z"
  }, {
    "type" : "place",
    "startTime" : "20170210T182504-0500",
    "endTime" : "20170210T182826-0500",
    "activities" : [ {
      "activity" : "walking",
      "group" : "walking",
      "manual" : false,
      "startTime" : "20170210T182504-0500",
      "endTime" : "20170210T182624-0500",
      "duration" : 80.0,
      "distance" : 60.0,
      "steps" : 120
    } ],
    "lastUpdate" : "20170211T002314Z"
  }, {
    "type" : "move",
    "startTime" : "20170210T182826-0500",
    "endTime" : "20170210T184237-0500",
    "activities" : [ {
      "activity" : "walking",
      "group" : "walking",
      "manual" : false,
      "startTime" : "20170210T182826-0500",
      "endTime" : "20170210T184237-0500",
      "duration" : 851.0,
      "distance" : 1075.0,
      "steps" : 1296
    } ],
    "lastUpdate" : "20170211T002314Z"
  }, {
    "type" : "place",
    "startTime" : "20170210T184237-0500",
    "endTime" : "20170211T004704-0500",
    "activities" : [ {
      "activity" : "walking",
      "group" : "walking",
      "manual" : false,
      "startTime" : "20170210T184237-0500",
      "endTime" : "20170210T184253-0500",
      "duration" : 16.0,
      "distance" : 12.0,
      "steps" : 25
    }, {
      "activity" : "walking",
      "group" : "walking",
      "manual" : false,
      "startTime" : "20170210T212701-0500",
      "endTime" : "20170210T212812-0500",
      "duration" : 71.0,
      "distance" : 35.0,
      "steps" : 60
    } ],
    "lastUpdate" : "20170211T063539Z"
  } ],
  "lastUpdate" : "20170211T063539Z"
}, {
  "date" : "20170211",
  "summary" : [ {
    "activity" : "walking",
    "group" : "walking",
    "duration" : 2957.0,
    "distance" : 2808.0,
    "steps" : 4081
  }, {
    "activity" : "transport",
    "group" : "transport",
    "duration" : 5822.0,
    "distance" : 20639.0
  } ],
  "segments" : [ {
    "type" : "place",
    "startTime" : "20170210T184237-0500",
    "endTime" : "20170211T004704-0500",
    "activities" : [ {
      "activity" : "walking",
      "group" : "walking",
      "manual" : false,
      "startTime" : "20170211T004435-0500",
      "endTime" : "20170211T004520-0500",
      "duration" : 45.0,
      "distance" : 22.0,
      "steps" : 42
    } ],
    "lastUpdate" : "20170211T063539Z"
  }, {
    "type" : "move",
    "startTime" : "20170211T004704-0500",
    "endTime" : "20170211T005421-0500",
    "activities" : [ {
      "activity" : "walking",
      "group" : "walking",
      "manual" : false,
      "startTime" : "20170211T004704-0500",
      "endTime" : "20170211T005421-0500",
      "duration" : 437.0,
      "distance" : 475.0,
      "steps" : 627
    } ],
    "lastUpdate" : "20170211T063539Z"
  }, {
    "type" : "place",
    "startTime" : "20170211T005422-0500",
    "endTime" : "20170211T005946-0500",
    "activities" : [ {
      "activity" : "walking",
      "group" : "walking",
      "manual" : false,
      "startTime" : "20170211T005422-0500",
      "endTime" : "20170211T005422-0500",
      "duration" : 0.0,
      "distance" : 0.0,
      "steps" : 0
    } ],
    "lastUpdate" : "20170211T080730Z"
  }, {
    "type" : "move",
    "startTime" : "20170211T005946-0500",
    "endTime" : "20170211T020803-0500",
    "activities" : [ {
      "activity" : "walking",
      "group" : "walking",
      "manual" : false,
      "startTime" : "20170211T005946-0500",
      "endTime" : "20170211T010250-0500",
      "duration" : 184.0,
      "distance" : 119.0,
      "steps" : 146
    }, {
      "activity" : "transport",
      "group" : "transport",
      "manual" : false,
      "startTime" : "20170211T010250-0500",
      "endTime" : "20170211T020351-0500",
      "duration" : 3661.0,
      "distance" : 9327.0
    }, {
      "activity" : "walking",
      "group" : "walking",
      "manual" : false,
      "startTime" : "20170211T020351-0500",
      "endTime" : "20170211T020802-0500",
      "duration" : 251.0,
      "distance" : 276.0,
      "steps" : 408
    } ],
    "lastUpdate" : "20170211T080730Z"
  }, {
    "type" : "place",
    "startTime" : "20170211T020803-0500",
    "endTime" : "20170211T160444-0500",
    "activities" : [ {
      "activity" : "walking",
      "group" : "walking",
      "manual" : false,
      "startTime" : "20170211T020943-0500",
      "endTime" : "20170211T021033-0500",
      "duration" : 50.0,
      "distance" : 38.0,
      "steps" : 76
    }, {
      "activity" : "walking",
      "group" : "walking",
      "manual" : false,
      "startTime" : "20170211T115801-0500",
      "endTime" : "20170211T115830-0500",
      "duration" : 29.0,
      "distance" : 14.0,
      "steps" : 0
    }, {
      "activity" : "walking",
      "group" : "walking",
      "manual" : false,
      "startTime" : "20170211T131418-0500",
      "endTime" : "20170211T131447-0500",
      "duration" : 29.0,
      "distance" : 21.0,
      "steps" : 42
    }, {
      "activity" : "walking",
      "group" : "walking",
      "manual" : false,
      "startTime" : "20170211T145150-0500",
      "endTime" : "20170211T145207-0500",
      "duration" : 17.0,
      "distance" : 11.0,
      "steps" : 23
    }, {
      "activity" : "walking",
      "group" : "walking",
      "manual" : false,
      "startTime" : "20170211T150001-0500",
      "endTime" : "20170211T150049-0500",
      "duration" : 48.0,
      "distance" : 36.0,
      "steps" : 72
    }, {
      "activity" : "walking",
      "group" : "walking",
      "manual" : false,
      "startTime" : "20170211T160010-0500",
      "endTime" : "20170211T160111-0500",
      "duration" : 61.0,
      "distance" : 44.0,
      "steps" : 89
    } ],
    "lastUpdate" : "20170211T215941Z"
  }, {
    "type" : "move",
    "startTime" : "20170211T160444-0500",
    "endTime" : "20170211T163921-0500",
    "activities" : [ {
      "activity" : "walking",
      "group" : "walking",
      "manual" : false,
      "startTime" : "20170211T160444-0500",
      "endTime" : "20170211T160949-0500",
      "duration" : 305.0,
      "distance" : 270.0,
      "steps" : 478
    }, {
      "activity" : "transport",
      "group" : "transport",
      "manual" : false,
      "startTime" : "20170211T160950-0500",
      "endTime" : "20170211T163421-0500",
      "duration" : 1471.0,
      "distance" : 8145.0
    }, {
      "activity" : "walking",
      "group" : "walking",
      "manual" : false,
      "startTime" : "20170211T163421-0500",
      "endTime" : "20170211T163921-0500",
      "duration" : 300.0,
      "distance" : 315.0,
      "steps" : 368
    } ],
    "lastUpdate" : "20170211T215941Z"
  }, {
    "type" : "place",
    "startTime" : "20170211T163921-0500",
    "endTime" : "20170211T170254-0500",
    "activities" : [ {
      "activity" : "walking",
      "group" : "walking",
      "manual" : false,
      "startTime" : "20170211T163921-0500",
      "endTime" : "20170211T164050-0500",
      "duration" : 89.0,
      "distance" : 67.0,
      "steps" : 134
    }, {
      "activity" : "walking",
      "group" : "walking",
      "manual" : false,
      "startTime" : "20170211T170251-0500",
      "endTime" : "20170211T170253-0500",
      "duration" : 2.0,
      "distance" : 2.0,
      "steps" : 4
    } ],
    "lastUpdate" : "20170211T233223Z"
  }, {
    "type" : "move",
    "startTime" : "20170211T170255-0500",
    "endTime" : "20170211T172125-0500",
    "activities" : [ {
      "activity" : "walking",
      "group" : "walking",
      "manual" : false,
      "startTime" : "20170211T170255-0500",
      "endTime" : "20170211T170559-0500",
      "duration" : 184.0,
      "distance" : 141.0,
      "steps" : 282
    }, {
      "activity" : "transport",
      "group" : "transport",
      "manual" : false,
      "startTime" : "20170211T170559-0500",
      "endTime" : "20170211T171729-0500",
      "duration" : 690.0,
      "distance" : 3167.0
    }, {
      "activity" : "walking",
      "group" : "walking",
      "manual" : false,
      "startTime" : "20170211T171730-0500",
      "endTime" : "20170211T172125-0500",
      "duration" : 235.0,
      "distance" : 231.0,
      "steps" : 321
    } ],
    "lastUpdate" : "20170211T233223Z"
  }, {
    "type" : "place",
    "startTime" : "20170211T172126-0500",
    "endTime" : "20170211T230840-0500",
    "activities" : [ {
      "activity" : "walking",
      "group" : "walking",
      "manual" : false,
      "startTime" : "20170211T172126-0500",
      "endTime" : "20170211T172517-0500",
      "duration" : 231.0,
      "distance" : 260.0,
      "steps" : 347
    }, {
      "activity" : "walking",
      "group" : "walking",
      "manual" : false,
      "startTime" : "20170211T181820-0500",
      "endTime" : "20170211T182153-0500",
      "duration" : 213.0,
      "distance" : 206.0,
      "steps" : 275
    }, {
      "activity" : "walking",
      "group" : "walking",
      "manual" : false,
      "startTime" : "20170211T200700-0500",
      "endTime" : "20170211T201107-0500",
      "duration" : 247.0,
      "distance" : 260.0,
      "steps" : 347
    } ],
    "lastUpdate" : "20170212T040842Z"
  } ],
  "lastUpdate" : "20170212T040842Z"
} ]