[ {
  "date" : "20170210",
  "segments" : [ {
    "type" : "place",
    "startTime" : "20170209T193824-0500",
    "endTime" : "20170210T100510-0500",
    "place" : {
      "id" : 588636068,
      "type" : "unknown",
      "location" : {
        "lat" : 40.69673,
        "lon" : -73.931402
      }
    },
    "lastUpdate" : "20170210T164036Z"
  }, {
    "type" : "place",
    "startTime" : "20170210T103743-0500",
    "endTime" : "20170210T150320-0500",
    "place" : {
      "id" : 588615003,
      "type" : "unknown",
      "location" : {
        "lat" : 40.729663,
        "lon" : -73.993393
      }
    },
    "lastUpdate" : "20170210T211943Z"
  }, {
    "type" : "place",
    "startTime" : "20170210T151216-0500",
    "endTime" : "20170210T180040-0500",
    "place" : {
      "id" : 594038515,
      "type" : "unknown",
      "location" : {
        "lat" : 40.723416,
        "lon" : -74.002075
      }
    },
    "lastUpdate" : "20170211T002314Z"
  }, {
    "type" : "place",
    "startTime" : "20170210T180624-0500",
    "endTime" : "20170210T182054-0500",
    "place" : {
      "id" : 590789598,
      "type" : "unknown",
      "location" : {
        "lat" : 40.721737,
        "lon" : -74.00261
      }
    },
    "lastUpdate" : "20170211T002314Z"
  }, {
    "type" : "place",
    "startTime" : "20170210T182504-0500",
    "endTime" : "20170210T182826-0500",
    "place" : {
      "id" : 594096131,
      "type" : "unknown",
      "location" : {
        "lat" : 40.723703,
        "lon" : -74.00372
      }
    },
    "lastUpdate" : "20170211T002314Z"
  }, {
    "type" : "place",
    "startTime" : "20170210T184237-0500",
    "endTime" : "20170211T004704-0500",
    "place" : {
      "id" : 589420623,
      "type" : "unknown",
      "location" : {
        "lat" : 40.729922,
        "lon" : -73.99704
      }
    },
    "lastUpdate" : "20170211T063539Z"
  } ],
  "lastUpdate" : "20170211T063539Z"
} ]