Date,Name,Start,End,Duration,Latitude,Longitude,Category,Link
2/9/17,"Place in Bushwick Junction, Brooklyn",2017-02-09T00:00:00-05:00,2017-02-09T18:45:05-05:00,67505,40.69673,-73.931402,,
2/9/17,"Place in Bedford–Stuyvesant, Brooklyn",2017-02-09T18:49:28-05:00,2017-02-09T19:00:14-05:00,646,40.696862,-73.934981,,
2/9/17,"Place in Bedford–Stuyvesant, Brooklyn",2017-02-09T19:00:14-05:00,2017-02-09T19:01:44-05:00,90,40.696862,-73.934981,,
2/9/17,"Place in Bedford–Stuyvesant, Brooklyn",2017-02-09T19:06:01-05:00,2017-02-09T19:30:53-05:00,1492,40.695954,-73.933499,,
2/9/17,"Place in Bushwick Junction, Brooklyn",2017-02-09T19:38:24-05:00,2017-02-10T00:00:00-05:00,15696,40.69673,-73.931402,,
