Date,Name,Start,End,Duration,Latitude,Longitude,Category,Link
2/7/17,"Place in Bushwick Junction, Brooklyn",2017-02-07T00:00:00-05:00,2017-02-07T12:37:19-05:00,45439,40.69673,-73.931402,,
2/7/17,"Place in Greenwich Village, New York",2017-02-07T13:16:13-05:00,2017-02-07T13:32:39-05:00,986,40.729663,-73.993393,,
2/7/17,"Place in Greenwich Village, New York",2017-02-07T13:41:51-05:00,2017-02-07T19:37:02-05:00,21311,40.729593,-73.997237,,
2/7/17,"Place in Greenwich Village, New York",2017-02-07T19:43:12-05:00,2017-02-07T19:49:22-05:00,370,40.728406,-73.995437,,
2/7/17,"Place in Greenwich Village, New York",2017-02-07T19:52:50-05:00,2017-02-08T00:00:00-05:00,14830,40.729593,-73.997237,,
