Date,Name,Start,End,Duration,Latitude,Longitude,Category,Link
2/6/17,"Place in Bushwick Junction, Brooklyn",2017-02-06T00:18:57-05:00,2017-02-06T14:54:42-05:00,52545,40.69673,-73.931402,,
2/6/17,"Place in Greenwich Village, New York",2017-02-06T15:25:11-05:00,2017-02-06T21:45:21-05:00,22810,40.729663,-73.993393,,
2/6/17,"Place in Flatiron District, New York",2017-02-06T21:58:10-05:00,2017-02-06T22:11:08-05:00,778,40.735505,-73.990768,,
2/6/17,"Place in Chinatown, New York",2017-02-06T22:14:59-05:00,2017-02-06T22:25:52-05:00,653,40.717911,-74.000072,,
2/6/17,"Place in Bushwick Junction, Brooklyn",2017-02-06T22:49:50-05:00,2017-02-07T00:00:00-05:00,4210,40.69673,-73.931402,,
