[ {
  "date" : "20170206",
  "summary" : [ {
    "activity" : "walking",
    "group" : "walking",
    "duration" : 4045.0,
    "distance" : 4124.0,
    "steps" : 6011
  }, {
    "activity" : "transport",
    "group" : "transport",
    "duration" : 3145.0,
    "distance" : 23868.0
  } ],
  "segments" : [ {
    "type" : "move",
    "startTime" : "20170205T234810-0500",
    "endTime" : "20170206T001857-0500",
    "activities" : [ {
      "activity" : "transport",
      "group" : "transport",
      "manual" : false,
      "startTime" : "20170206T000000-0500",
      "endTime" : "20170206T001226-0500",
      "duration" : 746.0,
      "distance" : 5768.0,
      "trackPoints" : [ {
        "lat" : 40.718997,
        "lon" : -73.989092,
        "time" : "20170206T000000-0500"
      }, {
        "lat" : 40.718509,
        "lon" : -73.987515,
        "time" : "20170206T000020-0500"
      }, {
        "lat" : 40.718431,
        "lon" : -73.987262,
        "time" : "20170206T000040-0500"
      }, {
        "lat" : 40.718363,
        "lon" : -73.987037,
        "time" : "20170206T000113-0500"
      }, {
        "lat" : 40.716229,
        "lon" : -73.980497,
        "time" : "20170206T000228-0500"
      }, {
        "lat" : 40.714867,
        "lon" : -73.975889,
        "time" : "20170206T000317-0500"
      }, {
        "lat" : 40.714889,
        "lon" : -73.975129,
        "time" : "20170206T000333-0500"
      }, {
        "lat" : 40.71281,
        "lon" : -73.969596,
        "time" : "20170206T000420-0500"
      }, {
        "lat" : 40.712445,
        "lon" : -73.967902,
        "time" : "20170206T000440-0500"
      }, {
        "lat" : 40.711668,
        "lon" : -73.966207,
        "time" : "20170206T000458-0500"
      }, {
        "lat" : 40.711117,
        "lon" : -73.964419,
        "time" : "20170206T000520-0500"
      }, {
        "lat" : 40.709818,
        "lon" : -73.960855,
        "time" : "20170206T000603-0500"
      }, {
        "lat" : 40.709279,
        "lon" : -73.959953,
        "time" : "20170206T000626-0500"
      }, {
        "lat" : 40.708842,
        "lon" : -73.958973,
        "time" : "20170206T000647-0500"
      }, {
        "lat" : 40.708422,
        "lon" : -73.957814,
        "time" : "20170206T000717-0500"
      }, {
        "lat" : 40.708161,
        "lon" : -73.956981,
        "time" : "20170206T000739-0500"
      }, {
        "lat" : 40.707579,
        "lon" : -73.955249,
        "time" : "20170206T000756-0500"
      }, {
        "lat" : 40.706837,
        "lon" : -73.953287,
        "time" : "20170206T000813-0500"
      }, {
        "lat" : 40.706715,
        "lon" : -73.952933,
        "time" : "20170206T000832-0500"
      }, {
        "lat" : 40.705913,
        "lon" : -73.950449,
        "time" : "20170206T000902-0500"
      }, {
        "lat" : 40.704088,
        "lon" : -73.947782,
        "time" : "20170206T000926-0500"
      }, {
        "lat" : 40.703782,
        "lon" : -73.947228,
        "time" : "20170206T000950-0500"
      }, {
        "lat" : 40.701978,
        "lon" : -73.944029,
        "time" : "20170206T001025-0500"
      }, {
        "lat" : 40.700264,
        "lon" : -73.941035,
        "time" : "20170206T001104-0500"
      }, {
        "lat" : 40.700035,
        "lon" : -73.940422,
        "time" : "20170206T001126-0500"
      }, {
        "lat" : 40.699134,
        "lon" : -73.939051,
        "time" : "20170206T001143-0500"
      }, {
        "lat" : 40.698482,
        "lon" : -73.937756,
        "time" : "20170206T001158-0500"
      }, {
        "lat" : 40.697306,
        "lon" : -73.935828,
        "time" : "20170206T001226-0500"
      } ]
    }, {
      "activity" : "walking",
      "group" : "walking",
      "manual" : false,
      "startTime" : "20170206T001226-0500",
      "endTime" : "20170206T001856-0500",
      "duration" : 390.0,
      "distance" : 430.0,
      "steps" : 655,
      "trackPoints" : [ {
        "lat" : 40.697306,
        "lon" : -73.935828,
        "time" : "20170206T001226-0500"
      }, {
        "lat" : 40.697177,
        "lon" : -73.935565,
        "time" : "20170206T001252-0500"
      }, {
        "lat" : 40.697167,
        "lon" : -73.935279,
        "time" : "20170206T001318-0500"
      }, {
        "lat" : 40.697123,
        "lon" : -73.93517,
        "time" : "20170206T001341-0500"
      }, {
        "lat" : 40.697129,
        "lon" : -73.934841,
        "time" : "20170206T001404-0500"
      }, {
        "lat" : 40.697149,
        "lon" : -73.93437,
        "time" : "20170206T001425-0500"
      }, {
        "lat" : 40.697151,
        "lon" : -73.934055,
        "time" : "20170206T001444-0500"
      }, {
        "lat" : 40.697103,
        "lon" : -73.933695,
        "time" : "20170206T001507-0500"
      }, {
        "lat" : 40.697143,
        "lon" : -73.933434,
        "time" : "20170206T001527-0500"
      }, {
        "lat" : 40.697182,
        "lon" : -73.933022,
        "time" : "20170206T001549-0500"
      }, {
        "lat" : 40.697274,
        "lon" : -73.932567,
        "time" : "20170206T001616-0500"
      }, {
        "lat" : 40.697231,
        "lon" : -73.932304,
        "time" : "20170206T001631-0500"
      }, {
        "lat" : 40.697084,
        "lon" : -73.931903,
        "time" : "20170206T001654-0500"
      }, {
        "lat" : 40.696956,
        "lon" : -73.931646,
        "time" : "20170206T001715-0500"
      }, {
        "lat" : 40.696796,
        "lon" : -73.931495,
        "time" : "20170206T001737-0500"
      }, {
        "lat" : 40.696618,
        "lon" : -73.93145,
        "time" : "20170206T001803-0500"
      }, {
        "lat" : 40.696611,
        "lon" : -73.931458,
        "time" : "20170206T001823-0500"
      }, {
        "lat" : 40.69664,
        "lon" : -73.931445,
        "time" : "20170206T001839-0500"
      }, {
        "lat" : 40.69673,
        "lon" : -73.931402,
        "time" : "20170206T001857-0500"
      } ]
    } ],
    "lastUpdate" : "20170206T064846Z"
  }, {
    "type" : "place",
    "startTime" : "20170206T001857-0500",
    "endTime" : "20170206T145442-0500",
    "place" : {
      "id" : 588636068,
      "type" : "unknown",
      "location" : {
        "lat" : 40.69673,
        "lon" : -73.931402
      }
    },
    "activities" : [ {
      "activity" : "walking",
      "group" : "walking",
      "manual" : false,
      "startTime" : "20170206T001857-0500",
      "endTime" : "20170206T002157-0500",
      "duration" : 180.0,
      "distance" : 203.0,
      "steps" : 271,
      "trackPoints" : [ ]
    }, {
      "activity" : "walking",
      "group" : "walking",
      "manual" : false,
      "startTime" : "20170206T013426-0500",
      "endTime" : "20170206T013441-0500",
      "duration" : 15.0,
      "distance" : 11.0,
      "steps" : 22,
      "trackPoints" : [ ]
    }, {
      "activity" : "walking",
      "group" : "walking",
      "manual" : false,
      "startTime" : "20170206T111142-0500",
      "endTime" : "20170206T111205-0500",
      "duration" : 23.0,
      "distance" : 16.0,
      "steps" : 33,
      "trackPoints" : [ ]
    }, {
      "activity" : "walking",
      "group" : "walking",
      "manual" : false,
      "startTime" : "20170206T120033-0500",
      "endTime" : "20170206T120110-0500",
      "duration" : 37.0,
      "distance" : 18.0,
      "steps" : 11,
      "trackPoints" : [ ]
    }, {
      "activity" : "walking",
      "group" : "walking",
      "manual" : false,
      "startTime" : "20170206T132857-0500",
      "endTime" : "20170206T133146-0500",
      "duration" : 169.0,
      "distance" : 162.0,
      "steps" : 217,
      "trackPoints" : [ ]
    }, {
      "activity" : "walking",
      "group" : "walking",
      "manual" : false,
      "startTime" : "20170206T144039-0500",
      "endTime" : "20170206T144319-0500",
      "duration" : 160.0,
      "distance" : 120.0,
      "steps" : 116,
      "trackPoints" : [ ]
    } ],
    "lastUpdate" : "20170206T203040Z"
  }, {
    "type" : "move",
    "startTime" : "20170206T145442-0500",
    "endTime" : "20170206T152511-0500",
    "activities" : [ {
      "activity" : "walking",
      "group" : "walking",
      "manual" : false,
      "startTime" : "20170206T145442-0500",
      "endTime" : "20170206T145948-0500",
      "duration" : 306.0,
      "distance" : 405.0,
      "steps" : 597,
      "trackPoints" : [ {
        "lat" : 40.69673,
        "lon" : -73.931402,
        "time" : "20170206T145442-0500"
      }, {
        "lat" : 40.697058,
        "lon" : -73.931818,
        "time" : "20170206T145505-0500"
      }, {
        "lat" : 40.697322,
        "lon" : -73.932454,
        "time" : "20170206T145538-0500"
      }, {
        "lat" : 40.697373,
        "lon" : -73.932684,
        "time" : "20170206T145554-0500"
      }, {
        "lat" : 40.697369,
        "lon" : -73.932889,
        "time" : "20170206T145611-0500"
      }, {
        "lat" : 40.697293,
        "lon" : -73.933244,
        "time" : "20170206T145626-0500"
      }, {
        "lat" : 40.697197,
        "lon" : -73.933712,
        "time" : "20170206T145646-0500"
      }, {
        "lat" : 40.697157,
        "lon" : -73.934147,
        "time" : "20170206T145702-0500"
      }, {
        "lat" : 40.697033,
        "lon" : -73.934454,
        "time" : "20170206T145724-0500"
      }, {
        "lat" : 40.697086,
        "lon" : -73.934759,
        "time" : "20170206T145739-0500"
      }, {
        "lat" : 40.697034,
        "lon" : -73.935046,
        "time" : "20170206T145801-0500"
      }, {
        "lat" : 40.697053,
        "lon" : -73.935281,
        "time" : "20170206T145826-0500"
      }, {
        "lat" : 40.697069,
        "lon" : -73.935442,
        "time" : "20170206T145846-0500"
      }, {
        "lat" : 40.697051,
        "lon" : -73.935524,
        "time" : "20170206T145904-0500"
      }, {
        "lat" : 40.69707,
        "lon" : -73.935392,
        "time" : "20170206T145928-0500"
      }, {
        "lat" : 40.697084,
        "lon" : -73.935333,
        "time" : "20170206T145949-0500"
      } ]
    }, {
      "activity" : "transport",
      "group" : "transport",
      "manual" : false,
      "startTime" : "20170206T145949-0500",
      "endTime" : "20170206T151550-0500",
      "duration" : 961.0,
      "distance" : 7090.0,
      "trackPoints" : [ {
        "lat" : 40.697084,
        "lon" : -73.935333,
        "time" : "20170206T145949-0500"
      }, {
        "lat" : 40.697114,
        "lon" : -73.935339,
        "time" : "20170206T145959-0500"
      }, {
        "lat" : 40.697114,
        "lon" : -73.935339,
        "time" : "20170206T150000-0500"
      }, {
        "lat" : 40.697177,
        "lon" : -73.935353,
        "time" : "20170206T150022-0500"
      }, {
        "lat" : 40.697379,
        "lon" : -73.935332,
        "time" : "20170206T150037-0500"
      }, {
        "lat" : 40.698231,
        "lon" : -73.937318,
        "time" : "20170206T150055-0500"
      }, {
        "lat" : 40.699856,
        "lon" : -73.940302,
        "time" : "20170206T150125-0500"
      }, {
        "lat" : 40.700055,
        "lon" : -73.940761,
        "time" : "20170206T150141-0500"
      }, {
        "lat" : 40.702424,
        "lon" : -73.944618,
        "time" : "20170206T150218-0500"
      }, {
        "lat" : 40.703623,
        "lon" : -73.946729,
        "time" : "20170206T150256-0500"
      }, {
        "lat" : 40.703837,
        "lon" : -73.947265,
        "time" : "20170206T150317-0500"
      }, {
        "lat" : 40.704182,
        "lon" : -73.947921,
        "time" : "20170206T150336-0500"
      }, {
        "lat" : 40.705333,
        "lon" : -73.949594,
        "time" : "20170206T150354-0500"
      }, {
        "lat" : 40.70674,
        "lon" : -73.952836,
        "time" : "20170206T150434-0500"
      }, {
        "lat" : 40.706901,
        "lon" : -73.95322,
        "time" : "20170206T150452-0500"
      }, {
        "lat" : 40.707403,
        "lon" : -73.9548,
        "time" : "20170206T150513-0500"
      }, {
        "lat" : 40.708067,
        "lon" : -73.956524,
        "time" : "20170206T150533-0500"
      }, {
        "lat" : 40.708465,
        "lon" : -73.957157,
        "time" : "20170206T150553-0500"
      }, {
        "lat" : 40.708533,
        "lon" : -73.957898,
        "time" : "20170206T150616-0500"
      }, {
        "lat" : 40.708781,
        "lon" : -73.958337,
        "time" : "20170206T150632-0500"
      }, {
        "lat" : 40.709215,
        "lon" : -73.959267,
        "time" : "20170206T150648-0500"
      }, {
        "lat" : 40.709782,
        "lon" : -73.960501,
        "time" : "20170206T150705-0500"
      }, {
        "lat" : 40.71056,
        "lon" : -73.962027,
        "time" : "20170206T150722-0500"
      }, {
        "lat" : 40.711138,
        "lon" : -73.96361,
        "time" : "20170206T150737-0500"
      }, {
        "lat" : 40.712027,
        "lon" : -73.966969,
        "time" : "20170206T150802-0500"
      }, {
        "lat" : 40.713451,
        "lon" : -73.967913,
        "time" : "20170206T150823-0500"
      }, {
        "lat" : 40.715236,
        "lon" : -73.977639,
        "time" : "20170206T150942-0500"
      }, {
        "lat" : 40.716028,
        "lon" : -73.980052,
        "time" : "20170206T151004-0500"
      }, {
        "lat" : 40.716698,
        "lon" : -73.982191,
        "time" : "20170206T151026-0500"
      }, {
        "lat" : 40.717117,
        "lon" : -73.983421,
        "time" : "20170206T151042-0500"
      }, {
        "lat" : 40.71827,
        "lon" : -73.986845,
        "time" : "20170206T151124-0500"
      }, {
        "lat" : 40.718499,
        "lon" : -73.987479,
        "time" : "20170206T151158-0500"
      }, {
        "lat" : 40.718993,
        "lon" : -73.989066,
        "time" : "20170206T151227-0500"
      }, {
        "lat" : 40.72028,
        "lon" : -73.993258,
        "time" : "20170206T151322-0500"
      }, {
        "lat" : 40.72029,
        "lon" : -73.993423,
        "time" : "20170206T151353-0500"
      }, {
        "lat" : 40.717967,
        "lon" : -74.000049,
        "time" : "20170206T151517-0500"
      }, {
        "lat" : 40.718356,
        "lon" : -74.000579,
        "time" : "20170206T151550-0500"
      } ]
    }, {
      "activity" : "walking",
      "group" : "walking",
      "manual" : false,
      "startTime" : "20170206T151550-0500",
      "endTime" : "20170206T151820-0500",
      "duration" : 150.0,
      "distance" : 193.0,
      "steps" : 317,
      "trackPoints" : [ {
        "lat" : 40.718356,
        "lon" : -74.000579,
        "time" : "20170206T151550-0500"
      }, {
        "lat" : 40.7188,
        "lon" : -74.001073,
        "time" : "20170206T151640-0500"
      }, {
        "lat" : 40.719427,
        "lon" : -74.001768,
        "time" : "20170206T151724-0500"
      }, {
        "lat" : 40.719475,
        "lon" : -74.001856,
        "time" : "20170206T151753-0500"
      }, {
        "lat" : 40.719509,
        "lon" : -74.001908,
        "time" : "20170206T151820-0500"
      } ]
    }, {
      "activity" : "transport",
      "group" : "transport",
      "manual" : false,
      "startTime" : "20170206T151820-0500",
      "endTime" : "20170206T152150-0500",
      "duration" : 210.0,
      "distance" : 1651.0,
      "trackPoints" : [ {
        "lat" : 40.719509,
        "lon" : -74.001908,
        "time" : "20170206T151820-0500"
      }, {
        "lat" : 40.719543,
        "lon" : -74.001917,
        "time" : "20170206T151835-0500"
      }, {
        "lat" : 40.719575,
        "lon" : -74.0019,
        "time" : "20170206T151900-0500"
      }, {
        "lat" : 40.724201,
        "lon" : -73.997705,
        "time" : "20170206T152000-0500"
      }, {
        "lat" : 40.724226,
        "lon" : -73.99768,
        "time" : "20170206T152025-0500"
      }, {
        "lat" : 40.724219,
        "lon" : -73.997689,
        "time" : "20170206T152043-0500"
      }, {
        "lat" : 40.730365,
        "lon" : -73.992753,
        "time" : "20170206T152150-0500"
      } ]
    }, {
      "activity" : "walking",
      "group" : "walking",
      "manual" : false,
      "startTime" : "20170206T152150-0500",
      "endTime" : "20170206T152510-0500",
      "duration" : 200.0,
      "distance" : 136.0,
      "steps" : 250,
      "trackPoints" : [ {
        "lat" : 40.730365,
        "lon" : -73.992753,
        "time" : "20170206T152150-0500"
      }, {
        "lat" : 40.730063,
        "lon" : -73.993037,
        "time" : "20170206T152225-0500"
      }, {
        "lat" : 40.729899,
        "lon" : -73.993216,
        "time" : "20170206T152248-0500"
      }, {
        "lat" : 40.729705,
        "lon" : -73.993384,
        "time" : "20170206T152318-0500"
      }, {
        "lat" : 40.729594,
        "lon" : -73.99341,
        "time" : "20170206T152340-0500"
      }, {
        "lat" : 40.729551,
        "lon" : -73.993412,
        "time" : "20170206T152401-0500"
      }, {
        "lat" : 40.729687,
        "lon" : -73.993397,
        "time" : "20170206T152426-0500"
      }, {
        "lat" : 40.729663,
        "lon" : -73.993393,
        "time" : "20170206T152511-0500"
      } ]
    } ],
    "lastUpdate" : "20170206T203040Z"
  }, {
    "type" : "place",
    "startTime" : "20170206T152511-0500",
    "endTime" : "20170206T214521-0500",
    "place" : {
      "id" : 588615003,
      "type" : "unknown",
      "location" : {
        "lat" : 40.729663,
        "lon" : -73.993393
      }
    },
    "activities" : [ {
      "activity" : "walking",
      "group" : "walking",
      "manual" : false,
      "startTime" : "20170206T153050-0500",
      "endTime" : "20170206T153051-0500",
      "duration" : 1.0,
      "distance" : 1.0,
      "steps" : 2,
      "trackPoints" : [ ]
    }, {
      "activity" : "walking",
      "group" : "walking",
      "manual" : false,
      "startTime" : "20170206T163430-0500",
      "endTime" : "20170206T164206-0500",
      "duration" : 456.0,
      "distance" : 511.0,
      "steps" : 682,
      "trackPoints" : [ ]
    }, {
      "activity" : "walking",
      "group" : "walking",
      "manual" : false,
      "startTime" : "20170206T171031-0500",
      "endTime" : "20170206T171339-0500",
      "duration" : 188.0,
      "distance" : 178.0,
      "steps" : 238,
      "trackPoints" : [ ]
    }, {
      "activity" : "walking",
      "group" : "walking",
      "manual" : false,
      "startTime" : "20170206T180058-0500",
      "endTime" : "20170206T180538-0500",
      "duration" : 280.0,
      "distance" : 304.0,
      "steps" : 406,
      "trackPoints" : [ ]
    }, {
      "activity" : "walking",
      "group" : "walking",
      "manual" : false,
      "startTime" : "20170206T193243-0500",
      "endTime" : "20170206T193340-0500",
      "duration" : 57.0,
      "distance" : 41.0,
      "steps" : 83,
      "trackPoints" : [ ]
    }, {
      "activity" : "walking",
      "group" : "walking",
      "manual" : false,
      "startTime" : "20170206T214426-0500",
      "endTime" : "20170206T214430-0500",
      "duration" : 4.0,
      "distance" : 3.0,
      "steps" : 6,
      "trackPoints" : [ ]
    } ],
    "lastUpdate" : "20170207T035112Z"
  }, {
    "type" : "move",
    "startTime" : "20170206T214521-0500",
    "endTime" : "20170206T215810-0500",
    "activities" : [ {
      "activity" : "walking",
      "group" : "walking",
      "manual" : false,
      "startTime" : "20170206T214521-0500",
      "endTime" : "20170206T215809-0500",
      "duration" : 768.0,
      "distance" : 786.0,
      "steps" : 1121,
      "trackPoints" : [ {
        "lat" : 40.729663,
        "lon" : -73.993393,
        "time" : "20170206T214521-0500"
      }, {
        "lat" : 40.729788,
        "lon" : -73.993331,
        "time" : "20170206T214545-0500"
      }, {
        "lat" : 40.729776,
        "lon" : -73.99332,
        "time" : "20170206T214605-0500"
      }, {
        "lat" : 40.729791,
        "lon" : -73.993285,
        "time" : "20170206T214626-0500"
      }, {
        "lat" : 40.729876,
        "lon" : -73.993141,
        "time" : "20170206T214726-0500"
      }, {
        "lat" : 40.729995,
        "lon" : -73.992909,
        "time" : "20170206T214800-0500"
      }, {
        "lat" : 40.730071,
        "lon" : -73.992785,
        "time" : "20170206T214818-0500"
      }, {
        "lat" : 40.730457,
        "lon" : -73.992568,
        "time" : "20170206T214916-0500"
      }, {
        "lat" : 40.730587,
        "lon" : -73.992491,
        "time" : "20170206T214940-0500"
      }, {
        "lat" : 40.730714,
        "lon" : -73.992379,
        "time" : "20170206T214958-0500"
      }, {
        "lat" : 40.730964,
        "lon" : -73.992094,
        "time" : "20170206T215027-0500"
      }, {
        "lat" : 40.731169,
        "lon" : -73.991868,
        "time" : "20170206T215050-0500"
      }, {
        "lat" : 40.73134,
        "lon" : -73.991676,
        "time" : "20170206T215111-0500"
      }, {
        "lat" : 40.731561,
        "lon" : -73.991228,
        "time" : "20170206T215136-0500"
      }, {
        "lat" : 40.731683,
        "lon" : -73.991163,
        "time" : "20170206T215152-0500"
      }, {
        "lat" : 40.731856,
        "lon" : -73.99124,
        "time" : "20170206T215208-0500"
      }, {
        "lat" : 40.732558,
        "lon" : -73.991279,
        "time" : "20170206T215300-0500"
      }, {
        "lat" : 40.732727,
        "lon" : -73.991241,
        "time" : "20170206T215317-0500"
      }, {
        "lat" : 40.733129,
        "lon" : -73.991108,
        "time" : "20170206T215357-0500"
      }, {
        "lat" : 40.733366,
        "lon" : -73.991071,
        "time" : "20170206T215419-0500"
      }, {
        "lat" : 40.733676,
        "lon" : -73.990979,
        "time" : "20170206T215443-0500"
      }, {
        "lat" : 40.733862,
        "lon" : -73.990905,
        "time" : "20170206T215500-0500"
      }, {
        "lat" : 40.734106,
        "lon" : -73.990864,
        "time" : "20170206T215522-0500"
      }, {
        "lat" : 40.734173,
        "lon" : -73.990972,
        "time" : "20170206T215547-0500"
      }, {
        "lat" : 40.734386,
        "lon" : -73.990888,
        "time" : "20170206T215611-0500"
      }, {
        "lat" : 40.734687,
        "lon" : -73.990835,
        "time" : "20170206T215648-0500"
      }, {
        "lat" : 40.734856,
        "lon" : -73.990939,
        "time" : "20170206T215722-0500"
      }, {
        "lat" : 40.734962,
        "lon" : -73.99103,
        "time" : "20170206T215747-0500"
      }, {
        "lat" : 40.735505,
        "lon" : -73.990768,
        "time" : "20170206T215810-0500"
      } ]
    } ],
    "lastUpdate" : "20170207T035112Z"
  }, {
    "type" : "place",
    "startTime" : "20170206T215810-0500",
    "endTime" : "20170206T221108-0500",
    "place" : {
      "id" : 589516917,
      "type" : "unknown",
      "location" : {
        "lat" : 40.735505,
        "lon" : -73.990768
      }
    },
    "activities" : [ {
      "activity" : "walking",
      "group" : "walking",
      "manual" : false,
      "startTime" : "20170206T215821-0500",
      "endTime" : "20170206T215923-0500",
      "duration" : 62.0,
      "distance" : 47.0,
      "steps" : 94,
      "trackPoints" : [ ]
    }, {
      "activity" : "walking",
      "group" : "walking",
      "manual" : false,
      "startTime" : "20170206T220323-0500",
      "endTime" : "20170206T220328-0500",
      "duration" : 5.0,
      "distance" : 4.0,
      "steps" : 8,
      "trackPoints" : [ ]
    } ],
    "lastUpdate" : "20170207T035112Z"
  }, {
    "type" : "move",
    "startTime" : "20170206T221108-0500",
    "endTime" : "20170206T221458-0500",
    "activities" : [ {
      "activity" : "transport",
      "group" : "transport",
      "manual" : false,
      "startTime" : "20170206T221108-0500",
      "endTime" : "20170206T221458-0500",
      "duration" : 230.0,
      "distance" : 2443.0,
      "trackPoints" : [ {
        "lat" : 40.735505,
        "lon" : -73.990768,
        "time" : "20170206T221108-0500"
      }, {
        "lat" : 40.730393,
        "lon" : -73.992744,
        "time" : "20170206T221200-0500"
      }, {
        "lat" : 40.724189,
        "lon" : -73.997711,
        "time" : "20170206T221249-0500"
      }, {
        "lat" : 40.717911,
        "lon" : -74.000072,
        "time" : "20170206T221458-0500"
      } ]
    } ],
    "lastUpdate" : "20170207T035112Z"
  }, {
    "type" : "place",
    "startTime" : "20170206T221459-0500",
    "endTime" : "20170206T222552-0500",
    "place" : {
      "id" : 588636067,
      "type" : "unknown",
      "location" : {
        "lat" : 40.717911,
        "lon" : -74.000072
      }
    },
    "activities" : [ {
      "activity" : "walking",
      "group" : "walking",
      "manual" : false,
      "startTime" : "20170206T221459-0500",
      "endTime" : "20170206T221554-0500",
      "duration" : 55.0,
      "distance" : 41.0,
      "steps" : 83,
      "trackPoints" : [ ]
    } ],
    "lastUpdate" : "20170207T035112Z"
  }, {
    "type" : "move",
    "startTime" : "20170206T222552-0500",
    "endTime" : "20170206T224950-0500",
    "activities" : [ {
      "activity" : "transport",
      "group" : "transport",
      "manual" : false,
      "startTime" : "20170206T222552-0500",
      "endTime" : "20170206T224230-0500",
      "duration" : 998.0,
      "distance" : 6916.0,
      "trackPoints" : [ {
        "lat" : 40.717911,
        "lon" : -74.000072,
        "time" : "20170206T222552-0500"
      }, {
        "lat" : 40.720312,
        "lon" : -73.993431,
        "time" : "20170206T222726-0500"
      }, {
        "lat" : 40.720198,
        "lon" : -73.993049,
        "time" : "20170206T222748-0500"
      }, {
        "lat" : 40.720259,
        "lon" : -73.993234,
        "time" : "20170206T222811-0500"
      }, {
        "lat" : 40.718482,
        "lon" : -73.987425,
        "time" : "20170206T222906-0500"
      }, {
        "lat" : 40.718325,
        "lon" : -73.987026,
        "time" : "20170206T222929-0500"
      }, {
        "lat" : 40.718274,
        "lon" : -73.986902,
        "time" : "20170206T222947-0500"
      }, {
        "lat" : 40.718249,
        "lon" : -73.986843,
        "time" : "20170206T223005-0500"
      }, {
        "lat" : 40.717448,
        "lon" : -73.984544,
        "time" : "20170206T223032-0500"
      }, {
        "lat" : 40.716567,
        "lon" : -73.982337,
        "time" : "20170206T223052-0500"
      }, {
        "lat" : 40.715699,
        "lon" : -73.97923,
        "time" : "20170206T223123-0500"
      }, {
        "lat" : 40.715166,
        "lon" : -73.977327,
        "time" : "20170206T223141-0500"
      }, {
        "lat" : 40.714252,
        "lon" : -73.974279,
        "time" : "20170206T223211-0500"
      }, {
        "lat" : 40.713909,
        "lon" : -73.973076,
        "time" : "20170206T223227-0500"
      }, {
        "lat" : 40.713496,
        "lon" : -73.97146,
        "time" : "20170206T223244-0500"
      }, {
        "lat" : 40.712337,
        "lon" : -73.967889,
        "time" : "20170206T223325-0500"
      }, {
        "lat" : 40.711978,
        "lon" : -73.966676,
        "time" : "20170206T223344-0500"
      }, {
        "lat" : 40.711247,
        "lon" : -73.964327,
        "time" : "20170206T223407-0500"
      }, {
        "lat" : 40.710512,
        "lon" : -73.961989,
        "time" : "20170206T223435-0500"
      }, {
        "lat" : 40.710214,
        "lon" : -73.961079,
        "time" : "20170206T223452-0500"
      }, {
        "lat" : 40.709763,
        "lon" : -73.960386,
        "time" : "20170206T223511-0500"
      }, {
        "lat" : 40.709384,
        "lon" : -73.959859,
        "time" : "20170206T223529-0500"
      }, {
        "lat" : 40.707495,
        "lon" : -73.955058,
        "time" : "20170206T223720-0500"
      }, {
        "lat" : 40.706802,
        "lon" : -73.953029,
        "time" : "20170206T223802-0500"
      }, {
        "lat" : 40.706259,
        "lon" : -73.95162,
        "time" : "20170206T223817-0500"
      }, {
        "lat" : 40.705119,
        "lon" : -73.949511,
        "time" : "20170206T223833-0500"
      }, {
        "lat" : 40.703797,
        "lon" : -73.94737,
        "time" : "20170206T223909-0500"
      }, {
        "lat" : 40.703183,
        "lon" : -73.94597,
        "time" : "20170206T223932-0500"
      }, {
        "lat" : 40.702237,
        "lon" : -73.944472,
        "time" : "20170206T223948-0500"
      }, {
        "lat" : 40.701205,
        "lon" : -73.94268,
        "time" : "20170206T224006-0500"
      }, {
        "lat" : 40.699219,
        "lon" : -73.939153,
        "time" : "20170206T224116-0500"
      }, {
        "lat" : 40.698565,
        "lon" : -73.938135,
        "time" : "20170206T224131-0500"
      }, {
        "lat" : 40.698158,
        "lon" : -73.937221,
        "time" : "20170206T224147-0500"
      }, {
        "lat" : 40.697381,
        "lon" : -73.935973,
        "time" : "20170206T224211-0500"
      }, {
        "lat" : 40.697132,
        "lon" : -73.9356,
        "time" : "20170206T224230-0500"
      } ]
    }, {
      "activity" : "walking",
      "group" : "walking",
      "manual" : false,
      "startTime" : "20170206T224230-0500",
      "endTime" : "20170206T224950-0500",
      "duration" : 440.0,
      "distance" : 440.0,
      "steps" : 651,
      "trackPoints" : [ {
        "lat" : 40.697132,
        "lon" : -73.9356,
        "time" : "20170206T224230-0500"
      }, {
        "lat" : 40.697104,
        "lon" : -73.935549,
        "time" : "20170206T224246-0500"
      }, {
        "lat" : 40.69705,
        "lon" : -73.935451,
        "time" : "20170206T224310-0500"
      }, {
        "lat" : 40.69707,
        "lon" : -73.93532,
        "time" : "20170206T224325-0500"
      }, {
        "lat" : 40.69709,
        "lon" : -73.934728,
        "time" : "20170206T224357-0500"
      }, {
        "lat" : 40.697134,
        "lon" : -73.934346,
        "time" : "20170206T224420-0500"
      }, {
        "lat" : 40.697166,
        "lon" : -73.934097,
        "time" : "20170206T224435-0500"
      }, {
        "lat" : 40.697167,
        "lon" : -73.933803,
        "time" : "20170206T224453-0500"
      }, {
        "lat" : 40.6971,
        "lon" : -73.933425,
        "time" : "20170206T224513-0500"
      }, {
        "lat" : 40.697141,
        "lon" : -73.933171,
        "time" : "20170206T224530-0500"
      }, {
        "lat" : 40.69719,
        "lon" : -73.932898,
        "time" : "20170206T224546-0500"
      }, {
        "lat" : 40.697276,
        "lon" : -73.932556,
        "time" : "20170206T224605-0500"
      }, {
        "lat" : 40.697112,
        "lon" : -73.931914,
        "time" : "20170206T224642-0500"
      }, {
        "lat" : 40.69688,
        "lon" : -73.931548,
        "time" : "20170206T224714-0500"
      }, {
        "lat" : 40.696694,
        "lon" : -73.931428,
        "time" : "20170206T224737-0500"
      }, {
        "lat" : 40.696603,
        "lon" : -73.931428,
        "time" : "20170206T224759-0500"
      }, {
        "lat" : 40.696627,
        "lon" : -73.931473,
        "time" : "20170206T224825-0500"
      }, {
        "lat" : 40.696658,
        "lon" : -73.931472,
        "time" : "20170206T224841-0500"
      }, {
        "lat" : 40.696672,
        "lon" : -73.9315,
        "time" : "20170206T224856-0500"
      }, {
        "lat" : 40.69673,
        "lon" : -73.931402,
        "time" : "20170206T224950-0500"
      } ]
    } ],
    "lastUpdate" : "20170207T035112Z"
  }, {
    "type" : "place",
    "startTime" : "20170206T224950-0500",
    "endTime" : "20170207T123719-0500",
    "place" : {
      "id" : 588636068,
      "type" : "unknown",
      "location" : {
        "lat" : 40.69673,
        "lon" : -73.931402
      }
    },
    "activities" : [ {
      "activity" : "walking",
      "group" : "walking",
      "manual" : false,
      "startTime" : "20170206T225423-0500",
      "endTime" : "20170206T225517-0500",
      "duration" : 54.0,
      "distance" : 41.0,
      "steps" : 82,
      "trackPoints" : [ ]
    }, {
      "activity" : "walking",
      "group" : "walking",
      "manual" : false,
      "startTime" : "20170206T230106-0500",
      "endTime" : "20170206T230151-0500",
      "duration" : 45.0,
      "distance" : 33.0,
      "steps" : 66,
      "trackPoints" : [ ]
    } ],
    "lastUpdate" : "20170207T194347Z"
  } ],
  "lastUpdate" : "20170207T194347Z"
} ]