[ {
  "date" : "20170204",
  "summary" : [ {
    "activity" : "walking",
    "group" : "walking",
    "duration" : 5020.0,
    "distance" : 4926.0,
    "steps" : 7472
  }, {
    "activity" : "transport",
    "group" : "transport",
    "duration" : 2428.0,
    "distance" : 10903.0
  } ],
  "segments" : [ {
    "type" : "place",
    "startTime" : "20170203T205301-0500",
    "endTime" : "20170204T095754-0500",
    "place" : {
      "id" : 588636068,
      "type" : "unknown",
      "location" : {
        "lat" : 40.69673,
        "lon" : -73.931402
      }
    },
    "activities" : [ {
      "activity" : "walking",
      "group" : "walking",
      "manual" : false,
      "startTime" : "20170204T080333-0500",
      "endTime" : "20170204T080350-0500",
      "duration" : 17.0,
      "distance" : 12.0,
      "steps" : 25,
      "trackPoints" : [ ]
    }, {
      "activity" : "walking",
      "group" : "walking",
      "manual" : false,
      "startTime" : "20170204T090807-0500",
      "endTime" : "20170204T090901-0500",
      "duration" : 54.0,
      "distance" : 27.0,
      "steps" : 55,
      "trackPoints" : [ ]
    } ],
    "lastUpdate" : "20170204T161258Z"
  }, {
    "type" : "move",
    "startTime" : "20170204T095754-0500",
    "endTime" : "20170204T103335-0500",
    "activities" : [ {
      "activity" : "walking",
      "group" : "walking",
      "manual" : false,
      "startTime" : "20170204T095754-0500",
      "endTime" : "20170204T100431-0500",
      "duration" : 397.0,
      "distance" : 413.0,
      "steps" : 699,
      "trackPoints" : [ {
        "lat" : 40.69673,
        "lon" : -73.931402,
        "time" : "20170204T095754-0500"
      }, {
        "lat" : 40.696863,
        "lon" : -73.931521,
        "time" : "20170204T095833-0500"
      }, {
        "lat" : 40.696924,
        "lon" : -73.93153,
        "time" : "20170204T095855-0500"
      }, {
        "lat" : 40.697087,
        "lon" : -73.931771,
        "time" : "20170204T095912-0500"
      }, {
        "lat" : 40.697261,
        "lon" : -73.932236,
        "time" : "20170204T095940-0500"
      }, {
        "lat" : 40.69734,
        "lon" : -73.932491,
        "time" : "20170204T095956-0500"
      }, {
        "lat" : 40.697325,
        "lon" : -73.932557,
        "time" : "20170204T095959-0500"
      }, {
        "lat" : 40.697325,
        "lon" : -73.932557,
        "time" : "20170204T100000-0500"
      }, {
        "lat" : 40.697206,
        "lon" : -73.933068,
        "time" : "20170204T100030-0500"
      }, {
        "lat" : 40.69712,
        "lon" : -73.933625,
        "time" : "20170204T100051-0500"
      }, {
        "lat" : 40.697138,
        "lon" : -73.933888,
        "time" : "20170204T100118-0500"
      }, {
        "lat" : 40.697079,
        "lon" : -73.934171,
        "time" : "20170204T100134-0500"
      }, {
        "lat" : 40.69709,
        "lon" : -73.935432,
        "time" : "20170204T100345-0500"
      }, {
        "lat" : 40.697089,
        "lon" : -73.935547,
        "time" : "20170204T100408-0500"
      }, {
        "lat" : 40.697054,
        "lon" : -73.935618,
        "time" : "20170204T100431-0500"
      } ]
    }, {
      "activity" : "transport",
      "group" : "transport",
      "manual" : false,
      "startTime" : "20170204T100431-0500",
      "endTime" : "20170204T102132-0500",
      "duration" : 1021.0,
      "distance" : 7054.0,
      "trackPoints" : [ {
        "lat" : 40.697054,
        "lon" : -73.935618,
        "time" : "20170204T100431-0500"
      }, {
        "lat" : 40.697098,
        "lon" : -73.935684,
        "time" : "20170204T100457-0500"
      }, {
        "lat" : 40.697179,
        "lon" : -73.935739,
        "time" : "20170204T100516-0500"
      }, {
        "lat" : 40.697241,
        "lon" : -73.93579,
        "time" : "20170204T100534-0500"
      }, {
        "lat" : 40.697376,
        "lon" : -73.935838,
        "time" : "20170204T100557-0500"
      }, {
        "lat" : 40.698213,
        "lon" : -73.937347,
        "time" : "20170204T100620-0500"
      }, {
        "lat" : 40.699579,
        "lon" : -73.939648,
        "time" : "20170204T100641-0500"
      }, {
        "lat" : 40.700263,
        "lon" : -73.941065,
        "time" : "20170204T100705-0500"
      }, {
        "lat" : 40.700677,
        "lon" : -73.94144,
        "time" : "20170204T100729-0500"
      }, {
        "lat" : 40.701285,
        "lon" : -73.942554,
        "time" : "20170204T100750-0500"
      }, {
        "lat" : 40.703538,
        "lon" : -73.946375,
        "time" : "20170204T100818-0500"
      }, {
        "lat" : 40.703868,
        "lon" : -73.947216,
        "time" : "20170204T100837-0500"
      }, {
        "lat" : 40.70401,
        "lon" : -73.947526,
        "time" : "20170204T100857-0500"
      }, {
        "lat" : 40.704788,
        "lon" : -73.948952,
        "time" : "20170204T100919-0500"
      }, {
        "lat" : 40.706687,
        "lon" : -73.952706,
        "time" : "20170204T100953-0500"
      }, {
        "lat" : 40.707009,
        "lon" : -73.953453,
        "time" : "20170204T101016-0500"
      }, {
        "lat" : 40.707559,
        "lon" : -73.955271,
        "time" : "20170204T101046-0500"
      }, {
        "lat" : 40.708295,
        "lon" : -73.957495,
        "time" : "20170204T101123-0500"
      }, {
        "lat" : 40.709098,
        "lon" : -73.959171,
        "time" : "20170204T101226-0500"
      }, {
        "lat" : 40.709735,
        "lon" : -73.960541,
        "time" : "20170204T101244-0500"
      }, {
        "lat" : 40.71209,
        "lon" : -73.967342,
        "time" : "20170204T101328-0500"
      }, {
        "lat" : 40.714974,
        "lon" : -73.976527,
        "time" : "20170204T101515-0500"
      }, {
        "lat" : 40.715341,
        "lon" : -73.978499,
        "time" : "20170204T101535-0500"
      }, {
        "lat" : 40.71582,
        "lon" : -73.979251,
        "time" : "20170204T101554-0500"
      }, {
        "lat" : 40.716384,
        "lon" : -73.981141,
        "time" : "20170204T101619-0500"
      }, {
        "lat" : 40.716863,
        "lon" : -73.982974,
        "time" : "20170204T101644-0500"
      }, {
        "lat" : 40.717233,
        "lon" : -73.984116,
        "time" : "20170204T101700-0500"
      }, {
        "lat" : 40.717456,
        "lon" : -73.984769,
        "time" : "20170204T101716-0500"
      }, {
        "lat" : 40.718424,
        "lon" : -73.98728,
        "time" : "20170204T101758-0500"
      }, {
        "lat" : 40.71854,
        "lon" : -73.987576,
        "time" : "20170204T101835-0500"
      }, {
        "lat" : 40.720156,
        "lon" : -73.992853,
        "time" : "20170204T101930-0500"
      }, {
        "lat" : 40.720308,
        "lon" : -73.993345,
        "time" : "20170204T101949-0500"
      }, {
        "lat" : 40.720315,
        "lon" : -73.993454,
        "time" : "20170204T102010-0500"
      }, {
        "lat" : 40.717939,
        "lon" : -74.000054,
        "time" : "20170204T102114-0500"
      }, {
        "lat" : 40.718162,
        "lon" : -74.000231,
        "time" : "20170204T102132-0500"
      } ]
    }, {
      "activity" : "walking",
      "group" : "walking",
      "manual" : false,
      "startTime" : "20170204T102132-0500",
      "endTime" : "20170204T102432-0500",
      "duration" : 180.0,
      "distance" : 169.0,
      "steps" : 338,
      "trackPoints" : [ {
        "lat" : 40.718162,
        "lon" : -74.000231,
        "time" : "20170204T102132-0500"
      }, {
        "lat" : 40.718102,
        "lon" : -74.000207,
        "time" : "20170204T102157-0500"
      }, {
        "lat" : 40.718112,
        "lon" : -74.000232,
        "time" : "20170204T102226-0500"
      }, {
        "lat" : 40.718163,
        "lon" : -74.000268,
        "time" : "20170204T102242-0500"
      }, {
        "lat" : 40.71828,
        "lon" : -74.000344,
        "time" : "20170204T102310-0500"
      }, {
        "lat" : 40.718342,
        "lon" : -74.00038,
        "time" : "20170204T102328-0500"
      }, {
        "lat" : 40.718392,
        "lon" : -74.000412,
        "time" : "20170204T102350-0500"
      }, {
        "lat" : 40.718425,
        "lon" : -74.000396,
        "time" : "20170204T102416-0500"
      }, {
        "lat" : 40.718439,
        "lon" : -74.000383,
        "time" : "20170204T102432-0500"
      } ]
    }, {
      "activity" : "transport",
      "group" : "transport",
      "manual" : false,
      "startTime" : "20170204T102432-0500",
      "endTime" : "20170204T103002-0500",
      "duration" : 330.0,
      "distance" : 1122.0,
      "trackPoints" : [ {
        "lat" : 40.718439,
        "lon" : -74.000383,
        "time" : "20170204T102432-0500"
      }, {
        "lat" : 40.718472,
        "lon" : -74.000359,
        "time" : "20170204T102454-0500"
      }, {
        "lat" : 40.718502,
        "lon" : -74.000337,
        "time" : "20170204T102518-0500"
      }, {
        "lat" : 40.718509,
        "lon" : -74.000332,
        "time" : "20170204T102537-0500"
      }, {
        "lat" : 40.718518,
        "lon" : -74.000325,
        "time" : "20170204T102607-0500"
      }, {
        "lat" : 40.718526,
        "lon" : -74.000319,
        "time" : "20170204T102627-0500"
      }, {
        "lat" : 40.718535,
        "lon" : -74.000312,
        "time" : "20170204T102644-0500"
      }, {
        "lat" : 40.718548,
        "lon" : -74.000302,
        "time" : "20170204T102704-0500"
      }, {
        "lat" : 40.722307,
        "lon" : -73.997065,
        "time" : "20170204T102758-0500"
      }, {
        "lat" : 40.722334,
        "lon" : -73.997049,
        "time" : "20170204T102818-0500"
      }, {
        "lat" : 40.722348,
        "lon" : -73.997037,
        "time" : "20170204T102847-0500"
      }, {
        "lat" : 40.725789,
        "lon" : -73.994727,
        "time" : "20170204T102923-0500"
      }, {
        "lat" : 40.726007,
        "lon" : -73.994695,
        "time" : "20170204T102944-0500"
      }, {
        "lat" : 40.726063,
        "lon" : -73.994717,
        "time" : "20170204T103003-0500"
      } ]
    }, {
      "activity" : "walking",
      "group" : "walking",
      "manual" : false,
      "startTime" : "20170204T103003-0500",
      "endTime" : "20170204T103335-0500",
      "duration" : 212.0,
      "distance" : 217.0,
      "steps" : 297,
      "trackPoints" : [ {
        "lat" : 40.726063,
        "lon" : -73.994717,
        "time" : "20170204T103003-0500"
      }, {
        "lat" : 40.726459,
        "lon" : -73.994841,
        "time" : "20170204T103028-0500"
      }, {
        "lat" : 40.726656,
        "lon" : -73.994283,
        "time" : "20170204T103054-0500"
      }, {
        "lat" : 40.726822,
        "lon" : -73.994573,
        "time" : "20170204T103115-0500"
      }, {
        "lat" : 40.726933,
        "lon" : -73.994834,
        "time" : "20170204T103132-0500"
      }, {
        "lat" : 40.727015,
        "lon" : -73.99505,
        "time" : "20170204T103149-0500"
      }, {
        "lat" : 40.727037,
        "lon" : -73.995218,
        "time" : "20170204T103221-0500"
      }, {
        "lat" : 40.727032,
        "lon" : -73.995177,
        "time" : "20170204T103241-0500"
      }, {
        "lat" : 40.726985,
        "lon" : -73.995107,
        "time" : "20170204T103319-0500"
      }, {
        "lat" : 40.727076,
        "lon" : -73.995237,
        "time" : "20170204T103335-0500"
      } ]
    } ],
    "lastUpdate" : "20170204T161258Z"
  }, {
    "type" : "place",
    "startTime" : "20170204T103335-0500",
    "endTime" : "20170204T114812-0500",
    "place" : {
      "id" : 589341243,
      "type" : "unknown",
      "location" : {
        "lat" : 40.727076,
        "lon" : -73.995237
      }
    },
    "activities" : [ {
      "activity" : "walking",
      "group" : "walking",
      "manual" : false,
      "startTime" : "20170204T114745-0500",
      "endTime" : "20170204T114751-0500",
      "duration" : 6.0,
      "distance" : 5.0,
      "steps" : 10,
      "trackPoints" : [ ]
    } ],
    "lastUpdate" : "20170204T174715Z"
  }, {
    "type" : "move",
    "startTime" : "20170204T114812-0500",
    "endTime" : "20170204T115451-0500",
    "activities" : [ {
      "activity" : "walking",
      "group" : "walking",
      "manual" : false,
      "startTime" : "20170204T114812-0500",
      "endTime" : "20170204T115450-0500",
      "duration" : 398.0,
      "distance" : 323.0,
      "steps" : 595,
      "trackPoints" : [ {
        "lat" : 40.727076,
        "lon" : -73.995237,
        "time" : "20170204T114812-0500"
      }, {
        "lat" : 40.72706,
        "lon" : -73.995131,
        "time" : "20170204T114833-0500"
      }, {
        "lat" : 40.727076,
        "lon" : -73.995185,
        "time" : "20170204T114856-0500"
      }, {
        "lat" : 40.727063,
        "lon" : -73.995248,
        "time" : "20170204T114912-0500"
      }, {
        "lat" : 40.727172,
        "lon" : -73.995136,
        "time" : "20170204T114936-0500"
      }, {
        "lat" : 40.727285,
        "lon" : -73.99503,
        "time" : "20170204T115000-0500"
      }, {
        "lat" : 40.727603,
        "lon" : -73.994319,
        "time" : "20170204T115050-0500"
      }, {
        "lat" : 40.727552,
        "lon" : -73.994036,
        "time" : "20170204T115111-0500"
      }, {
        "lat" : 40.727476,
        "lon" : -73.993771,
        "time" : "20170204T115128-0500"
      }, {
        "lat" : 40.727458,
        "lon" : -73.993581,
        "time" : "20170204T115143-0500"
      }, {
        "lat" : 40.727672,
        "lon" : -73.993446,
        "time" : "20170204T115203-0500"
      }, {
        "lat" : 40.727767,
        "lon" : -73.993349,
        "time" : "20170204T115220-0500"
      }, {
        "lat" : 40.727837,
        "lon" : -73.99329,
        "time" : "20170204T115236-0500"
      }, {
        "lat" : 40.727904,
        "lon" : -73.993247,
        "time" : "20170204T115300-0500"
      }, {
        "lat" : 40.727975,
        "lon" : -73.993155,
        "time" : "20170204T115321-0500"
      }, {
        "lat" : 40.728161,
        "lon" : -73.992983,
        "time" : "20170204T115351-0500"
      }, {
        "lat" : 40.728286,
        "lon" : -73.99289,
        "time" : "20170204T115406-0500"
      }, {
        "lat" : 40.728363,
        "lon" : -73.992836,
        "time" : "20170204T115424-0500"
      }, {
        "lat" : 40.72845,
        "lon" : -73.992815,
        "time" : "20170204T115451-0500"
      } ]
    } ],
    "lastUpdate" : "20170204T174715Z"
  }, {
    "type" : "place",
    "startTime" : "20170204T115451-0500",
    "endTime" : "20170204T123738-0500",
    "place" : {
      "id" : 589686275,
      "type" : "unknown",
      "location" : {
        "lat" : 40.72845,
        "lon" : -73.992815
      }
    },
    "activities" : [ {
      "activity" : "walking",
      "group" : "walking",
      "manual" : false,
      "startTime" : "20170204T115451-0500",
      "endTime" : "20170204T115521-0500",
      "duration" : 30.0,
      "distance" : 22.0,
      "steps" : 45,
      "trackPoints" : [ ]
    }, {
      "activity" : "walking",
      "group" : "walking",
      "manual" : false,
      "startTime" : "20170204T121847-0500",
      "endTime" : "20170204T121924-0500",
      "duration" : 37.0,
      "distance" : 27.0,
      "steps" : 54,
      "trackPoints" : [ ]
    } ],
    "lastUpdate" : "20170204T174715Z"
  }, {
    "type" : "move",
    "startTime" : "20170204T123739-0500",
    "endTime" : "20170204T124306-0500",
    "activities" : [ {
      "activity" : "walking",
      "group" : "walking",
      "manual" : false,
      "startTime" : "20170204T123739-0500",
      "endTime" : "20170204T124306-0500",
      "duration" : 327.0,
      "distance" : 217.0,
      "steps" : 385,
      "trackPoints" : [ {
        "lat" : 40.728327,
        "lon" : -73.992716,
        "time" : "20170204T123739-0500"
      }, {
        "lat" : 40.728345,
        "lon" : -73.992733,
        "time" : "20170204T123820-0500"
      }, {
        "lat" : 40.728365,
        "lon" : -73.992748,
        "time" : "20170204T123847-0500"
      }, {
        "lat" : 40.728385,
        "lon" : -73.992757,
        "time" : "20170204T123908-0500"
      }, {
        "lat" : 40.728377,
        "lon" : -73.992728,
        "time" : "20170204T123936-0500"
      }, {
        "lat" : 40.728328,
        "lon" : -73.992647,
        "time" : "20170204T123952-0500"
      }, {
        "lat" : 40.72821,
        "lon" : -73.992483,
        "time" : "20170204T124010-0500"
      }, {
        "lat" : 40.727943,
        "lon" : -73.993093,
        "time" : "20170204T124049-0500"
      }, {
        "lat" : 40.727856,
        "lon" : -73.993289,
        "time" : "20170204T124110-0500"
      }, {
        "lat" : 40.727682,
        "lon" : -73.993342,
        "time" : "20170204T124133-0500"
      }, {
        "lat" : 40.727598,
        "lon" : -73.993399,
        "time" : "20170204T124151-0500"
      }, {
        "lat" : 40.727537,
        "lon" : -73.993518,
        "time" : "20170204T124211-0500"
      }, {
        "lat" : 40.727424,
        "lon" : -73.993638,
        "time" : "20170204T124228-0500"
      }, {
        "lat" : 40.727256,
        "lon" : -73.993667,
        "time" : "20170204T124244-0500"
      }, {
        "lat" : 40.72727,
        "lon" : -73.993836,
        "time" : "20170204T124306-0500"
      } ]
    } ],
    "lastUpdate" : "20170204T191855Z"
  }, {
    "type" : "place",
    "startTime" : "20170204T124306-0500",
    "endTime" : "20170204T124830-0500",
    "place" : {
      "id" : 591246867,
      "type" : "unknown",
      "location" : {
        "lat" : 40.72727,
        "lon" : -73.993836
      }
    },
    "activities" : [ {
      "activity" : "walking",
      "group" : "walking",
      "manual" : false,
      "startTime" : "20170204T124306-0500",
      "endTime" : "20170204T124408-0500",
      "duration" : 62.0,
      "distance" : 47.0,
      "steps" : 94,
      "trackPoints" : [ ]
    } ],
    "lastUpdate" : "20170204T191855Z"
  }, {
    "type" : "move",
    "startTime" : "20170204T124831-0500",
    "endTime" : "20170204T125436-0500",
    "activities" : [ {
      "activity" : "walking",
      "group" : "walking",
      "manual" : false,
      "startTime" : "20170204T124831-0500",
      "endTime" : "20170204T125436-0500",
      "duration" : 365.0,
      "distance" : 382.0,
      "steps" : 536,
      "trackPoints" : [ {
        "lat" : 40.72727,
        "lon" : -73.993836,
        "time" : "20170204T124831-0500"
      }, {
        "lat" : 40.727203,
        "lon" : -73.993743,
        "time" : "20170204T124848-0500"
      }, {
        "lat" : 40.727464,
        "lon" : -73.993852,
        "time" : "20170204T124915-0500"
      }, {
        "lat" : 40.727721,
        "lon" : -73.994442,
        "time" : "20170204T124948-0500"
      }, {
        "lat" : 40.727886,
        "lon" : -73.99468,
        "time" : "20170204T125014-0500"
      }, {
        "lat" : 40.728073,
        "lon" : -73.994459,
        "time" : "20170204T125046-0500"
      }, {
        "lat" : 40.72832,
        "lon" : -73.994368,
        "time" : "20170204T125103-0500"
      }, {
        "lat" : 40.72861,
        "lon" : -73.994205,
        "time" : "20170204T125122-0500"
      }, {
        "lat" : 40.728839,
        "lon" : -73.994017,
        "time" : "20170204T125140-0500"
      }, {
        "lat" : 40.72905,
        "lon" : -73.993838,
        "time" : "20170204T125158-0500"
      }, {
        "lat" : 40.729366,
        "lon" : -73.993569,
        "time" : "20170204T125223-0500"
      }, {
        "lat" : 40.729507,
        "lon" : -73.993467,
        "time" : "20170204T125239-0500"
      }, {
        "lat" : 40.729616,
        "lon" : -73.993446,
        "time" : "20170204T125311-0500"
      }, {
        "lat" : 40.729603,
        "lon" : -73.993452,
        "time" : "20170204T125333-0500"
      }, {
        "lat" : 40.729625,
        "lon" : -73.993513,
        "time" : "20170204T125405-0500"
      }, {
        "lat" : 40.729663,
        "lon" : -73.993393,
        "time" : "20170204T125436-0500"
      } ]
    } ],
    "lastUpdate" : "20170204T191855Z"
  }, {
    "type" : "place",
    "startTime" : "20170204T125436-0500",
    "endTime" : "20170204T171412-0500",
    "place" : {
      "id" : 591335519,
      "type" : "unknown",
      "location" : {
        "lat" : 40.729637,
        "lon" : -73.993792
      }
    },
    "activities" : [ {
      "activity" : "walking",
      "group" : "walking",
      "manual" : false,
      "startTime" : "20170204T125436-0500",
      "endTime" : "20170204T125440-0500",
      "duration" : 4.0,
      "distance" : 3.0,
      "steps" : 6,
      "trackPoints" : [ ]
    }, {
      "activity" : "walking",
      "group" : "walking",
      "manual" : false,
      "startTime" : "20170204T141721-0500",
      "endTime" : "20170204T142332-0500",
      "duration" : 371.0,
      "distance" : 419.0,
      "steps" : 559,
      "trackPoints" : [ ]
    }, {
      "activity" : "walking",
      "group" : "walking",
      "manual" : false,
      "startTime" : "20170204T153516-0500",
      "endTime" : "20170204T153904-0500",
      "duration" : 228.0,
      "distance" : 204.0,
      "steps" : 273,
      "trackPoints" : [ ]
    }, {
      "activity" : "walking",
      "group" : "walking",
      "manual" : false,
      "startTime" : "20170204T162024-0500",
      "endTime" : "20170204T162312-0500",
      "duration" : 168.0,
      "distance" : 185.0,
      "steps" : 247,
      "trackPoints" : [ ]
    }, {
      "activity" : "walking",
      "group" : "walking",
      "manual" : false,
      "startTime" : "20170204T170019-0500",
      "endTime" : "20170204T170129-0500",
      "duration" : 70.0,
      "distance" : 50.0,
      "steps" : 101,
      "trackPoints" : [ ]
    } ],
    "lastUpdate" : "20170204T222239Z"
  }, {
    "type" : "move",
    "startTime" : "20170204T171412-0500",
    "endTime" : "20170204T172022-0500",
    "activities" : [ {
      "activity" : "walking",
      "group" : "walking",
      "manual" : false,
      "startTime" : "20170204T171412-0500",
      "endTime" : "20170204T172022-0500",
      "duration" : 370.0,
      "distance" : 446.0,
      "steps" : 577,
      "trackPoints" : [ {
        "lat" : 40.729637,
        "lon" : -73.993792,
        "time" : "20170204T171412-0500"
      }, {
        "lat" : 40.729312,
        "lon" : -73.993605,
        "time" : "20170204T171436-0500"
      }, {
        "lat" : 40.728963,
        "lon" : -73.993931,
        "time" : "20170204T171512-0500"
      }, {
        "lat" : 40.728715,
        "lon" : -73.994227,
        "time" : "20170204T171538-0500"
      }, {
        "lat" : 40.728736,
        "lon" : -73.994667,
        "time" : "20170204T171603-0500"
      }, {
        "lat" : 40.728934,
        "lon" : -73.994925,
        "time" : "20170204T171626-0500"
      }, {
        "lat" : 40.72902,
        "lon" : -73.995522,
        "time" : "20170204T171654-0500"
      }, {
        "lat" : 40.729301,
        "lon" : -73.995974,
        "time" : "20170204T171714-0500"
      }, {
        "lat" : 40.729292,
        "lon" : -73.996302,
        "time" : "20170204T171739-0500"
      }, {
        "lat" : 40.729674,
        "lon" : -73.99677,
        "time" : "20170204T171838-0500"
      }, {
        "lat" : 40.729764,
        "lon" : -73.996901,
        "time" : "20170204T171920-0500"
      }, {
        "lat" : 40.729762,
        "lon" : -73.996972,
        "time" : "20170204T171944-0500"
      }, {
        "lat" : 40.729688,
        "lon" : -73.997096,
        "time" : "20170204T172004-0500"
      }, {
        "lat" : 40.729593,
        "lon" : -73.997237,
        "time" : "20170204T172022-0500"
      } ]
    } ],
    "lastUpdate" : "20170204T222239Z"
  }, {
    "type" : "place",
    "startTime" : "20170204T172022-0500",
    "endTime" : "20170204T211256-0500",
    "place" : {
      "id" : 591371837,
      "type" : "unknown",
      "location" : {
        "lat" : 40.729593,
        "lon" : -73.997237
      }
    },
    "activities" : [ {
      "activity" : "walking",
      "group" : "walking",
      "manual" : false,
      "startTime" : "20170204T172022-0500",
      "endTime" : "20170204T172029-0500",
      "duration" : 7.0,
      "distance" : 5.0,
      "steps" : 10,
      "trackPoints" : [ ]
    }, {
      "activity" : "walking",
      "group" : "walking",
      "manual" : false,
      "startTime" : "20170204T204748-0500",
      "endTime" : "20170204T204933-0500",
      "duration" : 105.0,
      "distance" : 76.0,
      "steps" : 152,
      "trackPoints" : [ ]
    } ],
    "lastUpdate" : "20170205T030207Z"
  }, {
    "type" : "move",
    "startTime" : "20170204T211256-0500",
    "endTime" : "20170204T211715-0500",
    "activities" : [ {
      "activity" : "walking",
      "group" : "walking",
      "manual" : false,
      "startTime" : "20170204T211256-0500",
      "endTime" : "20170204T211715-0500",
      "duration" : 259.0,
      "distance" : 283.0,
      "steps" : 408,
      "trackPoints" : [ {
        "lat" : 40.729593,
        "lon" : -73.997237,
        "time" : "20170204T211256-0500"
      }, {
        "lat" : 40.729643,
        "lon" : -73.997201,
        "time" : "20170204T211322-0500"
      }, {
        "lat" : 40.729804,
        "lon" : -73.99703,
        "time" : "20170204T211346-0500"
      }, {
        "lat" : 40.730042,
        "lon" : -73.997028,
        "time" : "20170204T211427-0500"
      }, {
        "lat" : 40.730329,
        "lon" : -73.997156,
        "time" : "20170204T211450-0500"
      }, {
        "lat" : 40.730426,
        "lon" : -73.997456,
        "time" : "20170204T211518-0500"
      }, {
        "lat" : 40.730291,
        "lon" : -73.997713,
        "time" : "20170204T211544-0500"
      }, {
        "lat" : 40.729816,
        "lon" : -73.998371,
        "time" : "20170204T211630-0500"
      }, {
        "lat" : 40.729626,
        "lon" : -73.998577,
        "time" : "20170204T211658-0500"
      }, {
        "lat" : 40.729459,
        "lon" : -73.998702,
        "time" : "20170204T211715-0500"
      } ]
    } ],
    "lastUpdate" : "20170205T030207Z"
  }, {
    "type" : "place",
    "startTime" : "20170204T211715-0500",
    "endTime" : "20170204T213226-0500",
    "place" : {
      "id" : 591460123,
      "type" : "unknown",
      "location" : {
        "lat" : 40.729459,
        "lon" : -73.998702
      }
    },
    "activities" : [ {
      "activity" : "walking",
      "group" : "walking",
      "manual" : false,
      "startTime" : "20170204T211715-0500",
      "endTime" : "20170204T211739-0500",
      "duration" : 24.0,
      "distance" : 18.0,
      "steps" : 36,
      "trackPoints" : [ ]
    } ],
    "lastUpdate" : "20170205T030207Z"
  }, {
    "type" : "move",
    "startTime" : "20170204T213226-0500",
    "endTime" : "20170204T213644-0500",
    "activities" : [ {
      "activity" : "walking",
      "group" : "walking",
      "manual" : false,
      "startTime" : "20170204T213226-0500",
      "endTime" : "20170204T213644-0500",
      "duration" : 258.0,
      "distance" : 288.0,
      "steps" : 352,
      "trackPoints" : [ {
        "lat" : 40.729459,
        "lon" : -73.998702,
        "time" : "20170204T213226-0500"
      }, {
        "lat" : 40.729573,
        "lon" : -73.998641,
        "time" : "20170204T213249-0500"
      }, {
        "lat" : 40.729695,
        "lon" : -73.998505,
        "time" : "20170204T213312-0500"
      }, {
        "lat" : 40.730059,
        "lon" : -73.998145,
        "time" : "20170204T213347-0500"
      }, {
        "lat" : 40.730242,
        "lon" : -73.997923,
        "time" : "20170204T213403-0500"
      }, {
        "lat" : 40.73033,
        "lon" : -73.997653,
        "time" : "20170204T213424-0500"
      }, {
        "lat" : 40.730183,
        "lon" : -73.997487,
        "time" : "20170204T213444-0500"
      }, {
        "lat" : 40.729938,
        "lon" : -73.9971,
        "time" : "20170204T213508-0500"
      }, {
        "lat" : 40.730022,
        "lon" : -73.996872,
        "time" : "20170204T213525-0500"
      }, {
        "lat" : 40.729911,
        "lon" : -73.996912,
        "time" : "20170204T213546-0500"
      }, {
        "lat" : 40.729747,
        "lon" : -73.997044,
        "time" : "20170204T213621-0500"
      }, {
        "lat" : 40.729593,
        "lon" : -73.997237,
        "time" : "20170204T213644-0500"
      } ]
    } ],
    "lastUpdate" : "20170205T030207Z"
  }, {
    "type" : "place",
    "startTime" : "20170204T213644-0500",
    "endTime" : "20170204T232636-0500",
    "place" : {
      "id" : 591510094,
      "type" : "unknown",
      "location" : {
        "lat" : 40.729632,
        "lon" : -73.996817
      }
    },
    "activities" : [ {
      "activity" : "walking",
      "group" : "walking",
      "manual" : false,
      "startTime" : "20170204T213644-0500",
      "endTime" : "20170204T213841-0500",
      "duration" : 117.0,
      "distance" : 87.0,
      "steps" : 175,
      "trackPoints" : [ ]
    }, {
      "activity" : "walking",
      "group" : "walking",
      "manual" : false,
      "startTime" : "20170204T220000-0500",
      "endTime" : "20170204T220418-0500",
      "duration" : 258.0,
      "distance" : 237.0,
      "steps" : 316,
      "trackPoints" : [ ]
    }, {
      "activity" : "walking",
      "group" : "walking",
      "manual" : false,
      "startTime" : "20170204T230554-0500",
      "endTime" : "20170204T231046-0500",
      "duration" : 292.0,
      "distance" : 322.0,
      "steps" : 430,
      "trackPoints" : [ ]
    } ],
    "lastUpdate" : "20170205T060512Z"
  }, {
    "type" : "move",
    "startTime" : "20170204T232636-0500",
    "endTime" : "20170204T233202-0500",
    "activities" : [ {
      "activity" : "walking",
      "group" : "walking",
      "manual" : false,
      "startTime" : "20170204T232636-0500",
      "endTime" : "20170204T233201-0500",
      "duration" : 325.0,
      "distance" : 383.0,
      "steps" : 578,
      "trackPoints" : [ {
        "lat" : 40.729632,
        "lon" : -73.996817,
        "time" : "20170204T232636-0500"
      }, {
        "lat" : 40.729414,
        "lon" : -73.996319,
        "time" : "20170204T232745-0500"
      }, {
        "lat" : 40.729103,
        "lon" : -73.995905,
        "time" : "20170204T232806-0500"
      }, {
        "lat" : 40.728858,
        "lon" : -73.99555,
        "time" : "20170204T232827-0500"
      }, {
        "lat" : 40.728836,
        "lon" : -73.99549,
        "time" : "20170204T232844-0500"
      }, {
        "lat" : 40.728754,
        "lon" : -73.99525,
        "time" : "20170204T232908-0500"
      }, {
        "lat" : 40.728779,
        "lon" : -73.994998,
        "time" : "20170204T232929-0500"
      }, {
        "lat" : 40.729207,
        "lon" : -73.994495,
        "time" : "20170204T233008-0500"
      }, {
        "lat" : 40.729283,
        "lon" : -73.994213,
        "time" : "20170204T233027-0500"
      }, {
        "lat" : 40.729556,
        "lon" : -73.993616,
        "time" : "20170204T233116-0500"
      }, {
        "lat" : 40.729645,
        "lon" : -73.993493,
        "time" : "20170204T233144-0500"
      }, {
        "lat" : 40.729663,
        "lon" : -73.993393,
        "time" : "20170204T233202-0500"
      } ]
    } ],
    "lastUpdate" : "20170205T060512Z"
  }, {
    "type" : "place",
    "startTime" : "20170204T233202-0500",
    "endTime" : "20170204T234202-0500",
    "place" : {
      "id" : 588615003,
      "type" : "unknown",
      "location" : {
        "lat" : 40.729663,
        "lon" : -73.993393
      }
    },
    "activities" : [ {
      "activity" : "walking",
      "group" : "walking",
      "manual" : false,
      "startTime" : "20170204T233202-0500",
      "endTime" : "20170204T233321-0500",
      "duration" : 79.0,
      "distance" : 59.0,
      "steps" : 119,
      "trackPoints" : [ ]
    } ],
    "lastUpdate" : "20170205T060512Z"
  }, {
    "type" : "move",
    "startTime" : "20170204T234202-0500",
    "endTime" : "20170205T001247-0500",
    "activities" : [ {
      "activity" : "transport",
      "group" : "transport",
      "manual" : false,
      "startTime" : "20170204T234202-0500",
      "endTime" : "20170204T235959-0500",
      "duration" : 1077.0,
      "distance" : 2727.0,
      "trackPoints" : [ {
        "lat" : 40.729663,
        "lon" : -73.993393,
        "time" : "20170204T234202-0500"
      }, {
        "lat" : 40.729295,
        "lon" : -73.993232,
        "time" : "20170204T234219-0500"
      }, {
        "lat" : 40.729138,
        "lon" : -73.993375,
        "time" : "20170204T234237-0500"
      }, {
        "lat" : 40.72867,
        "lon" : -73.993792,
        "time" : "20170204T234257-0500"
      }, {
        "lat" : 40.728437,
        "lon" : -73.994074,
        "time" : "20170204T234313-0500"
      }, {
        "lat" : 40.726493,
        "lon" : -73.995978,
        "time" : "20170204T234402-0500"
      }, {
        "lat" : 40.724519,
        "lon" : -73.994235,
        "time" : "20170204T234525-0500"
      }, {
        "lat" : 40.724088,
        "lon" : -73.994338,
        "time" : "20170204T234545-0500"
      }, {
        "lat" : 40.724075,
        "lon" : -73.994339,
        "time" : "20170204T234604-0500"
      }, {
        "lat" : 40.724067,
        "lon" : -73.994341,
        "time" : "20170204T234620-0500"
      }, {
        "lat" : 40.724035,
        "lon" : -73.994359,
        "time" : "20170204T234649-0500"
      }, {
        "lat" : 40.723535,
        "lon" : -73.994683,
        "time" : "20170204T234706-0500"
      }, {
        "lat" : 40.723486,
        "lon" : -73.994704,
        "time" : "20170204T234722-0500"
      }, {
        "lat" : 40.723471,
        "lon" : -73.99471,
        "time" : "20170204T234746-0500"
      }, {
        "lat" : 40.723278,
        "lon" : -73.994792,
        "time" : "20170204T234804-0500"
      }, {
        "lat" : 40.723215,
        "lon" : -73.994819,
        "time" : "20170204T234824-0500"
      }, {
        "lat" : 40.723183,
        "lon" : -73.994832,
        "time" : "20170204T234842-0500"
      }, {
        "lat" : 40.723161,
        "lon" : -73.994842,
        "time" : "20170204T234902-0500"
      }, {
        "lat" : 40.722819,
        "lon" : -73.995004,
        "time" : "20170204T234921-0500"
      }, {
        "lat" : 40.722703,
        "lon" : -73.995042,
        "time" : "20170204T234937-0500"
      }, {
        "lat" : 40.722628,
        "lon" : -73.995053,
        "time" : "20170204T234954-0500"
      }, {
        "lat" : 40.72222,
        "lon" : -73.995183,
        "time" : "20170204T235010-0500"
      }, {
        "lat" : 40.722116,
        "lon" : -73.995239,
        "time" : "20170204T235033-0500"
      }, {
        "lat" : 40.722016,
        "lon" : -73.995283,
        "time" : "20170204T235102-0500"
      }, {
        "lat" : 40.721744,
        "lon" : -73.995338,
        "time" : "20170204T235118-0500"
      }, {
        "lat" : 40.721318,
        "lon" : -73.995562,
        "time" : "20170204T235136-0500"
      }, {
        "lat" : 40.720809,
        "lon" : -73.995727,
        "time" : "20170204T235153-0500"
      }, {
        "lat" : 40.720718,
        "lon" : -73.995231,
        "time" : "20170204T235216-0500"
      }, {
        "lat" : 40.720677,
        "lon" : -73.995109,
        "time" : "20170204T235233-0500"
      }, {
        "lat" : 40.720648,
        "lon" : -73.995032,
        "time" : "20170204T235249-0500"
      }, {
        "lat" : 40.720529,
        "lon" : -73.994677,
        "time" : "20170204T235319-0500"
      }, {
        "lat" : 40.720484,
        "lon" : -73.994553,
        "time" : "20170204T235336-0500"
      }, {
        "lat" : 40.720444,
        "lon" : -73.994446,
        "time" : "20170204T235354-0500"
      }, {
        "lat" : 40.720405,
        "lon" : -73.994347,
        "time" : "20170204T235412-0500"
      }, {
        "lat" : 40.72036,
        "lon" : -73.994241,
        "time" : "20170204T235431-0500"
      }, {
        "lat" : 40.7203,
        "lon" : -73.994114,
        "time" : "20170204T235449-0500"
      }, {
        "lat" : 40.72011,
        "lon" : -73.993598,
        "time" : "20170204T235511-0500"
      }, {
        "lat" : 40.72008,
        "lon" : -73.993501,
        "time" : "20170204T235532-0500"
      }, {
        "lat" : 40.72003,
        "lon" : -73.993349,
        "time" : "20170204T235551-0500"
      }, {
        "lat" : 40.720019,
        "lon" : -73.993314,
        "time" : "20170204T235608-0500"
      }, {
        "lat" : 40.71986,
        "lon" : -73.992808,
        "time" : "20170204T235626-0500"
      }, {
        "lat" : 40.719449,
        "lon" : -73.991469,
        "time" : "20170204T235647-0500"
      }, {
        "lat" : 40.719085,
        "lon" : -73.990285,
        "time" : "20170204T235718-0500"
      }, {
        "lat" : 40.718498,
        "lon" : -73.988389,
        "time" : "20170204T235734-0500"
      }, {
        "lat" : 40.717963,
        "lon" : -73.986756,
        "time" : "20170204T235800-0500"
      }, {
        "lat" : 40.717949,
        "lon" : -73.986716,
        "time" : "20170204T235830-0500"
      }, {
        "lat" : 40.717627,
        "lon" : -73.985827,
        "time" : "20170204T235924-0500"
      }, {
        "lat" : 40.716807,
        "lon" : -73.983205,
        "time" : "20170204T235941-0500"
      }, {
        "lat" : 40.715913,
        "lon" : -73.98019,
        "time" : "20170204T235957-0500"
      }, {
        "lat" : 40.715748,
        "lon" : -73.979613,
        "time" : "20170204T235959-0500"
      } ]
    } ],
    "lastUpdate" : "20170205T060512Z"
  } ],
  "lastUpdate" : "20170205T060512Z"
} ]