[ {
  "date" : "20170209",
  "summary" : [ {
    "activity" : "walking",
    "group" : "walking",
    "duration" : 1306.0,
    "distance" : 1084.0,
    "steps" : 1720
  } ],
  "segments" : [ {
    "type" : "place",
    "startTime" : "20170208T234222-0500",
    "endTime" : "20170209T184505-0500",
    "place" : {
      "id" : 588636068,
      "type" : "unknown",
      "location" : {
        "lat" : 40.69673,
        "lon" : -73.931402
      }
    },
    "activities" : [ {
      "activity" : "walking",
      "group" : "walking",
      "manual" : false,
      "startTime" : "20170209T000727-0500",
      "endTime" : "20170209T000829-0500",
      "duration" : 62.0,
      "distance" : 31.0,
      "steps" : 0,
      "trackPoints" : [ ]
    }, {
      "activity" : "walking",
      "group" : "walking",
      "manual" : false,
      "startTime" : "20170209T103559-0500",
      "endTime" : "20170209T103652-0500",
      "duration" : 53.0,
      "distance" : 26.0,
      "steps" : 41,
      "trackPoints" : [ ]
    }, {
      "activity" : "walking",
      "group" : "walking",
      "manual" : false,
      "startTime" : "20170209T110010-0500",
      "endTime" : "20170209T110034-0500",
      "duration" : 24.0,
      "distance" : 18.0,
      "steps" : 36,
      "trackPoints" : [ ]
    }, {
      "activity" : "walking",
      "group" : "walking",
      "manual" : false,
      "startTime" : "20170209T123142-0500",
      "endTime" : "20170209T123217-0500",
      "duration" : 35.0,
      "distance" : 17.0,
      "steps" : 20,
      "trackPoints" : [ ]
    }, {
      "activity" : "walking",
      "group" : "walking",
      "manual" : false,
      "startTime" : "20170209T152856-0500",
      "endTime" : "20170209T152909-0500",
      "duration" : 13.0,
      "distance" : 9.0,
      "steps" : 18,
      "trackPoints" : [ ]
    }, {
      "activity" : "walking",
      "group" : "walking",
      "manual" : false,
      "startTime" : "20170209T183600-0500",
      "endTime" : "20170209T183620-0500",
      "duration" : 20.0,
      "distance" : 14.0,
      "steps" : 29,
      "trackPoints" : [ ]
    } ],
    "lastUpdate" : "20170210T001132Z"
  }, {
    "type" : "move",
    "startTime" : "20170209T184505-0500",
    "endTime" : "20170209T184928-0500",
    "activities" : [ {
      "activity" : "walking",
      "group" : "walking",
      "manual" : false,
      "startTime" : "20170209T184505-0500",
      "endTime" : "20170209T184927-0500",
      "duration" : 262.0,
      "distance" : 376.0,
      "steps" : 448,
      "trackPoints" : [ {
        "lat" : 40.69673,
        "lon" : -73.931402,
        "time" : "20170209T184505-0500"
      }, {
        "lat" : 40.696764,
        "lon" : -73.931379,
        "time" : "20170209T184531-0500"
      }, {
        "lat" : 40.696767,
        "lon" : -73.93135,
        "time" : "20170209T184554-0500"
      }, {
        "lat" : 40.696864,
        "lon" : -73.931228,
        "time" : "20170209T184611-0500"
      }, {
        "lat" : 40.69701,
        "lon" : -73.931519,
        "time" : "20170209T184626-0500"
      }, {
        "lat" : 40.697153,
        "lon" : -73.931842,
        "time" : "20170209T184644-0500"
      }, {
        "lat" : 40.69724,
        "lon" : -73.932105,
        "time" : "20170209T184702-0500"
      }, {
        "lat" : 40.697311,
        "lon" : -73.932578,
        "time" : "20170209T184735-0500"
      }, {
        "lat" : 40.697304,
        "lon" : -73.932873,
        "time" : "20170209T184750-0500"
      }, {
        "lat" : 40.697215,
        "lon" : -73.933415,
        "time" : "20170209T184813-0500"
      }, {
        "lat" : 40.697159,
        "lon" : -73.9338,
        "time" : "20170209T184830-0500"
      }, {
        "lat" : 40.697076,
        "lon" : -73.934602,
        "time" : "20170209T184908-0500"
      }, {
        "lat" : 40.696862,
        "lon" : -73.934981,
        "time" : "20170209T184928-0500"
      } ]
    } ],
    "lastUpdate" : "20170210T001132Z"
  }, {
    "type" : "place",
    "startTime" : "20170209T184928-0500",
    "endTime" : "20170209T190014-0500",
    "place" : {
      "id" : 591534591,
      "type" : "unknown",
      "location" : {
        "lat" : 40.696862,
        "lon" : -73.934981
      }
    },
    "activities" : [ {
      "activity" : "walking",
      "group" : "walking",
      "manual" : false,
      "startTime" : "20170209T184928-0500",
      "endTime" : "20170209T185021-0500",
      "duration" : 53.0,
      "distance" : 40.0,
      "steps" : 80,
      "trackPoints" : [ ]
    } ],
    "lastUpdate" : "20170210T001132Z"
  }, {
    "type" : "place",
    "startTime" : "20170209T190014-0500",
    "endTime" : "20170209T190144-0500",
    "place" : {
      "id" : 591534591,
      "type" : "unknown",
      "location" : {
        "lat" : 40.696862,
        "lon" : -73.934981
      }
    },
    "activities" : [ {
      "activity" : "walking",
      "group" : "walking",
      "manual" : false,
      "startTime" : "20170209T190014-0500",
      "endTime" : "20170209T190029-0500",
      "duration" : 15.0,
      "distance" : 12.0,
      "steps" : 24,
      "trackPoints" : [ ]
    } ],
    "lastUpdate" : "20170210T014138Z"
  }, {
    "type" : "move",
    "startTime" : "20170209T190144-0500",
    "endTime" : "20170209T190601-0500",
    "activities" : [ {
      "activity" : "walking",
      "group" : "walking",
      "manual" : false,
      "startTime" : "20170209T190144-0500",
      "endTime" : "20170209T190601-0500",
      "duration" : 257.0,
      "distance" : 222.0,
      "steps" : 385,
      "trackPoints" : [ {
        "lat" : 40.696862,
        "lon" : -73.934981,
        "time" : "20170209T190144-0500"
      }, {
        "lat" : 40.696578,
        "lon" : -73.934519,
        "time" : "20170209T190309-0500"
      }, {
        "lat" : 40.696476,
        "lon" : -73.934292,
        "time" : "20170209T190333-0500"
      }, {
        "lat" : 40.69638,
        "lon" : -73.933981,
        "time" : "20170209T190353-0500"
      }, {
        "lat" : 40.696333,
        "lon" : -73.933936,
        "time" : "20170209T190414-0500"
      }, {
        "lat" : 40.69617,
        "lon" : -73.93368,
        "time" : "20170209T190439-0500"
      }, {
        "lat" : 40.695962,
        "lon" : -73.933397,
        "time" : "20170209T190503-0500"
      }, {
        "lat" : 40.69586,
        "lon" : -73.933223,
        "time" : "20170209T190538-0500"
      }, {
        "lat" : 40.695954,
        "lon" : -73.933499,
        "time" : "20170209T190601-0500"
      } ]
    } ],
    "lastUpdate" : "20170210T014138Z"
  }, {
    "type" : "place",
    "startTime" : "20170209T190601-0500",
    "endTime" : "20170209T193053-0500",
    "place" : {
      "id" : 593603937,
      "type" : "unknown",
      "location" : {
        "lat" : 40.695954,
        "lon" : -73.933499
      }
    },
    "activities" : [ {
      "activity" : "walking",
      "group" : "walking",
      "manual" : false,
      "startTime" : "20170209T190601-0500",
      "endTime" : "20170209T190634-0500",
      "duration" : 33.0,
      "distance" : 25.0,
      "steps" : 50,
      "trackPoints" : [ ]
    } ],
    "lastUpdate" : "20170210T014138Z"
  }, {
    "type" : "move",
    "startTime" : "20170209T193053-0500",
    "endTime" : "20170209T193823-0500",
    "activities" : [ {
      "activity" : "walking",
      "group" : "walking",
      "manual" : false,
      "startTime" : "20170209T193053-0500",
      "endTime" : "20170209T193823-0500",
      "duration" : 450.0,
      "distance" : 273.0,
      "steps" : 546,
      "trackPoints" : [ {
        "lat" : 40.695954,
        "lon" : -73.933499,
        "time" : "20170209T193053-0500"
      }, {
        "lat" : 40.695703,
        "lon" : -73.932831,
        "time" : "20170209T193116-0500"
      }, {
        "lat" : 40.695687,
        "lon" : -73.932476,
        "time" : "20170209T193140-0500"
      }, {
        "lat" : 40.695859,
        "lon" : -73.932074,
        "time" : "20170209T193203-0500"
      }, {
        "lat" : 40.696015,
        "lon" : -73.931892,
        "time" : "20170209T193226-0500"
      }, {
        "lat" : 40.696347,
        "lon" : -73.931571,
        "time" : "20170209T193304-0500"
      }, {
        "lat" : 40.696427,
        "lon" : -73.931504,
        "time" : "20170209T193323-0500"
      }, {
        "lat" : 40.696506,
        "lon" : -73.931463,
        "time" : "20170209T193349-0500"
      }, {
        "lat" : 40.696554,
        "lon" : -73.931457,
        "time" : "20170209T193410-0500"
      }, {
        "lat" : 40.696564,
        "lon" : -73.931466,
        "time" : "20170209T193425-0500"
      }, {
        "lat" : 40.69661,
        "lon" : -73.931487,
        "time" : "20170209T193448-0500"
      }, {
        "lat" : 40.696654,
        "lon" : -73.931469,
        "time" : "20170209T193508-0500"
      }, {
        "lat" : 40.696662,
        "lon" : -73.931488,
        "time" : "20170209T193543-0500"
      }, {
        "lat" : 40.696689,
        "lon" : -73.931478,
        "time" : "20170209T193601-0500"
      }, {
        "lat" : 40.696726,
        "lon" : -73.93144,
        "time" : "20170209T193625-0500"
      }, {
        "lat" : 40.696733,
        "lon" : -73.931437,
        "time" : "20170209T193648-0500"
      }, {
        "lat" : 40.696745,
        "lon" : -73.931438,
        "time" : "20170209T193710-0500"
      }, {
        "lat" : 40.69673,
        "lon" : -73.931402,
        "time" : "20170209T193823-0500"
      } ]
    } ],
    "lastUpdate" : "20170210T014138Z"
  }, {
    "type" : "place",
    "startTime" : "20170209T193824-0500",
    "endTime" : "20170210T100510-0500",
    "place" : {
      "id" : 588636068,
      "type" : "unknown",
      "location" : {
        "lat" : 40.69673,
        "lon" : -73.931402
      }
    },
    "activities" : [ {
      "activity" : "walking",
      "group" : "walking",
      "manual" : false,
      "startTime" : "20170209T195220-0500",
      "endTime" : "20170209T195236-0500",
      "duration" : 16.0,
      "distance" : 12.0,
      "steps" : 25,
      "trackPoints" : [ ]
    }, {
      "activity" : "walking",
      "group" : "walking",
      "manual" : false,
      "startTime" : "20170209T202703-0500",
      "endTime" : "20170209T202716-0500",
      "duration" : 13.0,
      "distance" : 9.0,
      "steps" : 18,
      "trackPoints" : [ ]
    } ],
    "lastUpdate" : "20170210T164036Z"
  } ],
  "lastUpdate" : "20170210T164036Z"
} ]