[ {
  "date" : "20170211",
  "summary" : [ {
    "activity" : "walking",
    "group" : "walking",
    "duration" : 2957.0,
    "distance" : 2808.0,
    "steps" : 4081
  }, {
    "activity" : "transport",
    "group" : "transport",
    "duration" : 5822.0,
    "distance" : 20639.0
  } ],
  "segments" : [ {
    "type" : "place",
    "startTime" : "20170210T184237-0500",
    "endTime" : "20170211T004704-0500",
    "place" : {
      "id" : 589420623,
      "type" : "unknown",
      "location" : {
        "lat" : 40.729922,
        "lon" : -73.99704
      }
    },
    "activities" : [ {
      "activity" : "walking",
      "group" : "walking",
      "manual" : false,
      "startTime" : "20170211T004435-0500",
      "endTime" : "20170211T004520-0500",
      "duration" : 45.0,
      "distance" : 22.0,
      "steps" : 42,
      "trackPoints" : [ ]
    } ],
    "lastUpdate" : "20170211T063539Z"
  }, {
    "type" : "move",
    "startTime" : "20170211T004704-0500",
    "endTime" : "20170211T005421-0500",
    "activities" : [ {
      "activity" : "walking",
      "group" : "walking",
      "manual" : false,
      "startTime" : "20170211T004704-0500",
      "endTime" : "20170211T005421-0500",
      "duration" : 437.0,
      "distance" : 475.0,
      "steps" : 627,
      "trackPoints" : [ {
        "lat" : 40.729922,
        "lon" : -73.99704,
        "time" : "20170211T004704-0500"
      }, {
        "lat" : 40.729855,
        "lon" : -73.996927,
        "time" : "20170211T004720-0500"
      }, {
        "lat" : 40.7298,
        "lon" : -73.996834,
        "time" : "20170211T004833-0500"
      }, {
        "lat" : 40.729807,
        "lon" : -73.996859,
        "time" : "20170211T004848-0500"
      }, {
        "lat" : 40.72983,
        "lon" : -73.996891,
        "time" : "20170211T004906-0500"
      }, {
        "lat" : 40.729885,
        "lon" : -73.996877,
        "time" : "20170211T004921-0500"
      }, {
        "lat" : 40.729854,
        "lon" : -73.996757,
        "time" : "20170211T004941-0500"
      }, {
        "lat" : 40.72882,
        "lon" : -73.995225,
        "time" : "20170211T005218-0500"
      }, {
        "lat" : 40.728656,
        "lon" : -73.994992,
        "time" : "20170211T005239-0500"
      }, {
        "lat" : 40.728877,
        "lon" : -73.994531,
        "time" : "20170211T005322-0500"
      }, {
        "lat" : 40.729663,
        "lon" : -73.993393,
        "time" : "20170211T005421-0500"
      } ]
    } ],
    "lastUpdate" : "20170211T063539Z"
  }, {
    "type" : "place",
    "startTime" : "20170211T005422-0500",
    "endTime" : "20170211T005946-0500",
    "place" : {
      "id" : 588615003,
      "type" : "unknown",
      "location" : {
        "lat" : 40.729663,
        "lon" : -73.993393
      }
    },
    "activities" : [ {
      "activity" : "walking",
      "group" : "walking",
      "manual" : false,
      "startTime" : "20170211T005422-0500",
      "endTime" : "20170211T005422-0500",
      "duration" : 0.0,
      "distance" : 0.0,
      "steps" : 0,
      "trackPoints" : [ ]
    } ],
    "lastUpdate" : "20170211T080730Z"
  }, {
    "type" : "move",
    "startTime" : "20170211T005946-0500",
    "endTime" : "20170211T020803-0500",
    "activities" : [ {
      "activity" : "walking",
      "group" : "walking",
      "manual" : false,
      "startTime" : "20170211T005946-0500",
      "endTime" : "20170211T010250-0500",
      "duration" : 184.0,
      "distance" : 119.0,
      "steps" : 146,
      "trackPoints" : [ {
        "lat" : 40.729663,
        "lon" : -73.993393,
        "time" : "20170211T005946-0500"
      }, {
        "lat" : 40.729664,
        "lon" : -73.993299,
        "time" : "20170211T005959-0500"
      }, {
        "lat" : 40.729664,
        "lon" : -73.993298,
        "time" : "20170211T010000-0500"
      }, {
        "lat" : 40.729667,
        "lon" : -73.992974,
        "time" : "20170211T010048-0500"
      }, {
        "lat" : 40.729684,
        "lon" : -73.99308,
        "time" : "20170211T010106-0500"
      }, {
        "lat" : 40.729735,
        "lon" : -73.992849,
        "time" : "20170211T010138-0500"
      }, {
        "lat" : 40.729934,
        "lon" : -73.992443,
        "time" : "20170211T010250-0500"
      } ]
    }, {
      "activity" : "transport",
      "group" : "transport",
      "manual" : false,
      "startTime" : "20170211T010250-0500",
      "endTime" : "20170211T020351-0500",
      "duration" : 3661.0,
      "distance" : 9327.0,
      "trackPoints" : [ {
        "lat" : 40.729934,
        "lon" : -73.992443,
        "time" : "20170211T010250-0500"
      }, {
        "lat" : 40.750882,
        "lon" : -73.951236,
        "time" : "20170211T014937-0500"
      }, {
        "lat" : 40.751421,
        "lon" : -73.934273,
        "time" : "20170211T015633-0500"
      }, {
        "lat" : 40.751769,
        "lon" : -73.933733,
        "time" : "20170211T015715-0500"
      }, {
        "lat" : 40.76002,
        "lon" : -73.927091,
        "time" : "20170211T015959-0500"
      }, {
        "lat" : 40.76002,
        "lon" : -73.927091,
        "time" : "20170211T020000-0500"
      }, {
        "lat" : 40.76203,
        "lon" : -73.925473,
        "time" : "20170211T020040-0500"
      }, {
        "lat" : 40.762149,
        "lon" : -73.925363,
        "time" : "20170211T020101-0500"
      }, {
        "lat" : 40.770375,
        "lon" : -73.918351,
        "time" : "20170211T020351-0500"
      } ]
    }, {
      "activity" : "walking",
      "group" : "walking",
      "manual" : false,
      "startTime" : "20170211T020351-0500",
      "endTime" : "20170211T020802-0500",
      "duration" : 251.0,
      "distance" : 276.0,
      "steps" : 408,
      "trackPoints" : [ {
        "lat" : 40.770375,
        "lon" : -73.918351,
        "time" : "20170211T020351-0500"
      }, {
        "lat" : 40.770599,
        "lon" : -73.91816,
        "time" : "20170211T020423-0500"
      }, {
        "lat" : 40.770892,
        "lon" : -73.917751,
        "time" : "20170211T020439-0500"
      }, {
        "lat" : 40.771118,
        "lon" : -73.917384,
        "time" : "20170211T020627-0500"
      }, {
        "lat" : 40.77123,
        "lon" : -73.917203,
        "time" : "20170211T020720-0500"
      }, {
        "lat" : 40.771975,
        "lon" : -73.91635,
        "time" : "20170211T020803-0500"
      } ]
    } ],
    "lastUpdate" : "20170211T080730Z"
  }, {
    "type" : "place",
    "startTime" : "20170211T020803-0500",
    "endTime" : "20170211T160444-0500",
    "place" : {
      "id" : 594229406,
      "type" : "unknown",
      "location" : {
        "lat" : 40.771975,
        "lon" : -73.91635
      }
    },
    "activities" : [ {
      "activity" : "walking",
      "group" : "walking",
      "manual" : false,
      "startTime" : "20170211T020943-0500",
      "endTime" : "20170211T021033-0500",
      "duration" : 50.0,
      "distance" : 38.0,
      "steps" : 76,
      "trackPoints" : [ ]
    }, {
      "activity" : "walking",
      "group" : "walking",
      "manual" : false,
      "startTime" : "20170211T115801-0500",
      "endTime" : "20170211T115830-0500",
      "duration" : 29.0,
      "distance" : 14.0,
      "steps" : 0,
      "trackPoints" : [ ]
    }, {
      "activity" : "walking",
      "group" : "walking",
      "manual" : false,
      "startTime" : "20170211T131418-0500",
      "endTime" : "20170211T131447-0500",
      "duration" : 29.0,
      "distance" : 21.0,
      "steps" : 42,
      "trackPoints" : [ ]
    }, {
      "activity" : "walking",
      "group" : "walking",
      "manual" : false,
      "startTime" : "20170211T145150-0500",
      "endTime" : "20170211T145207-0500",
      "duration" : 17.0,
      "distance" : 11.0,
      "steps" : 23,
      "trackPoints" : [ ]
    }, {
      "activity" : "walking",
      "group" : "walking",
      "manual" : false,
      "startTime" : "20170211T150001-0500",
      "endTime" : "20170211T150049-0500",
      "duration" : 48.0,
      "distance" : 36.0,
      "steps" : 72,
      "trackPoints" : [ ]
    }, {
      "activity" : "walking",
      "group" : "walking",
      "manual" : false,
      "startTime" : "20170211T160010-0500",
      "endTime" : "20170211T160111-0500",
      "duration" : 61.0,
      "distance" : 44.0,
      "steps" : 89,
      "trackPoints" : [ ]
    } ],
    "lastUpdate" : "20170211T215941Z"
  }, {
    "type" : "move",
    "startTime" : "20170211T160444-0500",
    "endTime" : "20170211T163921-0500",
    "activities" : [ {
      "activity" : "walking",
      "group" : "walking",
      "manual" : false,
      "startTime" : "20170211T160444-0500",
      "endTime" : "20170211T160949-0500",
      "duration" : 305.0,
      "distance" : 270.0,
      "steps" : 478,
      "trackPoints" : [ {
        "lat" : 40.771975,
        "lon" : -73.91635,
        "time" : "20170211T160444-0500"
      }, {
        "lat" : 40.771967,
        "lon" : -73.916157,
        "time" : "20170211T160506-0500"
      }, {
        "lat" : 40.771963,
        "lon" : -73.916146,
        "time" : "20170211T160523-0500"
      }, {
        "lat" : 40.771812,
        "lon" : -73.916199,
        "time" : "20170211T160552-0500"
      }, {
        "lat" : 40.771413,
        "lon" : -73.916617,
        "time" : "20170211T160639-0500"
      }, {
        "lat" : 40.771301,
        "lon" : -73.916708,
        "time" : "20170211T160702-0500"
      }, {
        "lat" : 40.771145,
        "lon" : -73.916838,
        "time" : "20170211T160719-0500"
      }, {
        "lat" : 40.770983,
        "lon" : -73.916955,
        "time" : "20170211T160735-0500"
      }, {
        "lat" : 40.770871,
        "lon" : -73.917479,
        "time" : "20170211T160811-0500"
      }, {
        "lat" : 40.770788,
        "lon" : -73.917832,
        "time" : "20170211T160829-0500"
      }, {
        "lat" : 40.770707,
        "lon" : -73.917986,
        "time" : "20170211T160846-0500"
      }, {
        "lat" : 40.770654,
        "lon" : -73.917961,
        "time" : "20170211T160907-0500"
      }, {
        "lat" : 40.770617,
        "lon" : -73.91789,
        "time" : "20170211T160933-0500"
      }, {
        "lat" : 40.770599,
        "lon" : -73.917883,
        "time" : "20170211T160950-0500"
      } ]
    }, {
      "activity" : "transport",
      "group" : "transport",
      "manual" : false,
      "startTime" : "20170211T160950-0500",
      "endTime" : "20170211T163421-0500",
      "duration" : 1471.0,
      "distance" : 8145.0,
      "trackPoints" : [ {
        "lat" : 40.770599,
        "lon" : -73.917883,
        "time" : "20170211T160950-0500"
      }, {
        "lat" : 40.770424,
        "lon" : -73.917874,
        "time" : "20170211T161030-0500"
      }, {
        "lat" : 40.770415,
        "lon" : -73.917828,
        "time" : "20170211T161045-0500"
      }, {
        "lat" : 40.770389,
        "lon" : -73.917723,
        "time" : "20170211T161113-0500"
      }, {
        "lat" : 40.770369,
        "lon" : -73.917659,
        "time" : "20170211T161131-0500"
      }, {
        "lat" : 40.770336,
        "lon" : -73.91758,
        "time" : "20170211T161154-0500"
      }, {
        "lat" : 40.770336,
        "lon" : -73.91758,
        "time" : "20170211T161216-0500"
      }, {
        "lat" : 40.770336,
        "lon" : -73.91758,
        "time" : "20170211T161237-0500"
      }, {
        "lat" : 40.770336,
        "lon" : -73.91758,
        "time" : "20170211T161252-0500"
      }, {
        "lat" : 40.770328,
        "lon" : -73.917566,
        "time" : "20170211T161315-0500"
      }, {
        "lat" : 40.770319,
        "lon" : -73.917555,
        "time" : "20170211T161336-0500"
      }, {
        "lat" : 40.770286,
        "lon" : -73.917547,
        "time" : "20170211T161353-0500"
      }, {
        "lat" : 40.770496,
        "lon" : -73.917722,
        "time" : "20170211T161416-0500"
      }, {
        "lat" : 40.770342,
        "lon" : -73.917907,
        "time" : "20170211T161434-0500"
      }, {
        "lat" : 40.768006,
        "lon" : -73.920531,
        "time" : "20170211T161507-0500"
      }, {
        "lat" : 40.766905,
        "lon" : -73.921705,
        "time" : "20170211T161536-0500"
      }, {
        "lat" : 40.766211,
        "lon" : -73.921961,
        "time" : "20170211T161609-0500"
      }, {
        "lat" : 40.764112,
        "lon" : -73.923608,
        "time" : "20170211T161628-0500"
      }, {
        "lat" : 40.762169,
        "lon" : -73.925288,
        "time" : "20170211T161651-0500"
      }, {
        "lat" : 40.761927,
        "lon" : -73.925526,
        "time" : "20170211T161715-0500"
      }, {
        "lat" : 40.761299,
        "lon" : -73.925717,
        "time" : "20170211T161738-0500"
      }, {
        "lat" : 40.759593,
        "lon" : -73.927313,
        "time" : "20170211T161756-0500"
      }, {
        "lat" : 40.757051,
        "lon" : -73.929462,
        "time" : "20170211T161821-0500"
      }, {
        "lat" : 40.756995,
        "lon" : -73.929489,
        "time" : "20170211T161838-0500"
      }, {
        "lat" : 40.756999,
        "lon" : -73.929516,
        "time" : "20170211T161854-0500"
      }, {
        "lat" : 40.754589,
        "lon" : -73.931391,
        "time" : "20170211T161918-0500"
      }, {
        "lat" : 40.752751,
        "lon" : -73.932717,
        "time" : "20170211T161936-0500"
      }, {
        "lat" : 40.752506,
        "lon" : -73.933093,
        "time" : "20170211T162006-0500"
      }, {
        "lat" : 40.751048,
        "lon" : -73.934716,
        "time" : "20170211T162041-0500"
      }, {
        "lat" : 40.750143,
        "lon" : -73.936055,
        "time" : "20170211T162109-0500"
      }, {
        "lat" : 40.749814,
        "lon" : -73.93836,
        "time" : "20170211T162132-0500"
      }, {
        "lat" : 40.750264,
        "lon" : -73.939499,
        "time" : "20170211T162202-0500"
      }, {
        "lat" : 40.750219,
        "lon" : -73.939513,
        "time" : "20170211T162220-0500"
      }, {
        "lat" : 40.750444,
        "lon" : -73.939699,
        "time" : "20170211T162246-0500"
      }, {
        "lat" : 40.750495,
        "lon" : -73.939759,
        "time" : "20170211T162303-0500"
      }, {
        "lat" : 40.75054,
        "lon" : -73.939809,
        "time" : "20170211T162321-0500"
      }, {
        "lat" : 40.75058,
        "lon" : -73.93984,
        "time" : "20170211T162347-0500"
      }, {
        "lat" : 40.750588,
        "lon" : -73.939857,
        "time" : "20170211T162403-0500"
      }, {
        "lat" : 40.750608,
        "lon" : -73.939885,
        "time" : "20170211T162424-0500"
      }, {
        "lat" : 40.750622,
        "lon" : -73.939914,
        "time" : "20170211T162443-0500"
      }, {
        "lat" : 40.750636,
        "lon" : -73.939946,
        "time" : "20170211T162501-0500"
      }, {
        "lat" : 40.750644,
        "lon" : -73.939979,
        "time" : "20170211T162519-0500"
      }, {
        "lat" : 40.750631,
        "lon" : -73.940178,
        "time" : "20170211T162542-0500"
      }, {
        "lat" : 40.750835,
        "lon" : -73.941451,
        "time" : "20170211T162604-0500"
      }, {
        "lat" : 40.750686,
        "lon" : -73.943062,
        "time" : "20170211T162626-0500"
      }, {
        "lat" : 40.74845,
        "lon" : -73.944613,
        "time" : "20170211T162658-0500"
      }, {
        "lat" : 40.745797,
        "lon" : -73.945737,
        "time" : "20170211T162816-0500"
      }, {
        "lat" : 40.744361,
        "lon" : -73.944684,
        "time" : "20170211T162839-0500"
      }, {
        "lat" : 40.742769,
        "lon" : -73.947522,
        "time" : "20170211T162902-0500"
      }, {
        "lat" : 40.742478,
        "lon" : -73.948035,
        "time" : "20170211T162920-0500"
      }, {
        "lat" : 40.742506,
        "lon" : -73.948244,
        "time" : "20170211T162948-0500"
      }, {
        "lat" : 40.742796,
        "lon" : -73.953799,
        "time" : "20170211T163047-0500"
      }, {
        "lat" : 40.742823,
        "lon" : -73.953973,
        "time" : "20170211T163105-0500"
      }, {
        "lat" : 40.742814,
        "lon" : -73.954008,
        "time" : "20170211T163120-0500"
      }, {
        "lat" : 40.75127,
        "lon" : -73.975391,
        "time" : "20170211T163421-0500"
      } ]
    }, {
      "activity" : "walking",
      "group" : "walking",
      "manual" : false,
      "startTime" : "20170211T163421-0500",
      "endTime" : "20170211T163921-0500",
      "duration" : 300.0,
      "distance" : 315.0,
      "steps" : 368,
      "trackPoints" : [ {
        "lat" : 40.75127,
        "lon" : -73.975391,
        "time" : "20170211T163421-0500"
      }, {
        "lat" : 40.751802,
        "lon" : -73.976737,
        "time" : "20170211T163546-0500"
      }, {
        "lat" : 40.751808,
        "lon" : -73.976788,
        "time" : "20170211T163605-0500"
      }, {
        "lat" : 40.751854,
        "lon" : -73.976891,
        "time" : "20170211T163620-0500"
      }, {
        "lat" : 40.751942,
        "lon" : -73.977052,
        "time" : "20170211T163643-0500"
      }, {
        "lat" : 40.752063,
        "lon" : -73.977206,
        "time" : "20170211T163709-0500"
      }, {
        "lat" : 40.752273,
        "lon" : -73.977355,
        "time" : "20170211T163732-0500"
      }, {
        "lat" : 40.752548,
        "lon" : -73.977523,
        "time" : "20170211T163749-0500"
      }, {
        "lat" : 40.752686,
        "lon" : -73.977593,
        "time" : "20170211T163813-0500"
      }, {
        "lat" : 40.752743,
        "lon" : -73.977508,
        "time" : "20170211T163840-0500"
      }, {
        "lat" : 40.752739,
        "lon" : -73.977331,
        "time" : "20170211T163901-0500"
      }, {
        "lat" : 40.752714,
        "lon" : -73.97713,
        "time" : "20170211T163921-0500"
      } ]
    } ],
    "lastUpdate" : "20170211T215941Z"
  }, {
    "type" : "place",
    "startTime" : "20170211T163921-0500",
    "endTime" : "20170211T170254-0500",
    "place" : {
      "id" : 594642308,
      "type" : "unknown",
      "location" : {
        "lat" : 40.752714,
        "lon" : -73.97713
      }
    },
    "activities" : [ {
      "activity" : "walking",
      "group" : "walking",
      "manual" : false,
      "startTime" : "20170211T163921-0500",
      "endTime" : "20170211T164050-0500",
      "duration" : 89.0,
      "distance" : 67.0,
      "steps" : 134,
      "trackPoints" : [ ]
    }, {
      "activity" : "walking",
      "group" : "walking",
      "manual" : false,
      "startTime" : "20170211T170251-0500",
      "endTime" : "20170211T170253-0500",
      "duration" : 2.0,
      "distance" : 2.0,
      "steps" : 4,
      "trackPoints" : [ ]
    } ],
    "lastUpdate" : "20170211T233223Z"
  }, {
    "type" : "move",
    "startTime" : "20170211T170255-0500",
    "endTime" : "20170211T172125-0500",
    "activities" : [ {
      "activity" : "walking",
      "group" : "walking",
      "manual" : false,
      "startTime" : "20170211T170255-0500",
      "endTime" : "20170211T170559-0500",
      "duration" : 184.0,
      "distance" : 141.0,
      "steps" : 282,
      "trackPoints" : [ {
        "lat" : 40.752714,
        "lon" : -73.97713,
        "time" : "20170211T170255-0500"
      }, {
        "lat" : 40.752567,
        "lon" : -73.977109,
        "time" : "20170211T170313-0500"
      }, {
        "lat" : 40.752475,
        "lon" : -73.977018,
        "time" : "20170211T170350-0500"
      }, {
        "lat" : 40.752391,
        "lon" : -73.976801,
        "time" : "20170211T170408-0500"
      }, {
        "lat" : 40.752132,
        "lon" : -73.976968,
        "time" : "20170211T170429-0500"
      }, {
        "lat" : 40.752022,
        "lon" : -73.977045,
        "time" : "20170211T170447-0500"
      }, {
        "lat" : 40.751972,
        "lon" : -73.977066,
        "time" : "20170211T170508-0500"
      }, {
        "lat" : 40.751925,
        "lon" : -73.977058,
        "time" : "20170211T170528-0500"
      }, {
        "lat" : 40.751893,
        "lon" : -73.977085,
        "time" : "20170211T170559-0500"
      } ]
    }, {
      "activity" : "transport",
      "group" : "transport",
      "manual" : false,
      "startTime" : "20170211T170559-0500",
      "endTime" : "20170211T171729-0500",
      "duration" : 690.0,
      "distance" : 3167.0,
      "trackPoints" : [ {
        "lat" : 40.751893,
        "lon" : -73.977085,
        "time" : "20170211T170559-0500"
      }, {
        "lat" : 40.751863,
        "lon" : -73.977113,
        "time" : "20170211T170617-0500"
      }, {
        "lat" : 40.751829,
        "lon" : -73.977131,
        "time" : "20170211T170640-0500"
      }, {
        "lat" : 40.745885,
        "lon" : -73.982091,
        "time" : "20170211T170906-0500"
      }, {
        "lat" : 40.739929,
        "lon" : -73.986595,
        "time" : "20170211T171128-0500"
      }, {
        "lat" : 40.7399,
        "lon" : -73.986618,
        "time" : "20170211T171146-0500"
      }, {
        "lat" : 40.734855,
        "lon" : -73.990012,
        "time" : "20170211T171344-0500"
      }, {
        "lat" : 40.734694,
        "lon" : -73.990006,
        "time" : "20170211T171402-0500"
      }, {
        "lat" : 40.734648,
        "lon" : -73.990008,
        "time" : "20170211T171428-0500"
      }, {
        "lat" : 40.734637,
        "lon" : -73.990007,
        "time" : "20170211T171446-0500"
      }, {
        "lat" : 40.73463,
        "lon" : -73.990006,
        "time" : "20170211T171513-0500"
      }, {
        "lat" : 40.734628,
        "lon" : -73.990006,
        "time" : "20170211T171533-0500"
      }, {
        "lat" : 40.734626,
        "lon" : -73.990006,
        "time" : "20170211T171552-0500"
      }, {
        "lat" : 40.734624,
        "lon" : -73.990007,
        "time" : "20170211T171610-0500"
      }, {
        "lat" : 40.730193,
        "lon" : -73.990898,
        "time" : "20170211T171704-0500"
      }, {
        "lat" : 40.729888,
        "lon" : -73.991229,
        "time" : "20170211T171730-0500"
      } ]
    }, {
      "activity" : "walking",
      "group" : "walking",
      "manual" : false,
      "startTime" : "20170211T171730-0500",
      "endTime" : "20170211T172125-0500",
      "duration" : 235.0,
      "distance" : 231.0,
      "steps" : 321,
      "trackPoints" : [ {
        "lat" : 40.729888,
        "lon" : -73.991229,
        "time" : "20170211T171730-0500"
      }, {
        "lat" : 40.729864,
        "lon" : -73.991237,
        "time" : "20170211T171820-0500"
      }, {
        "lat" : 40.729675,
        "lon" : -73.991383,
        "time" : "20170211T171838-0500"
      }, {
        "lat" : 40.729801,
        "lon" : -73.991733,
        "time" : "20170211T171853-0500"
      }, {
        "lat" : 40.729968,
        "lon" : -73.992071,
        "time" : "20170211T171910-0500"
      }, {
        "lat" : 40.730032,
        "lon" : -73.99227,
        "time" : "20170211T171926-0500"
      }, {
        "lat" : 40.729663,
        "lon" : -73.993393,
        "time" : "20170211T172125-0500"
      } ]
    } ],
    "lastUpdate" : "20170211T233223Z"
  }, {
    "type" : "place",
    "startTime" : "20170211T172126-0500",
    "endTime" : "20170211T230840-0500",
    "place" : {
      "id" : 588615003,
      "type" : "unknown",
      "location" : {
        "lat" : 40.729663,
        "lon" : -73.993393
      }
    },
    "activities" : [ {
      "activity" : "walking",
      "group" : "walking",
      "manual" : false,
      "startTime" : "20170211T172126-0500",
      "endTime" : "20170211T172517-0500",
      "duration" : 231.0,
      "distance" : 260.0,
      "steps" : 347,
      "trackPoints" : [ ]
    }, {
      "activity" : "walking",
      "group" : "walking",
      "manual" : false,
      "startTime" : "20170211T181820-0500",
      "endTime" : "20170211T182153-0500",
      "duration" : 213.0,
      "distance" : 206.0,
      "steps" : 275,
      "trackPoints" : [ ]
    }, {
      "activity" : "walking",
      "group" : "walking",
      "manual" : false,
      "startTime" : "20170211T200700-0500",
      "endTime" : "20170211T201107-0500",
      "duration" : 247.0,
      "distance" : 260.0,
      "steps" : 347,
      "trackPoints" : [ ]
    } ],
    "lastUpdate" : "20170212T040842Z"
  } ],
  "lastUpdate" : "20170212T040842Z"
} ]