[ {
  "date" : "20170210",
  "summary" : [ {
    "activity" : "walking",
    "group" : "walking",
    "duration" : 4380.0,
    "distance" : 5370.0,
    "steps" : 6717
  }, {
    "activity" : "transport",
    "group" : "transport",
    "duration" : 1120.0,
    "distance" : 6846.0
  } ],
  "segments" : [ {
    "type" : "place",
    "startTime" : "20170209T193824-0500",
    "endTime" : "20170210T100510-0500",
    "place" : {
      "id" : 588636068,
      "type" : "unknown",
      "location" : {
        "lat" : 40.69673,
        "lon" : -73.931402
      }
    },
    "activities" : [ {
      "activity" : "walking",
      "group" : "walking",
      "manual" : false,
      "startTime" : "20170210T000413-0500",
      "endTime" : "20170210T000417-0500",
      "duration" : 4.0,
      "distance" : 3.0,
      "steps" : 6,
      "trackPoints" : [ ]
    }, {
      "activity" : "walking",
      "group" : "walking",
      "manual" : false,
      "startTime" : "20170210T094723-0500",
      "endTime" : "20170210T094746-0500",
      "duration" : 23.0,
      "distance" : 16.0,
      "steps" : 32,
      "trackPoints" : [ ]
    }, {
      "activity" : "walking",
      "group" : "walking",
      "manual" : false,
      "startTime" : "20170210T100027-0500",
      "endTime" : "20170210T100441-0500",
      "duration" : 254.0,
      "distance" : 284.0,
      "steps" : 379,
      "trackPoints" : [ ]
    } ],
    "lastUpdate" : "20170210T164036Z"
  }, {
    "type" : "move",
    "startTime" : "20170210T100510-0500",
    "endTime" : "20170210T103743-0500",
    "activities" : [ {
      "activity" : "walking",
      "group" : "walking",
      "manual" : false,
      "startTime" : "20170210T100510-0500",
      "endTime" : "20170210T100922-0500",
      "duration" : 252.0,
      "distance" : 399.0,
      "steps" : 357,
      "trackPoints" : [ {
        "lat" : 40.69673,
        "lon" : -73.931402,
        "time" : "20170210T100510-0500"
      }, {
        "lat" : 40.697044,
        "lon" : -73.935497,
        "time" : "20170210T100922-0500"
      } ]
    }, {
      "activity" : "transport",
      "group" : "transport",
      "manual" : false,
      "startTime" : "20170210T100922-0500",
      "endTime" : "20170210T102802-0500",
      "duration" : 1120.0,
      "distance" : 6846.0,
      "trackPoints" : [ {
        "lat" : 40.697044,
        "lon" : -73.935497,
        "time" : "20170210T100922-0500"
      }, {
        "lat" : 40.697029,
        "lon" : -73.935463,
        "time" : "20170210T100948-0500"
      }, {
        "lat" : 40.697042,
        "lon" : -73.93548,
        "time" : "20170210T101005-0500"
      }, {
        "lat" : 40.697064,
        "lon" : -73.935519,
        "time" : "20170210T101034-0500"
      }, {
        "lat" : 40.697083,
        "lon" : -73.935562,
        "time" : "20170210T101056-0500"
      }, {
        "lat" : 40.697101,
        "lon" : -73.935604,
        "time" : "20170210T101116-0500"
      }, {
        "lat" : 40.697138,
        "lon" : -73.935711,
        "time" : "20170210T101139-0500"
      }, {
        "lat" : 40.698381,
        "lon" : -73.937734,
        "time" : "20170210T101202-0500"
      }, {
        "lat" : 40.699639,
        "lon" : -73.939995,
        "time" : "20170210T101220-0500"
      }, {
        "lat" : 40.703506,
        "lon" : -73.94669,
        "time" : "20170210T101249-0500"
      }, {
        "lat" : 40.704828,
        "lon" : -73.949004,
        "time" : "20170210T101310-0500"
      }, {
        "lat" : 40.706012,
        "lon" : -73.950858,
        "time" : "20170210T101334-0500"
      }, {
        "lat" : 40.706761,
        "lon" : -73.952944,
        "time" : "20170210T101354-0500"
      }, {
        "lat" : 40.707206,
        "lon" : -73.954269,
        "time" : "20170210T101413-0500"
      }, {
        "lat" : 40.707895,
        "lon" : -73.956177,
        "time" : "20170210T101441-0500"
      }, {
        "lat" : 40.708095,
        "lon" : -73.957031,
        "time" : "20170210T101500-0500"
      }, {
        "lat" : 40.708211,
        "lon" : -73.957272,
        "time" : "20170210T101523-0500"
      }, {
        "lat" : 40.70855,
        "lon" : -73.958103,
        "time" : "20170210T101546-0500"
      }, {
        "lat" : 40.709341,
        "lon" : -73.959633,
        "time" : "20170210T101620-0500"
      }, {
        "lat" : 40.710024,
        "lon" : -73.960584,
        "time" : "20170210T101637-0500"
      }, {
        "lat" : 40.710962,
        "lon" : -73.963289,
        "time" : "20170210T101659-0500"
      }, {
        "lat" : 40.711324,
        "lon" : -73.964955,
        "time" : "20170210T101716-0500"
      }, {
        "lat" : 40.712236,
        "lon" : -73.96746,
        "time" : "20170210T101741-0500"
      }, {
        "lat" : 40.712837,
        "lon" : -73.968669,
        "time" : "20170210T101800-0500"
      }, {
        "lat" : 40.714883,
        "lon" : -73.9767,
        "time" : "20170210T101914-0500"
      }, {
        "lat" : 40.715446,
        "lon" : -73.97856,
        "time" : "20170210T101933-0500"
      }, {
        "lat" : 40.716172,
        "lon" : -73.980456,
        "time" : "20170210T101956-0500"
      }, {
        "lat" : 40.71674,
        "lon" : -73.982103,
        "time" : "20170210T102018-0500"
      }, {
        "lat" : 40.717189,
        "lon" : -73.984164,
        "time" : "20170210T102045-0500"
      }, {
        "lat" : 40.718313,
        "lon" : -73.986965,
        "time" : "20170210T102122-0500"
      }, {
        "lat" : 40.718521,
        "lon" : -73.987427,
        "time" : "20170210T102150-0500"
      }, {
        "lat" : 40.718582,
        "lon" : -73.987546,
        "time" : "20170210T102213-0500"
      }, {
        "lat" : 40.718591,
        "lon" : -73.987563,
        "time" : "20170210T102235-0500"
      }, {
        "lat" : 40.718598,
        "lon" : -73.987578,
        "time" : "20170210T102258-0500"
      }, {
        "lat" : 40.718608,
        "lon" : -73.987596,
        "time" : "20170210T102318-0500"
      }, {
        "lat" : 40.718621,
        "lon" : -73.987617,
        "time" : "20170210T102338-0500"
      }, {
        "lat" : 40.718641,
        "lon" : -73.98765,
        "time" : "20170210T102357-0500"
      }, {
        "lat" : 40.718642,
        "lon" : -73.987651,
        "time" : "20170210T102430-0500"
      }, {
        "lat" : 40.718644,
        "lon" : -73.987654,
        "time" : "20170210T102449-0500"
      }, {
        "lat" : 40.718635,
        "lon" : -73.987642,
        "time" : "20170210T102522-0500"
      }, {
        "lat" : 40.725102,
        "lon" : -73.995305,
        "time" : "20170210T102741-0500"
      }, {
        "lat" : 40.725328,
        "lon" : -73.995908,
        "time" : "20170210T102803-0500"
      } ]
    }, {
      "activity" : "walking",
      "group" : "walking",
      "manual" : false,
      "startTime" : "20170210T102803-0500",
      "endTime" : "20170210T103743-0500",
      "duration" : 580.0,
      "distance" : 683.0,
      "steps" : 973,
      "trackPoints" : [ {
        "lat" : 40.725328,
        "lon" : -73.995908,
        "time" : "20170210T102803-0500"
      }, {
        "lat" : 40.725276,
        "lon" : -73.996033,
        "time" : "20170210T102840-0500"
      }, {
        "lat" : 40.725315,
        "lon" : -73.996261,
        "time" : "20170210T102905-0500"
      }, {
        "lat" : 40.725378,
        "lon" : -73.996455,
        "time" : "20170210T102925-0500"
      }, {
        "lat" : 40.725618,
        "lon" : -73.9965,
        "time" : "20170210T102941-0500"
      }, {
        "lat" : 40.72598,
        "lon" : -73.996286,
        "time" : "20170210T103004-0500"
      }, {
        "lat" : 40.726231,
        "lon" : -73.996091,
        "time" : "20170210T103021-0500"
      }, {
        "lat" : 40.726443,
        "lon" : -73.995888,
        "time" : "20170210T103042-0500"
      }, {
        "lat" : 40.726557,
        "lon" : -73.995539,
        "time" : "20170210T103110-0500"
      }, {
        "lat" : 40.726831,
        "lon" : -73.995213,
        "time" : "20170210T103130-0500"
      }, {
        "lat" : 40.727108,
        "lon" : -73.995233,
        "time" : "20170210T103151-0500"
      }, {
        "lat" : 40.727349,
        "lon" : -73.995089,
        "time" : "20170210T103214-0500"
      }, {
        "lat" : 40.727754,
        "lon" : -73.994849,
        "time" : "20170210T103240-0500"
      }, {
        "lat" : 40.727999,
        "lon" : -73.994654,
        "time" : "20170210T103303-0500"
      }, {
        "lat" : 40.728332,
        "lon" : -73.994436,
        "time" : "20170210T103328-0500"
      }, {
        "lat" : 40.72857,
        "lon" : -73.994215,
        "time" : "20170210T103350-0500"
      }, {
        "lat" : 40.72893,
        "lon" : -73.993931,
        "time" : "20170210T103424-0500"
      }, {
        "lat" : 40.729132,
        "lon" : -73.993716,
        "time" : "20170210T103447-0500"
      }, {
        "lat" : 40.72927,
        "lon" : -73.993403,
        "time" : "20170210T103508-0500"
      }, {
        "lat" : 40.729352,
        "lon" : -73.993184,
        "time" : "20170210T103526-0500"
      }, {
        "lat" : 40.729442,
        "lon" : -73.993329,
        "time" : "20170210T103543-0500"
      }, {
        "lat" : 40.729561,
        "lon" : -73.993453,
        "time" : "20170210T103604-0500"
      }, {
        "lat" : 40.729652,
        "lon" : -73.993532,
        "time" : "20170210T103623-0500"
      }, {
        "lat" : 40.729707,
        "lon" : -73.993563,
        "time" : "20170210T103658-0500"
      }, {
        "lat" : 40.729781,
        "lon" : -73.99349,
        "time" : "20170210T103719-0500"
      }, {
        "lat" : 40.729663,
        "lon" : -73.993393,
        "time" : "20170210T103743-0500"
      } ]
    } ],
    "lastUpdate" : "20170210T164036Z"
  }, {
    "type" : "place",
    "startTime" : "20170210T103743-0500",
    "endTime" : "20170210T150320-0500",
    "place" : {
      "id" : 588615003,
      "type" : "unknown",
      "location" : {
        "lat" : 40.729663,
        "lon" : -73.993393
      }
    },
    "activities" : [ {
      "activity" : "walking",
      "group" : "walking",
      "manual" : false,
      "startTime" : "20170210T103834-0500",
      "endTime" : "20170210T103834-0500",
      "duration" : 0.0,
      "distance" : 0.0,
      "steps" : 0,
      "trackPoints" : [ ]
    }, {
      "activity" : "walking",
      "group" : "walking",
      "manual" : false,
      "startTime" : "20170210T120019-0500",
      "endTime" : "20170210T120051-0500",
      "duration" : 32.0,
      "distance" : 25.0,
      "steps" : 50,
      "trackPoints" : [ ]
    }, {
      "activity" : "walking",
      "group" : "walking",
      "manual" : false,
      "startTime" : "20170210T135029-0500",
      "endTime" : "20170210T135631-0500",
      "duration" : 362.0,
      "distance" : 405.0,
      "steps" : 541,
      "trackPoints" : [ ]
    }, {
      "activity" : "walking",
      "group" : "walking",
      "manual" : false,
      "startTime" : "20170210T140051-0500",
      "endTime" : "20170210T140445-0500",
      "duration" : 234.0,
      "distance" : 262.0,
      "steps" : 350,
      "trackPoints" : [ ]
    } ],
    "lastUpdate" : "20170210T211943Z"
  }, {
    "type" : "move",
    "startTime" : "20170210T150320-0500",
    "endTime" : "20170210T151216-0500",
    "activities" : [ {
      "activity" : "walking",
      "group" : "walking",
      "manual" : false,
      "startTime" : "20170210T150320-0500",
      "endTime" : "20170210T151215-0500",
      "duration" : 535.0,
      "distance" : 936.0,
      "steps" : 780,
      "trackPoints" : [ {
        "lat" : 40.729663,
        "lon" : -73.993393,
        "time" : "20170210T150320-0500"
      }, {
        "lat" : 40.724274,
        "lon" : -73.997632,
        "time" : "20170210T150434-0500"
      }, {
        "lat" : 40.724113,
        "lon" : -73.9979,
        "time" : "20170210T150453-0500"
      }, {
        "lat" : 40.724102,
        "lon" : -73.997915,
        "time" : "20170210T150509-0500"
      }, {
        "lat" : 40.724102,
        "lon" : -73.997921,
        "time" : "20170210T150528-0500"
      }, {
        "lat" : 40.724126,
        "lon" : -73.997912,
        "time" : "20170210T150547-0500"
      }, {
        "lat" : 40.723936,
        "lon" : -73.998097,
        "time" : "20170210T150610-0500"
      }, {
        "lat" : 40.723676,
        "lon" : -73.998334,
        "time" : "20170210T150634-0500"
      }, {
        "lat" : 40.723449,
        "lon" : -73.998574,
        "time" : "20170210T150657-0500"
      }, {
        "lat" : 40.723289,
        "lon" : -73.998855,
        "time" : "20170210T150720-0500"
      }, {
        "lat" : 40.723342,
        "lon" : -73.999244,
        "time" : "20170210T150743-0500"
      }, {
        "lat" : 40.723321,
        "lon" : -73.999423,
        "time" : "20170210T150806-0500"
      }, {
        "lat" : 40.723406,
        "lon" : -73.99984,
        "time" : "20170210T150828-0500"
      }, {
        "lat" : 40.723764,
        "lon" : -74.000126,
        "time" : "20170210T150847-0500"
      }, {
        "lat" : 40.723881,
        "lon" : -74.000469,
        "time" : "20170210T150910-0500"
      }, {
        "lat" : 40.724018,
        "lon" : -74.00087,
        "time" : "20170210T150936-0500"
      }, {
        "lat" : 40.724166,
        "lon" : -74.001225,
        "time" : "20170210T150959-0500"
      }, {
        "lat" : 40.724301,
        "lon" : -74.001548,
        "time" : "20170210T151022-0500"
      }, {
        "lat" : 40.724356,
        "lon" : -74.001816,
        "time" : "20170210T151040-0500"
      }, {
        "lat" : 40.724244,
        "lon" : -74.002126,
        "time" : "20170210T151104-0500"
      }, {
        "lat" : 40.724037,
        "lon" : -74.002367,
        "time" : "20170210T151127-0500"
      }, {
        "lat" : 40.723804,
        "lon" : -74.002551,
        "time" : "20170210T151153-0500"
      }, {
        "lat" : 40.723416,
        "lon" : -74.002075,
        "time" : "20170210T151216-0500"
      } ]
    } ],
    "lastUpdate" : "20170210T211943Z"
  }, {
    "type" : "place",
    "startTime" : "20170210T151216-0500",
    "endTime" : "20170210T180040-0500",
    "place" : {
      "id" : 594038515,
      "type" : "unknown",
      "location" : {
        "lat" : 40.723416,
        "lon" : -74.002075
      }
    },
    "activities" : [ {
      "activity" : "walking",
      "group" : "walking",
      "manual" : false,
      "startTime" : "20170210T151216-0500",
      "endTime" : "20170210T151424-0500",
      "duration" : 128.0,
      "distance" : 144.0,
      "steps" : 192,
      "trackPoints" : [ ]
    }, {
      "activity" : "walking",
      "group" : "walking",
      "manual" : false,
      "startTime" : "20170210T160000-0500",
      "endTime" : "20170210T160201-0500",
      "duration" : 121.0,
      "distance" : 119.0,
      "steps" : 159,
      "trackPoints" : [ ]
    }, {
      "activity" : "walking",
      "group" : "walking",
      "manual" : false,
      "startTime" : "20170210T170419-0500",
      "endTime" : "20170210T170738-0500",
      "duration" : 199.0,
      "distance" : 191.0,
      "steps" : 255,
      "trackPoints" : [ ]
    } ],
    "lastUpdate" : "20170211T002314Z"
  }, {
    "type" : "move",
    "startTime" : "20170210T180040-0500",
    "endTime" : "20170210T180624-0500",
    "activities" : [ {
      "activity" : "walking",
      "group" : "walking",
      "manual" : false,
      "startTime" : "20170210T180040-0500",
      "endTime" : "20170210T180624-0500",
      "duration" : 344.0,
      "distance" : 327.0,
      "steps" : 608,
      "trackPoints" : [ {
        "lat" : 40.723416,
        "lon" : -74.002075,
        "time" : "20170210T180040-0500"
      }, {
        "lat" : 40.723679,
        "lon" : -74.002547,
        "time" : "20170210T180106-0500"
      }, {
        "lat" : 40.723645,
        "lon" : -74.002469,
        "time" : "20170210T180123-0500"
      }, {
        "lat" : 40.723647,
        "lon" : -74.002526,
        "time" : "20170210T180144-0500"
      }, {
        "lat" : 40.723624,
        "lon" : -74.002684,
        "time" : "20170210T180215-0500"
      }, {
        "lat" : 40.723438,
        "lon" : -74.002831,
        "time" : "20170210T180248-0500"
      }, {
        "lat" : 40.723206,
        "lon" : -74.002771,
        "time" : "20170210T180312-0500"
      }, {
        "lat" : 40.723056,
        "lon" : -74.002402,
        "time" : "20170210T180336-0500"
      }, {
        "lat" : 40.722908,
        "lon" : -74.002347,
        "time" : "20170210T180358-0500"
      }, {
        "lat" : 40.722738,
        "lon" : -74.002403,
        "time" : "20170210T180418-0500"
      }, {
        "lat" : 40.722568,
        "lon" : -74.002504,
        "time" : "20170210T180435-0500"
      }, {
        "lat" : 40.722356,
        "lon" : -74.002616,
        "time" : "20170210T180502-0500"
      }, {
        "lat" : 40.722008,
        "lon" : -74.002739,
        "time" : "20170210T180544-0500"
      }, {
        "lat" : 40.721939,
        "lon" : -74.002713,
        "time" : "20170210T180607-0500"
      }, {
        "lat" : 40.721737,
        "lon" : -74.00261,
        "time" : "20170210T180624-0500"
      } ]
    } ],
    "lastUpdate" : "20170211T002314Z"
  }, {
    "type" : "place",
    "startTime" : "20170210T180624-0500",
    "endTime" : "20170210T182054-0500",
    "place" : {
      "id" : 590789598,
      "type" : "unknown",
      "location" : {
        "lat" : 40.721737,
        "lon" : -74.00261
      }
    },
    "activities" : [ {
      "activity" : "walking",
      "group" : "walking",
      "manual" : false,
      "startTime" : "20170210T180624-0500",
      "endTime" : "20170210T180708-0500",
      "duration" : 44.0,
      "distance" : 33.0,
      "steps" : 66,
      "trackPoints" : [ ]
    } ],
    "lastUpdate" : "20170211T002314Z"
  }, {
    "type" : "move",
    "startTime" : "20170210T182054-0500",
    "endTime" : "20170210T182504-0500",
    "activities" : [ {
      "activity" : "walking",
      "group" : "walking",
      "manual" : false,
      "startTime" : "20170210T182054-0500",
      "endTime" : "20170210T182504-0500",
      "duration" : 250.0,
      "distance" : 361.0,
      "steps" : 468,
      "trackPoints" : [ {
        "lat" : 40.721737,
        "lon" : -74.00261,
        "time" : "20170210T182054-0500"
      }, {
        "lat" : 40.721956,
        "lon" : -74.002907,
        "time" : "20170210T182109-0500"
      }, {
        "lat" : 40.722014,
        "lon" : -74.002998,
        "time" : "20170210T182128-0500"
      }, {
        "lat" : 40.72209,
        "lon" : -74.00318,
        "time" : "20170210T182146-0500"
      }, {
        "lat" : 40.722224,
        "lon" : -74.003479,
        "time" : "20170210T182204-0500"
      }, {
        "lat" : 40.722439,
        "lon" : -74.003915,
        "time" : "20170210T182232-0500"
      }, {
        "lat" : 40.722597,
        "lon" : -74.004411,
        "time" : "20170210T182302-0500"
      }, {
        "lat" : 40.722751,
        "lon" : -74.004727,
        "time" : "20170210T182325-0500"
      }, {
        "lat" : 40.723015,
        "lon" : -74.004399,
        "time" : "20170210T182344-0500"
      }, {
        "lat" : 40.723261,
        "lon" : -74.004106,
        "time" : "20170210T182404-0500"
      }, {
        "lat" : 40.723417,
        "lon" : -74.00396,
        "time" : "20170210T182430-0500"
      }, {
        "lat" : 40.723703,
        "lon" : -74.00372,
        "time" : "20170210T182504-0500"
      } ]
    } ],
    "lastUpdate" : "20170211T002314Z"
  }, {
    "type" : "place",
    "startTime" : "20170210T182504-0500",
    "endTime" : "20170210T182826-0500",
    "place" : {
      "id" : 594096131,
      "type" : "unknown",
      "location" : {
        "lat" : 40.723703,
        "lon" : -74.00372
      }
    },
    "activities" : [ {
      "activity" : "walking",
      "group" : "walking",
      "manual" : false,
      "startTime" : "20170210T182504-0500",
      "endTime" : "20170210T182624-0500",
      "duration" : 80.0,
      "distance" : 60.0,
      "steps" : 120,
      "trackPoints" : [ ]
    } ],
    "lastUpdate" : "20170211T002314Z"
  }, {
    "type" : "move",
    "startTime" : "20170210T182826-0500",
    "endTime" : "20170210T184237-0500",
    "activities" : [ {
      "activity" : "walking",
      "group" : "walking",
      "manual" : false,
      "startTime" : "20170210T182826-0500",
      "endTime" : "20170210T184237-0500",
      "duration" : 851.0,
      "distance" : 1075.0,
      "steps" : 1296,
      "trackPoints" : [ {
        "lat" : 40.723703,
        "lon" : -74.00372,
        "time" : "20170210T182826-0500"
      }, {
        "lat" : 40.724004,
        "lon" : -74.003226,
        "time" : "20170210T182845-0500"
      }, {
        "lat" : 40.72431,
        "lon" : -74.00308,
        "time" : "20170210T182909-0500"
      }, {
        "lat" : 40.724568,
        "lon" : -74.002927,
        "time" : "20170210T182930-0500"
      }, {
        "lat" : 40.724839,
        "lon" : -74.00279,
        "time" : "20170210T182955-0500"
      }, {
        "lat" : 40.725011,
        "lon" : -74.002761,
        "time" : "20170210T183019-0500"
      }, {
        "lat" : 40.725135,
        "lon" : -74.00268,
        "time" : "20170210T183042-0500"
      }, {
        "lat" : 40.725279,
        "lon" : -74.002477,
        "time" : "20170210T183105-0500"
      }, {
        "lat" : 40.725446,
        "lon" : -74.002184,
        "time" : "20170210T183128-0500"
      }, {
        "lat" : 40.725735,
        "lon" : -74.001852,
        "time" : "20170210T183153-0500"
      }, {
        "lat" : 40.725866,
        "lon" : -74.00165,
        "time" : "20170210T183210-0500"
      }, {
        "lat" : 40.725984,
        "lon" : -74.001539,
        "time" : "20170210T183226-0500"
      }, {
        "lat" : 40.726225,
        "lon" : -74.001397,
        "time" : "20170210T183250-0500"
      }, {
        "lat" : 40.726545,
        "lon" : -74.001218,
        "time" : "20170210T183316-0500"
      }, {
        "lat" : 40.726836,
        "lon" : -74.000987,
        "time" : "20170210T183339-0500"
      }, {
        "lat" : 40.727147,
        "lon" : -74.000716,
        "time" : "20170210T183401-0500"
      }, {
        "lat" : 40.727296,
        "lon" : -74.000613,
        "time" : "20170210T183416-0500"
      }, {
        "lat" : 40.727479,
        "lon" : -74.00047,
        "time" : "20170210T183439-0500"
      }, {
        "lat" : 40.727684,
        "lon" : -74.000315,
        "time" : "20170210T183503-0500"
      }, {
        "lat" : 40.728154,
        "lon" : -73.999991,
        "time" : "20170210T183544-0500"
      }, {
        "lat" : 40.728529,
        "lon" : -73.999871,
        "time" : "20170210T183611-0500"
      }, {
        "lat" : 40.728626,
        "lon" : -73.999609,
        "time" : "20170210T183631-0500"
      }, {
        "lat" : 40.728879,
        "lon" : -73.999316,
        "time" : "20170210T183655-0500"
      }, {
        "lat" : 40.729178,
        "lon" : -73.999017,
        "time" : "20170210T183721-0500"
      }, {
        "lat" : 40.729434,
        "lon" : -73.998758,
        "time" : "20170210T183744-0500"
      }, {
        "lat" : 40.729547,
        "lon" : -73.998559,
        "time" : "20170210T183807-0500"
      }, {
        "lat" : 40.729538,
        "lon" : -73.998432,
        "time" : "20170210T183830-0500"
      }, {
        "lat" : 40.729411,
        "lon" : -73.99828,
        "time" : "20170210T183853-0500"
      }, {
        "lat" : 40.729161,
        "lon" : -73.997995,
        "time" : "20170210T183916-0500"
      }, {
        "lat" : 40.729474,
        "lon" : -73.997475,
        "time" : "20170210T183943-0500"
      }, {
        "lat" : 40.729856,
        "lon" : -73.997306,
        "time" : "20170210T184003-0500"
      }, {
        "lat" : 40.730164,
        "lon" : -73.997124,
        "time" : "20170210T184023-0500"
      }, {
        "lat" : 40.729944,
        "lon" : -73.996927,
        "time" : "20170210T184054-0500"
      }, {
        "lat" : 40.729855,
        "lon" : -73.996918,
        "time" : "20170210T184114-0500"
      }, {
        "lat" : 40.729832,
        "lon" : -73.996931,
        "time" : "20170210T184138-0500"
      }, {
        "lat" : 40.729844,
        "lon" : -73.996937,
        "time" : "20170210T184154-0500"
      }, {
        "lat" : 40.729872,
        "lon" : -73.996971,
        "time" : "20170210T184220-0500"
      }, {
        "lat" : 40.729922,
        "lon" : -73.99704,
        "time" : "20170210T184237-0500"
      } ]
    } ],
    "lastUpdate" : "20170211T002314Z"
  }, {
    "type" : "place",
    "startTime" : "20170210T184237-0500",
    "endTime" : "20170211T004704-0500",
    "place" : {
      "id" : 589420623,
      "type" : "unknown",
      "location" : {
        "lat" : 40.729922,
        "lon" : -73.99704
      }
    },
    "activities" : [ {
      "activity" : "walking",
      "group" : "walking",
      "manual" : false,
      "startTime" : "20170210T184237-0500",
      "endTime" : "20170210T184253-0500",
      "duration" : 16.0,
      "distance" : 12.0,
      "steps" : 25,
      "trackPoints" : [ ]
    }, {
      "activity" : "walking",
      "group" : "walking",
      "manual" : false,
      "startTime" : "20170210T212701-0500",
      "endTime" : "20170210T212812-0500",
      "duration" : 71.0,
      "distance" : 35.0,
      "steps" : 60,
      "trackPoints" : [ ]
    } ],
    "lastUpdate" : "20170211T063539Z"
  } ],
  "lastUpdate" : "20170211T063539Z"
} ]