[ {
  "date" : "20170201",
  "summary" : [ {
    "activity" : "walking",
    "group" : "walking",
    "duration" : 6617.0,
    "distance" : 6944.0,
    "steps" : 10196
  }, {
    "activity" : "transport",
    "group" : "transport",
    "duration" : 4186.0,
    "distance" : 28371.0
  } ],
  "segments" : [ {
    "type" : "move",
    "startTime" : "20170131T235224-0500",
    "endTime" : "20170201T001155-0500",
    "activities" : [ {
      "activity" : "walking",
      "group" : "walking",
      "manual" : false,
      "startTime" : "20170201T000000-0500",
      "endTime" : "20170201T001155-0500",
      "duration" : 715.0,
      "distance" : 796.0,
      "steps" : 1039,
      "trackPoints" : [ {
        "lat" : 40.729531,
        "lon" : -73.993424,
        "time" : "20170201T000000-0500"
      }, {
        "lat" : 40.729558,
        "lon" : -73.993406,
        "time" : "20170201T000005-0500"
      }, {
        "lat" : 40.729568,
        "lon" : -73.993372,
        "time" : "20170201T000026-0500"
      }, {
        "lat" : 40.730307,
        "lon" : -73.992654,
        "time" : "20170201T000159-0500"
      }, {
        "lat" : 40.730443,
        "lon" : -73.992515,
        "time" : "20170201T000215-0500"
      }, {
        "lat" : 40.730699,
        "lon" : -73.992234,
        "time" : "20170201T000233-0500"
      }, {
        "lat" : 40.730818,
        "lon" : -73.992209,
        "time" : "20170201T000250-0500"
      }, {
        "lat" : 40.730962,
        "lon" : -73.992129,
        "time" : "20170201T000316-0500"
      }, {
        "lat" : 40.731161,
        "lon" : -73.991967,
        "time" : "20170201T000341-0500"
      }, {
        "lat" : 40.731322,
        "lon" : -73.991804,
        "time" : "20170201T000401-0500"
      }, {
        "lat" : 40.731709,
        "lon" : -73.991515,
        "time" : "20170201T000436-0500"
      }, {
        "lat" : 40.731964,
        "lon" : -73.991411,
        "time" : "20170201T000453-0500"
      }, {
        "lat" : 40.73217,
        "lon" : -73.99134,
        "time" : "20170201T000509-0500"
      }, {
        "lat" : 40.732289,
        "lon" : -73.991167,
        "time" : "20170201T000527-0500"
      }, {
        "lat" : 40.732463,
        "lon" : -73.991218,
        "time" : "20170201T000547-0500"
      }, {
        "lat" : 40.7327,
        "lon" : -73.991294,
        "time" : "20170201T000609-0500"
      }, {
        "lat" : 40.733063,
        "lon" : -73.991166,
        "time" : "20170201T000639-0500"
      }, {
        "lat" : 40.733314,
        "lon" : -73.991078,
        "time" : "20170201T000713-0500"
      }, {
        "lat" : 40.733377,
        "lon" : -73.991051,
        "time" : "20170201T000737-0500"
      }, {
        "lat" : 40.733522,
        "lon" : -73.990956,
        "time" : "20170201T000758-0500"
      }, {
        "lat" : 40.733719,
        "lon" : -73.99074,
        "time" : "20170201T000819-0500"
      }, {
        "lat" : 40.733917,
        "lon" : -73.990764,
        "time" : "20170201T000841-0500"
      }, {
        "lat" : 40.73427,
        "lon" : -73.991088,
        "time" : "20170201T000903-0500"
      }, {
        "lat" : 40.734272,
        "lon" : -73.990974,
        "time" : "20170201T000918-0500"
      }, {
        "lat" : 40.734297,
        "lon" : -73.990911,
        "time" : "20170201T000941-0500"
      }, {
        "lat" : 40.734429,
        "lon" : -73.990911,
        "time" : "20170201T000959-0500"
      }, {
        "lat" : 40.734742,
        "lon" : -73.990963,
        "time" : "20170201T001026-0500"
      }, {
        "lat" : 40.73498,
        "lon" : -73.990963,
        "time" : "20170201T001045-0500"
      }, {
        "lat" : 40.735154,
        "lon" : -73.990907,
        "time" : "20170201T001102-0500"
      }, {
        "lat" : 40.735391,
        "lon" : -73.990782,
        "time" : "20170201T001125-0500"
      }, {
        "lat" : 40.735505,
        "lon" : -73.990768,
        "time" : "20170201T001155-0500"
      } ]
    } ],
    "lastUpdate" : "20170201T065435Z"
  }, {
    "type" : "place",
    "startTime" : "20170201T001156-0500",
    "endTime" : "20170201T001746-0500",
    "place" : {
      "id" : 589516917,
      "type" : "unknown",
      "location" : {
        "lat" : 40.735505,
        "lon" : -73.990768
      }
    },
    "activities" : [ {
      "activity" : "walking",
      "group" : "walking",
      "manual" : false,
      "startTime" : "20170201T001156-0500",
      "endTime" : "20170201T001201-0500",
      "duration" : 5.0,
      "distance" : 3.0,
      "steps" : 7,
      "trackPoints" : [ ]
    } ],
    "lastUpdate" : "20170201T065435Z"
  }, {
    "type" : "move",
    "startTime" : "20170201T001746-0500",
    "endTime" : "20170201T005128-0500",
    "activities" : [ {
      "activity" : "transport",
      "group" : "transport",
      "manual" : false,
      "startTime" : "20170201T001746-0500",
      "endTime" : "20170201T004418-0500",
      "duration" : 1592.0,
      "distance" : 9441.0,
      "trackPoints" : [ {
        "lat" : 40.735505,
        "lon" : -73.990768,
        "time" : "20170201T001746-0500"
      }, {
        "lat" : 40.735483,
        "lon" : -73.990774,
        "time" : "20170201T001809-0500"
      }, {
        "lat" : 40.735474,
        "lon" : -73.990776,
        "time" : "20170201T001832-0500"
      }, {
        "lat" : 40.735463,
        "lon" : -73.990781,
        "time" : "20170201T001901-0500"
      }, {
        "lat" : 40.730606,
        "lon" : -73.992502,
        "time" : "20170201T002003-0500"
      }, {
        "lat" : 40.730448,
        "lon" : -73.992718,
        "time" : "20170201T002024-0500"
      }, {
        "lat" : 40.73042,
        "lon" : -73.992752,
        "time" : "20170201T002051-0500"
      }, {
        "lat" : 40.724335,
        "lon" : -73.997553,
        "time" : "20170201T002142-0500"
      }, {
        "lat" : 40.724114,
        "lon" : -73.997762,
        "time" : "20170201T002203-0500"
      }, {
        "lat" : 40.724085,
        "lon" : -73.997784,
        "time" : "20170201T002232-0500"
      }, {
        "lat" : 40.717918,
        "lon" : -74.000065,
        "time" : "20170201T002650-0500"
      }, {
        "lat" : 40.717923,
        "lon" : -74.000057,
        "time" : "20170201T002715-0500"
      }, {
        "lat" : 40.717926,
        "lon" : -74.000051,
        "time" : "20170201T002734-0500"
      }, {
        "lat" : 40.717928,
        "lon" : -74.000046,
        "time" : "20170201T002751-0500"
      }, {
        "lat" : 40.717933,
        "lon" : -74.000035,
        "time" : "20170201T002913-0500"
      }, {
        "lat" : 40.717933,
        "lon" : -74.000037,
        "time" : "20170201T002928-0500"
      }, {
        "lat" : 40.720327,
        "lon" : -73.99335,
        "time" : "20170201T003044-0500"
      }, {
        "lat" : 40.720327,
        "lon" : -73.993338,
        "time" : "20170201T003103-0500"
      }, {
        "lat" : 40.720317,
        "lon" : -73.993299,
        "time" : "20170201T003119-0500"
      }, {
        "lat" : 40.718521,
        "lon" : -73.987553,
        "time" : "20170201T003212-0500"
      }, {
        "lat" : 40.71837,
        "lon" : -73.987114,
        "time" : "20170201T003254-0500"
      }, {
        "lat" : 40.717694,
        "lon" : -73.985338,
        "time" : "20170201T003337-0500"
      }, {
        "lat" : 40.716397,
        "lon" : -73.981536,
        "time" : "20170201T003413-0500"
      }, {
        "lat" : 40.715806,
        "lon" : -73.979368,
        "time" : "20170201T003432-0500"
      }, {
        "lat" : 40.715145,
        "lon" : -73.977217,
        "time" : "20170201T003448-0500"
      }, {
        "lat" : 40.714983,
        "lon" : -73.975219,
        "time" : "20170201T003509-0500"
      }, {
        "lat" : 40.712445,
        "lon" : -73.967921,
        "time" : "20170201T003612-0500"
      }, {
        "lat" : 40.711305,
        "lon" : -73.965539,
        "time" : "20170201T003640-0500"
      }, {
        "lat" : 40.710709,
        "lon" : -73.96261,
        "time" : "20170201T003713-0500"
      }, {
        "lat" : 40.710444,
        "lon" : -73.961657,
        "time" : "20170201T003729-0500"
      }, {
        "lat" : 40.709599,
        "lon" : -73.960162,
        "time" : "20170201T003748-0500"
      }, {
        "lat" : 40.709035,
        "lon" : -73.959629,
        "time" : "20170201T003804-0500"
      }, {
        "lat" : 40.708746,
        "lon" : -73.958657,
        "time" : "20170201T003829-0500"
      }, {
        "lat" : 40.708348,
        "lon" : -73.957573,
        "time" : "20170201T003901-0500"
      }, {
        "lat" : 40.707619,
        "lon" : -73.955431,
        "time" : "20170201T003934-0500"
      }, {
        "lat" : 40.706992,
        "lon" : -73.953567,
        "time" : "20170201T003958-0500"
      }, {
        "lat" : 40.706837,
        "lon" : -73.953082,
        "time" : "20170201T004014-0500"
      }, {
        "lat" : 40.706322,
        "lon" : -73.951686,
        "time" : "20170201T004033-0500"
      }, {
        "lat" : 40.70464,
        "lon" : -73.948655,
        "time" : "20170201T004056-0500"
      }, {
        "lat" : 40.704033,
        "lon" : -73.947638,
        "time" : "20170201T004113-0500"
      }, {
        "lat" : 40.70352,
        "lon" : -73.946619,
        "time" : "20170201T004145-0500"
      }, {
        "lat" : 40.701985,
        "lon" : -73.943789,
        "time" : "20170201T004209-0500"
      }, {
        "lat" : 40.70041,
        "lon" : -73.940943,
        "time" : "20170201T004259-0500"
      }, {
        "lat" : 40.699395,
        "lon" : -73.939368,
        "time" : "20170201T004319-0500"
      }, {
        "lat" : 40.697742,
        "lon" : -73.93663,
        "time" : "20170201T004351-0500"
      }, {
        "lat" : 40.697096,
        "lon" : -73.935589,
        "time" : "20170201T004419-0500"
      } ]
    }, {
      "activity" : "walking",
      "group" : "walking",
      "manual" : false,
      "startTime" : "20170201T004419-0500",
      "endTime" : "20170201T005127-0500",
      "duration" : 428.0,
      "distance" : 466.0,
      "steps" : 732,
      "trackPoints" : [ {
        "lat" : 40.697096,
        "lon" : -73.935589,
        "time" : "20170201T004419-0500"
      }, {
        "lat" : 40.696928,
        "lon" : -73.935449,
        "time" : "20170201T004453-0500"
      }, {
        "lat" : 40.69678,
        "lon" : -73.935001,
        "time" : "20170201T004527-0500"
      }, {
        "lat" : 40.697035,
        "lon" : -73.934646,
        "time" : "20170201T004552-0500"
      }, {
        "lat" : 40.697124,
        "lon" : -73.934236,
        "time" : "20170201T004615-0500"
      }, {
        "lat" : 40.697168,
        "lon" : -73.933871,
        "time" : "20170201T004639-0500"
      }, {
        "lat" : 40.697223,
        "lon" : -73.933259,
        "time" : "20170201T004712-0500"
      }, {
        "lat" : 40.697298,
        "lon" : -73.932795,
        "time" : "20170201T004743-0500"
      }, {
        "lat" : 40.697297,
        "lon" : -73.932416,
        "time" : "20170201T004806-0500"
      }, {
        "lat" : 40.697181,
        "lon" : -73.932049,
        "time" : "20170201T004829-0500"
      }, {
        "lat" : 40.697006,
        "lon" : -73.931749,
        "time" : "20170201T004849-0500"
      }, {
        "lat" : 40.696724,
        "lon" : -73.931434,
        "time" : "20170201T004913-0500"
      }, {
        "lat" : 40.696598,
        "lon" : -73.931343,
        "time" : "20170201T004930-0500"
      }, {
        "lat" : 40.696585,
        "lon" : -73.931396,
        "time" : "20170201T004952-0500"
      }, {
        "lat" : 40.696603,
        "lon" : -73.931447,
        "time" : "20170201T005021-0500"
      }, {
        "lat" : 40.696642,
        "lon" : -73.931452,
        "time" : "20170201T005039-0500"
      }, {
        "lat" : 40.696666,
        "lon" : -73.931466,
        "time" : "20170201T005108-0500"
      }, {
        "lat" : 40.69673,
        "lon" : -73.931402,
        "time" : "20170201T005128-0500"
      } ]
    } ],
    "lastUpdate" : "20170201T065435Z"
  }, {
    "type" : "place",
    "startTime" : "20170201T005128-0500",
    "endTime" : "20170201T071628-0500",
    "place" : {
      "id" : 588636068,
      "type" : "unknown",
      "location" : {
        "lat" : 40.69673,
        "lon" : -73.931402
      }
    },
    "activities" : [ {
      "activity" : "walking",
      "group" : "walking",
      "manual" : false,
      "startTime" : "20170201T005128-0500",
      "endTime" : "20170201T005149-0500",
      "duration" : 21.0,
      "distance" : 15.0,
      "steps" : 31,
      "trackPoints" : [ ]
    } ],
    "lastUpdate" : "20170201T130829Z"
  }, {
    "type" : "move",
    "startTime" : "20170201T071628-0500",
    "endTime" : "20170201T074611-0500",
    "activities" : [ {
      "activity" : "walking",
      "group" : "walking",
      "manual" : false,
      "startTime" : "20170201T071628-0500",
      "endTime" : "20170201T072337-0500",
      "duration" : 429.0,
      "distance" : 415.0,
      "steps" : 783,
      "trackPoints" : [ {
        "lat" : 40.69673,
        "lon" : -73.931402,
        "time" : "20170201T071628-0500"
      }, {
        "lat" : 40.69691,
        "lon" : -73.931644,
        "time" : "20170201T071716-0500"
      }, {
        "lat" : 40.696949,
        "lon" : -73.931655,
        "time" : "20170201T071744-0500"
      }, {
        "lat" : 40.69707,
        "lon" : -73.931807,
        "time" : "20170201T071802-0500"
      }, {
        "lat" : 40.697279,
        "lon" : -73.932284,
        "time" : "20170201T071834-0500"
      }, {
        "lat" : 40.697321,
        "lon" : -73.932598,
        "time" : "20170201T071853-0500"
      }, {
        "lat" : 40.697224,
        "lon" : -73.932894,
        "time" : "20170201T071914-0500"
      }, {
        "lat" : 40.697092,
        "lon" : -73.933262,
        "time" : "20170201T071934-0500"
      }, {
        "lat" : 40.69714,
        "lon" : -73.933574,
        "time" : "20170201T071951-0500"
      }, {
        "lat" : 40.697146,
        "lon" : -73.933985,
        "time" : "20170201T072015-0500"
      }, {
        "lat" : 40.697137,
        "lon" : -73.93428,
        "time" : "20170201T072032-0500"
      }, {
        "lat" : 40.697059,
        "lon" : -73.93479,
        "time" : "20170201T072057-0500"
      }, {
        "lat" : 40.697019,
        "lon" : -73.935086,
        "time" : "20170201T072120-0500"
      }, {
        "lat" : 40.697019,
        "lon" : -73.935179,
        "time" : "20170201T072143-0500"
      }, {
        "lat" : 40.697012,
        "lon" : -73.935275,
        "time" : "20170201T072206-0500"
      }, {
        "lat" : 40.697003,
        "lon" : -73.935415,
        "time" : "20170201T072229-0500"
      }, {
        "lat" : 40.696974,
        "lon" : -73.935515,
        "time" : "20170201T072249-0500"
      }, {
        "lat" : 40.697049,
        "lon" : -73.935492,
        "time" : "20170201T072309-0500"
      }, {
        "lat" : 40.697108,
        "lon" : -73.935341,
        "time" : "20170201T072337-0500"
      } ]
    }, {
      "activity" : "transport",
      "group" : "transport",
      "manual" : false,
      "startTime" : "20170201T072337-0500",
      "endTime" : "20170201T073607-0500",
      "duration" : 750.0,
      "distance" : 5744.0,
      "trackPoints" : [ {
        "lat" : 40.697108,
        "lon" : -73.935341,
        "time" : "20170201T072337-0500"
      }, {
        "lat" : 40.69722,
        "lon" : -73.935257,
        "time" : "20170201T072404-0500"
      }, {
        "lat" : 40.697262,
        "lon" : -73.935316,
        "time" : "20170201T072427-0500"
      }, {
        "lat" : 40.697279,
        "lon" : -73.935325,
        "time" : "20170201T072453-0500"
      }, {
        "lat" : 40.697291,
        "lon" : -73.93533,
        "time" : "20170201T072511-0500"
      }, {
        "lat" : 40.697306,
        "lon" : -73.935333,
        "time" : "20170201T072529-0500"
      }, {
        "lat" : 40.697311,
        "lon" : -73.935417,
        "time" : "20170201T072553-0500"
      }, {
        "lat" : 40.697319,
        "lon" : -73.935497,
        "time" : "20170201T072614-0500"
      }, {
        "lat" : 40.697331,
        "lon" : -73.935575,
        "time" : "20170201T072634-0500"
      }, {
        "lat" : 40.697706,
        "lon" : -73.936399,
        "time" : "20170201T072650-0500"
      }, {
        "lat" : 40.699187,
        "lon" : -73.939151,
        "time" : "20170201T072710-0500"
      }, {
        "lat" : 40.701051,
        "lon" : -73.942238,
        "time" : "20170201T072728-0500"
      }, {
        "lat" : 40.703664,
        "lon" : -73.947028,
        "time" : "20170201T072754-0500"
      }, {
        "lat" : 40.706058,
        "lon" : -73.950839,
        "time" : "20170201T072823-0500"
      }, {
        "lat" : 40.706666,
        "lon" : -73.952729,
        "time" : "20170201T072839-0500"
      }, {
        "lat" : 40.707187,
        "lon" : -73.954356,
        "time" : "20170201T072856-0500"
      }, {
        "lat" : 40.708029,
        "lon" : -73.956544,
        "time" : "20170201T072929-0500"
      }, {
        "lat" : 40.7084,
        "lon" : -73.957676,
        "time" : "20170201T073001-0500"
      }, {
        "lat" : 40.708452,
        "lon" : -73.957961,
        "time" : "20170201T073019-0500"
      }, {
        "lat" : 40.70879,
        "lon" : -73.95869,
        "time" : "20170201T073037-0500"
      }, {
        "lat" : 40.70973,
        "lon" : -73.9603,
        "time" : "20170201T073104-0500"
      }, {
        "lat" : 40.71055,
        "lon" : -73.961906,
        "time" : "20170201T073119-0500"
      }, {
        "lat" : 40.711136,
        "lon" : -73.963871,
        "time" : "20170201T073135-0500"
      }, {
        "lat" : 40.711904,
        "lon" : -73.966486,
        "time" : "20170201T073151-0500"
      }, {
        "lat" : 40.712315,
        "lon" : -73.968406,
        "time" : "20170201T073207-0500"
      }, {
        "lat" : 40.713621,
        "lon" : -73.971964,
        "time" : "20170201T073240-0500"
      }, {
        "lat" : 40.714842,
        "lon" : -73.975808,
        "time" : "20170201T073314-0500"
      }, {
        "lat" : 40.714965,
        "lon" : -73.976978,
        "time" : "20170201T073334-0500"
      }, {
        "lat" : 40.715656,
        "lon" : -73.978628,
        "time" : "20170201T073353-0500"
      }, {
        "lat" : 40.716558,
        "lon" : -73.981399,
        "time" : "20170201T073426-0500"
      }, {
        "lat" : 40.716996,
        "lon" : -73.982826,
        "time" : "20170201T073445-0500"
      }, {
        "lat" : 40.717199,
        "lon" : -73.983866,
        "time" : "20170201T073505-0500"
      }, {
        "lat" : 40.717504,
        "lon" : -73.984828,
        "time" : "20170201T073526-0500"
      }, {
        "lat" : 40.718269,
        "lon" : -73.986893,
        "time" : "20170201T073543-0500"
      }, {
        "lat" : 40.718543,
        "lon" : -73.987523,
        "time" : "20170201T073608-0500"
      } ]
    }, {
      "activity" : "walking",
      "group" : "walking",
      "manual" : false,
      "startTime" : "20170201T073608-0500",
      "endTime" : "20170201T073838-0500",
      "duration" : 150.0,
      "distance" : 81.0,
      "steps" : 163,
      "trackPoints" : [ {
        "lat" : 40.718543,
        "lon" : -73.987523,
        "time" : "20170201T073608-0500"
      }, {
        "lat" : 40.718518,
        "lon" : -73.987467,
        "time" : "20170201T073623-0500"
      }, {
        "lat" : 40.718499,
        "lon" : -73.987425,
        "time" : "20170201T073644-0500"
      }, {
        "lat" : 40.718495,
        "lon" : -73.987419,
        "time" : "20170201T073706-0500"
      }, {
        "lat" : 40.718507,
        "lon" : -73.987446,
        "time" : "20170201T073729-0500"
      }, {
        "lat" : 40.718547,
        "lon" : -73.987519,
        "time" : "20170201T073747-0500"
      }, {
        "lat" : 40.718656,
        "lon" : -73.987754,
        "time" : "20170201T073807-0500"
      }, {
        "lat" : 40.718744,
        "lon" : -73.98794,
        "time" : "20170201T073838-0500"
      } ]
    }, {
      "activity" : "transport",
      "group" : "transport",
      "manual" : false,
      "startTime" : "20170201T073838-0500",
      "endTime" : "20170201T074138-0500",
      "duration" : 180.0,
      "distance" : 1226.0,
      "trackPoints" : [ {
        "lat" : 40.718744,
        "lon" : -73.98794,
        "time" : "20170201T073838-0500"
      }, {
        "lat" : 40.723706,
        "lon" : -73.990772,
        "time" : "20170201T073953-0500"
      }, {
        "lat" : 40.723774,
        "lon" : -73.990952,
        "time" : "20170201T074020-0500"
      }, {
        "lat" : 40.725244,
        "lon" : -73.995572,
        "time" : "20170201T074118-0500"
      }, {
        "lat" : 40.725317,
        "lon" : -73.995873,
        "time" : "20170201T074138-0500"
      } ]
    }, {
      "activity" : "walking",
      "group" : "walking",
      "manual" : false,
      "startTime" : "20170201T074138-0500",
      "endTime" : "20170201T074611-0500",
      "duration" : 273.0,
      "distance" : 314.0,
      "steps" : 455,
      "trackPoints" : [ {
        "lat" : 40.725317,
        "lon" : -73.995873,
        "time" : "20170201T074138-0500"
      }, {
        "lat" : 40.725298,
        "lon" : -73.995804,
        "time" : "20170201T074157-0500"
      }, {
        "lat" : 40.725262,
        "lon" : -73.99574,
        "time" : "20170201T074217-0500"
      }, {
        "lat" : 40.725265,
        "lon" : -73.995827,
        "time" : "20170201T074235-0500"
      }, {
        "lat" : 40.725287,
        "lon" : -73.995968,
        "time" : "20170201T074252-0500"
      }, {
        "lat" : 40.725364,
        "lon" : -73.996376,
        "time" : "20170201T074317-0500"
      }, {
        "lat" : 40.725536,
        "lon" : -73.996636,
        "time" : "20170201T074341-0500"
      }, {
        "lat" : 40.72595,
        "lon" : -73.996297,
        "time" : "20170201T074413-0500"
      }, {
        "lat" : 40.726268,
        "lon" : -73.996044,
        "time" : "20170201T074440-0500"
      }, {
        "lat" : 40.726411,
        "lon" : -73.995902,
        "time" : "20170201T074456-0500"
      }, {
        "lat" : 40.726547,
        "lon" : -73.995757,
        "time" : "20170201T074512-0500"
      }, {
        "lat" : 40.726723,
        "lon" : -73.995624,
        "time" : "20170201T074530-0500"
      }, {
        "lat" : 40.726926,
        "lon" : -73.995438,
        "time" : "20170201T074554-0500"
      }, {
        "lat" : 40.727076,
        "lon" : -73.995237,
        "time" : "20170201T074611-0500"
      } ]
    } ],
    "lastUpdate" : "20170201T130829Z"
  }, {
    "type" : "place",
    "startTime" : "20170201T074612-0500",
    "endTime" : "20170201T091012-0500",
    "place" : {
      "id" : 589341243,
      "type" : "unknown",
      "location" : {
        "lat" : 40.727076,
        "lon" : -73.995237
      }
    },
    "activities" : [ {
      "activity" : "walking",
      "group" : "walking",
      "manual" : false,
      "startTime" : "20170201T074612-0500",
      "endTime" : "20170201T074648-0500",
      "duration" : 36.0,
      "distance" : 27.0,
      "steps" : 55,
      "trackPoints" : [ ]
    }, {
      "activity" : "walking",
      "group" : "walking",
      "manual" : false,
      "startTime" : "20170201T090709-0500",
      "endTime" : "20170201T090736-0500",
      "duration" : 27.0,
      "distance" : 19.0,
      "steps" : 39,
      "trackPoints" : [ ]
    } ],
    "lastUpdate" : "20170201T144310Z"
  }, {
    "type" : "move",
    "startTime" : "20170201T091012-0500",
    "endTime" : "20170201T091722-0500",
    "activities" : [ {
      "activity" : "walking",
      "group" : "walking",
      "manual" : false,
      "startTime" : "20170201T091012-0500",
      "endTime" : "20170201T091721-0500",
      "duration" : 429.0,
      "distance" : 384.0,
      "steps" : 639,
      "trackPoints" : [ {
        "lat" : 40.727076,
        "lon" : -73.995237,
        "time" : "20170201T091012-0500"
      }, {
        "lat" : 40.72701,
        "lon" : -73.994968,
        "time" : "20170201T091030-0500"
      }, {
        "lat" : 40.727051,
        "lon" : -73.994879,
        "time" : "20170201T091109-0500"
      }, {
        "lat" : 40.727565,
        "lon" : -73.995038,
        "time" : "20170201T091131-0500"
      }, {
        "lat" : 40.728073,
        "lon" : -73.994693,
        "time" : "20170201T091219-0500"
      }, {
        "lat" : 40.728199,
        "lon" : -73.994223,
        "time" : "20170201T091248-0500"
      }, {
        "lat" : 40.728211,
        "lon" : -73.993948,
        "time" : "20170201T091308-0500"
      }, {
        "lat" : 40.727955,
        "lon" : -73.993429,
        "time" : "20170201T091347-0500"
      }, {
        "lat" : 40.727896,
        "lon" : -73.993297,
        "time" : "20170201T091407-0500"
      }, {
        "lat" : 40.728049,
        "lon" : -73.993077,
        "time" : "20170201T091446-0500"
      }, {
        "lat" : 40.728205,
        "lon" : -73.992938,
        "time" : "20170201T091502-0500"
      }, {
        "lat" : 40.728342,
        "lon" : -73.992826,
        "time" : "20170201T091522-0500"
      }, {
        "lat" : 40.728361,
        "lon" : -73.992816,
        "time" : "20170201T091537-0500"
      }, {
        "lat" : 40.728413,
        "lon" : -73.992796,
        "time" : "20170201T091606-0500"
      }, {
        "lat" : 40.728436,
        "lon" : -73.992804,
        "time" : "20170201T091623-0500"
      }, {
        "lat" : 40.728447,
        "lon" : -73.992812,
        "time" : "20170201T091643-0500"
      }, {
        "lat" : 40.728447,
        "lon" : -73.992813,
        "time" : "20170201T091704-0500"
      }, {
        "lat" : 40.72845,
        "lon" : -73.992815,
        "time" : "20170201T091722-0500"
      } ]
    } ],
    "lastUpdate" : "20170201T144310Z"
  }, {
    "type" : "place",
    "startTime" : "20170201T091722-0500",
    "endTime" : "20170201T094122-0500",
    "place" : {
      "id" : 589686275,
      "type" : "unknown",
      "location" : {
        "lat" : 40.72845,
        "lon" : -73.992815
      }
    },
    "activities" : [ {
      "activity" : "walking",
      "group" : "walking",
      "manual" : false,
      "startTime" : "20170201T093435-0500",
      "endTime" : "20170201T093440-0500",
      "duration" : 5.0,
      "distance" : 4.0,
      "steps" : 9,
      "trackPoints" : [ ]
    } ],
    "lastUpdate" : "20170201T161518Z"
  }, {
    "type" : "place",
    "startTime" : "20170201T094122-0500",
    "endTime" : "20170201T095053-0500",
    "place" : {
      "id" : 589725705,
      "type" : "unknown",
      "location" : {
        "lat" : 40.728142,
        "lon" : -73.993921
      }
    },
    "activities" : [ {
      "activity" : "walking",
      "group" : "walking",
      "manual" : false,
      "startTime" : "20170201T094252-0500",
      "endTime" : "20170201T094822-0500",
      "duration" : 330.0,
      "distance" : 371.0,
      "steps" : 495,
      "trackPoints" : [ ]
    } ],
    "lastUpdate" : "20170201T161518Z"
  }, {
    "type" : "move",
    "startTime" : "20170201T095053-0500",
    "endTime" : "20170201T095539-0500",
    "activities" : [ {
      "activity" : "walking",
      "group" : "walking",
      "manual" : false,
      "startTime" : "20170201T095053-0500",
      "endTime" : "20170201T095538-0500",
      "duration" : 285.0,
      "distance" : 410.0,
      "steps" : 499,
      "trackPoints" : [ {
        "lat" : 40.728142,
        "lon" : -73.993921,
        "time" : "20170201T095053-0500"
      }, {
        "lat" : 40.728001,
        "lon" : -73.994617,
        "time" : "20170201T095111-0500"
      }, {
        "lat" : 40.728212,
        "lon" : -73.994459,
        "time" : "20170201T095134-0500"
      }, {
        "lat" : 40.72848,
        "lon" : -73.994473,
        "time" : "20170201T095158-0500"
      }, {
        "lat" : 40.728619,
        "lon" : -73.994614,
        "time" : "20170201T095220-0500"
      }, {
        "lat" : 40.728717,
        "lon" : -73.994811,
        "time" : "20170201T095237-0500"
      }, {
        "lat" : 40.728871,
        "lon" : -73.995135,
        "time" : "20170201T095303-0500"
      }, {
        "lat" : 40.72898,
        "lon" : -73.995279,
        "time" : "20170201T095319-0500"
      }, {
        "lat" : 40.729075,
        "lon" : -73.99557,
        "time" : "20170201T095336-0500"
      }, {
        "lat" : 40.72932,
        "lon" : -73.995935,
        "time" : "20170201T095402-0500"
      }, {
        "lat" : 40.729611,
        "lon" : -73.996349,
        "time" : "20170201T095424-0500"
      }, {
        "lat" : 40.729866,
        "lon" : -73.996694,
        "time" : "20170201T095448-0500"
      }, {
        "lat" : 40.730053,
        "lon" : -73.996927,
        "time" : "20170201T095505-0500"
      }, {
        "lat" : 40.729922,
        "lon" : -73.99704,
        "time" : "20170201T095539-0500"
      } ]
    } ],
    "lastUpdate" : "20170201T161518Z"
  }, {
    "type" : "place",
    "startTime" : "20170201T095539-0500",
    "endTime" : "20170201T135455-0500",
    "place" : {
      "id" : 589420623,
      "type" : "unknown",
      "location" : {
        "lat" : 40.729922,
        "lon" : -73.99704
      }
    },
    "activities" : [ {
      "activity" : "walking",
      "group" : "walking",
      "manual" : false,
      "startTime" : "20170201T095539-0500",
      "endTime" : "20170201T095759-0500",
      "duration" : 140.0,
      "distance" : 158.0,
      "steps" : 211,
      "trackPoints" : [ ]
    }, {
      "activity" : "walking",
      "group" : "walking",
      "manual" : false,
      "startTime" : "20170201T100451-0500",
      "endTime" : "20170201T100656-0500",
      "duration" : 125.0,
      "distance" : 138.0,
      "steps" : 184,
      "trackPoints" : [ ]
    }, {
      "activity" : "walking",
      "group" : "walking",
      "manual" : false,
      "startTime" : "20170201T112859-0500",
      "endTime" : "20170201T113032-0500",
      "duration" : 93.0,
      "distance" : 52.0,
      "steps" : 104,
      "trackPoints" : [ ]
    }, {
      "activity" : "walking",
      "group" : "walking",
      "manual" : false,
      "startTime" : "20170201T133312-0500",
      "endTime" : "20170201T133612-0500",
      "duration" : 180.0,
      "distance" : 201.0,
      "steps" : 268,
      "trackPoints" : [ ]
    } ],
    "lastUpdate" : "20170201T192151Z"
  }, {
    "type" : "move",
    "startTime" : "20170201T135455-0500",
    "endTime" : "20170201T140803-0500",
    "activities" : [ {
      "activity" : "walking",
      "group" : "walking",
      "manual" : false,
      "startTime" : "20170201T135455-0500",
      "endTime" : "20170201T140803-0500",
      "duration" : 788.0,
      "distance" : 927.0,
      "steps" : 1269,
      "trackPoints" : [ {
        "lat" : 40.729922,
        "lon" : -73.99704,
        "time" : "20170201T135455-0500"
      }, {
        "lat" : 40.729851,
        "lon" : -73.996795,
        "time" : "20170201T135530-0500"
      }, {
        "lat" : 40.729858,
        "lon" : -73.99681,
        "time" : "20170201T135557-0500"
      }, {
        "lat" : 40.729875,
        "lon" : -73.996786,
        "time" : "20170201T135622-0500"
      }, {
        "lat" : 40.729899,
        "lon" : -73.996668,
        "time" : "20170201T135713-0500"
      }, {
        "lat" : 40.729692,
        "lon" : -73.996651,
        "time" : "20170201T135730-0500"
      }, {
        "lat" : 40.73006,
        "lon" : -73.996747,
        "time" : "20170201T135746-0500"
      }, {
        "lat" : 40.730247,
        "lon" : -73.996622,
        "time" : "20170201T135802-0500"
      }, {
        "lat" : 40.730065,
        "lon" : -73.995796,
        "time" : "20170201T135824-0500"
      }, {
        "lat" : 40.729915,
        "lon" : -73.995548,
        "time" : "20170201T135843-0500"
      }, {
        "lat" : 40.72985,
        "lon" : -73.995262,
        "time" : "20170201T135859-0500"
      }, {
        "lat" : 40.72971,
        "lon" : -73.995019,
        "time" : "20170201T135920-0500"
      }, {
        "lat" : 40.729632,
        "lon" : -73.994763,
        "time" : "20170201T135938-0500"
      }, {
        "lat" : 40.729552,
        "lon" : -73.994395,
        "time" : "20170201T135959-0500"
      }, {
        "lat" : 40.729552,
        "lon" : -73.994395,
        "time" : "20170201T140000-0500"
      }, {
        "lat" : 40.729513,
        "lon" : -73.994215,
        "time" : "20170201T140010-0500"
      }, {
        "lat" : 40.729583,
        "lon" : -73.994005,
        "time" : "20170201T140027-0500"
      }, {
        "lat" : 40.729731,
        "lon" : -73.993624,
        "time" : "20170201T140057-0500"
      }, {
        "lat" : 40.729846,
        "lon" : -73.993381,
        "time" : "20170201T140118-0500"
      }, {
        "lat" : 40.729985,
        "lon" : -73.993119,
        "time" : "20170201T140139-0500"
      }, {
        "lat" : 40.730129,
        "lon" : -73.992865,
        "time" : "20170201T140157-0500"
      }, {
        "lat" : 40.730354,
        "lon" : -73.992611,
        "time" : "20170201T140228-0500"
      }, {
        "lat" : 40.730504,
        "lon" : -73.992516,
        "time" : "20170201T140243-0500"
      }, {
        "lat" : 40.7307,
        "lon" : -73.992328,
        "time" : "20170201T140309-0500"
      }, {
        "lat" : 40.730727,
        "lon" : -73.99226,
        "time" : "20170201T140324-0500"
      }, {
        "lat" : 40.73058,
        "lon" : -73.99216,
        "time" : "20170201T140406-0500"
      }, {
        "lat" : 40.730371,
        "lon" : -73.991861,
        "time" : "20170201T140430-0500"
      }, {
        "lat" : 40.730181,
        "lon" : -73.99152,
        "time" : "20170201T140447-0500"
      }, {
        "lat" : 40.730036,
        "lon" : -73.991182,
        "time" : "20170201T140508-0500"
      }, {
        "lat" : 40.729929,
        "lon" : -73.990905,
        "time" : "20170201T140536-0500"
      }, {
        "lat" : 40.729785,
        "lon" : -73.990447,
        "time" : "20170201T140602-0500"
      }, {
        "lat" : 40.729719,
        "lon" : -73.990147,
        "time" : "20170201T140622-0500"
      }, {
        "lat" : 40.729727,
        "lon" : -73.989579,
        "time" : "20170201T140655-0500"
      }, {
        "lat" : 40.729637,
        "lon" : -73.989435,
        "time" : "20170201T140718-0500"
      }, {
        "lat" : 40.729452,
        "lon" : -73.989357,
        "time" : "20170201T140736-0500"
      }, {
        "lat" : 40.729274,
        "lon" : -73.989176,
        "time" : "20170201T140803-0500"
      } ]
    } ],
    "lastUpdate" : "20170201T192151Z"
  }, {
    "type" : "place",
    "startTime" : "20170201T140803-0500",
    "endTime" : "20170201T144815-0500",
    "place" : {
      "id" : 589399298,
      "type" : "unknown",
      "location" : {
        "lat" : 40.729274,
        "lon" : -73.989176
      }
    },
    "activities" : [ {
      "activity" : "walking",
      "group" : "walking",
      "manual" : false,
      "startTime" : "20170201T140803-0500",
      "endTime" : "20170201T140823-0500",
      "duration" : 20.0,
      "distance" : 15.0,
      "steps" : 30,
      "trackPoints" : [ ]
    } ],
    "lastUpdate" : "20170201T205208Z"
  }, {
    "type" : "move",
    "startTime" : "20170201T144815-0500",
    "endTime" : "20170201T145652-0500",
    "activities" : [ {
      "activity" : "walking",
      "group" : "walking",
      "manual" : false,
      "startTime" : "20170201T144815-0500",
      "endTime" : "20170201T145651-0500",
      "duration" : 516.0,
      "distance" : 436.0,
      "steps" : 753,
      "trackPoints" : [ {
        "lat" : 40.729274,
        "lon" : -73.989176,
        "time" : "20170201T144815-0500"
      }, {
        "lat" : 40.729474,
        "lon" : -73.989708,
        "time" : "20170201T144839-0500"
      }, {
        "lat" : 40.729573,
        "lon" : -73.989997,
        "time" : "20170201T144858-0500"
      }, {
        "lat" : 40.729733,
        "lon" : -73.990354,
        "time" : "20170201T144917-0500"
      }, {
        "lat" : 40.729867,
        "lon" : -73.990844,
        "time" : "20170201T144956-0500"
      }, {
        "lat" : 40.730013,
        "lon" : -73.991209,
        "time" : "20170201T145026-0500"
      }, {
        "lat" : 40.73003,
        "lon" : -73.991329,
        "time" : "20170201T145041-0500"
      }, {
        "lat" : 40.730071,
        "lon" : -73.991394,
        "time" : "20170201T145108-0500"
      }, {
        "lat" : 40.730023,
        "lon" : -73.991558,
        "time" : "20170201T145131-0500"
      }, {
        "lat" : 40.729986,
        "lon" : -73.9918,
        "time" : "20170201T145152-0500"
      }, {
        "lat" : 40.729987,
        "lon" : -73.991967,
        "time" : "20170201T145208-0500"
      }, {
        "lat" : 40.73004,
        "lon" : -73.992176,
        "time" : "20170201T145225-0500"
      }, {
        "lat" : 40.730096,
        "lon" : -73.992438,
        "time" : "20170201T145255-0500"
      }, {
        "lat" : 40.730094,
        "lon" : -73.992719,
        "time" : "20170201T145318-0500"
      }, {
        "lat" : 40.730039,
        "lon" : -73.992993,
        "time" : "20170201T145341-0500"
      }, {
        "lat" : 40.729992,
        "lon" : -73.993253,
        "time" : "20170201T145404-0500"
      }, {
        "lat" : 40.729957,
        "lon" : -73.993343,
        "time" : "20170201T145421-0500"
      }, {
        "lat" : 40.729882,
        "lon" : -73.993386,
        "time" : "20170201T145437-0500"
      }, {
        "lat" : 40.72973,
        "lon" : -73.993443,
        "time" : "20170201T145458-0500"
      }, {
        "lat" : 40.729657,
        "lon" : -73.993439,
        "time" : "20170201T145521-0500"
      }, {
        "lat" : 40.729637,
        "lon" : -73.993418,
        "time" : "20170201T145547-0500"
      }, {
        "lat" : 40.7296,
        "lon" : -73.993447,
        "time" : "20170201T145609-0500"
      }, {
        "lat" : 40.729632,
        "lon" : -73.993455,
        "time" : "20170201T145634-0500"
      }, {
        "lat" : 40.729663,
        "lon" : -73.993393,
        "time" : "20170201T145652-0500"
      } ]
    } ],
    "lastUpdate" : "20170201T205208Z"
  }, {
    "type" : "place",
    "startTime" : "20170201T145652-0500",
    "endTime" : "20170201T214704-0500",
    "place" : {
      "id" : 588615003,
      "type" : "unknown",
      "location" : {
        "lat" : 40.729663,
        "lon" : -73.993393
      }
    },
    "activities" : [ {
      "activity" : "walking",
      "group" : "walking",
      "manual" : false,
      "startTime" : "20170201T145652-0500",
      "endTime" : "20170201T145726-0500",
      "duration" : 34.0,
      "distance" : 25.0,
      "steps" : 51,
      "trackPoints" : [ ]
    }, {
      "activity" : "walking",
      "group" : "walking",
      "manual" : false,
      "startTime" : "20170201T150035-0500",
      "endTime" : "20170201T150036-0500",
      "duration" : 1.0,
      "distance" : 1.0,
      "steps" : 2,
      "trackPoints" : [ ]
    }, {
      "activity" : "walking",
      "group" : "walking",
      "manual" : false,
      "startTime" : "20170201T164736-0500",
      "endTime" : "20170201T164805-0500",
      "duration" : 29.0,
      "distance" : 14.0,
      "steps" : 0,
      "trackPoints" : [ ]
    }, {
      "activity" : "walking",
      "group" : "walking",
      "manual" : false,
      "startTime" : "20170201T181541-0500",
      "endTime" : "20170201T181657-0500",
      "duration" : 76.0,
      "distance" : 38.0,
      "steps" : 53,
      "trackPoints" : [ ]
    }, {
      "activity" : "walking",
      "group" : "walking",
      "manual" : false,
      "startTime" : "20170201T201702-0500",
      "endTime" : "20170201T201919-0500",
      "duration" : 137.0,
      "distance" : 145.0,
      "steps" : 194,
      "trackPoints" : [ ]
    }, {
      "activity" : "walking",
      "group" : "walking",
      "manual" : false,
      "startTime" : "20170201T210238-0500",
      "endTime" : "20170201T210755-0500",
      "duration" : 317.0,
      "distance" : 323.0,
      "steps" : 431,
      "trackPoints" : [ ]
    } ],
    "lastUpdate" : "20170202T030130Z"
  }, {
    "type" : "move",
    "startTime" : "20170201T214704-0500",
    "endTime" : "20170201T215827-0500",
    "activities" : [ {
      "activity" : "walking",
      "group" : "walking",
      "manual" : false,
      "startTime" : "20170201T214704-0500",
      "endTime" : "20170201T215827-0500",
      "duration" : 683.0,
      "distance" : 749.0,
      "steps" : 1102,
      "trackPoints" : [ {
        "lat" : 40.729663,
        "lon" : -73.993393,
        "time" : "20170201T214704-0500"
      }, {
        "lat" : 40.729895,
        "lon" : -73.993121,
        "time" : "20170201T214738-0500"
      }, {
        "lat" : 40.730067,
        "lon" : -73.992856,
        "time" : "20170201T214755-0500"
      }, {
        "lat" : 40.730217,
        "lon" : -73.992652,
        "time" : "20170201T214818-0500"
      }, {
        "lat" : 40.730329,
        "lon" : -73.992598,
        "time" : "20170201T214836-0500"
      }, {
        "lat" : 40.730555,
        "lon" : -73.992491,
        "time" : "20170201T214901-0500"
      }, {
        "lat" : 40.730797,
        "lon" : -73.992302,
        "time" : "20170201T214920-0500"
      }, {
        "lat" : 40.731023,
        "lon" : -73.992136,
        "time" : "20170201T214935-0500"
      }, {
        "lat" : 40.731077,
        "lon" : -73.991748,
        "time" : "20170201T215002-0500"
      }, {
        "lat" : 40.731269,
        "lon" : -73.991716,
        "time" : "20170201T215022-0500"
      }, {
        "lat" : 40.731516,
        "lon" : -73.991618,
        "time" : "20170201T215045-0500"
      }, {
        "lat" : 40.731908,
        "lon" : -73.991482,
        "time" : "20170201T215121-0500"
      }, {
        "lat" : 40.732224,
        "lon" : -73.991349,
        "time" : "20170201T215145-0500"
      }, {
        "lat" : 40.732454,
        "lon" : -73.991282,
        "time" : "20170201T215201-0500"
      }, {
        "lat" : 40.732665,
        "lon" : -73.991243,
        "time" : "20170201T215218-0500"
      }, {
        "lat" : 40.732844,
        "lon" : -73.99121,
        "time" : "20170201T215237-0500"
      }, {
        "lat" : 40.733013,
        "lon" : -73.99114,
        "time" : "20170201T215259-0500"
      }, {
        "lat" : 40.733162,
        "lon" : -73.991039,
        "time" : "20170201T215320-0500"
      }, {
        "lat" : 40.733389,
        "lon" : -73.991006,
        "time" : "20170201T215341-0500"
      }, {
        "lat" : 40.733678,
        "lon" : -73.990905,
        "time" : "20170201T215407-0500"
      }, {
        "lat" : 40.73406,
        "lon" : -73.990929,
        "time" : "20170201T215432-0500"
      }, {
        "lat" : 40.734259,
        "lon" : -73.990912,
        "time" : "20170201T215456-0500"
      }, {
        "lat" : 40.734428,
        "lon" : -73.990895,
        "time" : "20170201T215519-0500"
      }, {
        "lat" : 40.734604,
        "lon" : -73.99085,
        "time" : "20170201T215553-0500"
      }, {
        "lat" : 40.734813,
        "lon" : -73.990866,
        "time" : "20170201T215617-0500"
      }, {
        "lat" : 40.734894,
        "lon" : -73.990965,
        "time" : "20170201T215635-0500"
      }, {
        "lat" : 40.734996,
        "lon" : -73.991005,
        "time" : "20170201T215653-0500"
      }, {
        "lat" : 40.735086,
        "lon" : -73.990961,
        "time" : "20170201T215712-0500"
      }, {
        "lat" : 40.735278,
        "lon" : -73.990829,
        "time" : "20170201T215730-0500"
      }, {
        "lat" : 40.735448,
        "lon" : -73.990734,
        "time" : "20170201T215750-0500"
      }, {
        "lat" : 40.735505,
        "lon" : -73.990768,
        "time" : "20170201T215827-0500"
      } ]
    } ],
    "lastUpdate" : "20170202T030130Z"
  }, {
    "type" : "place",
    "startTime" : "20170201T215827-0500",
    "endTime" : "20170201T220732-0500",
    "place" : {
      "id" : 589516917,
      "type" : "unknown",
      "location" : {
        "lat" : 40.735505,
        "lon" : -73.990768
      }
    },
    "activities" : [ {
      "activity" : "walking",
      "group" : "walking",
      "manual" : false,
      "startTime" : "20170201T215908-0500",
      "endTime" : "20170201T215918-0500",
      "duration" : 10.0,
      "distance" : 8.0,
      "steps" : 16,
      "trackPoints" : [ ]
    }, {
      "activity" : "walking",
      "group" : "walking",
      "manual" : false,
      "startTime" : "20170201T220639-0500",
      "endTime" : "20170201T220647-0500",
      "duration" : 8.0,
      "distance" : 6.0,
      "steps" : 12,
      "trackPoints" : [ ]
    } ],
    "lastUpdate" : "20170202T043606Z"
  }, {
    "type" : "move",
    "startTime" : "20170201T220732-0500",
    "endTime" : "20170201T223800-0500",
    "activities" : [ {
      "activity" : "transport",
      "group" : "transport",
      "manual" : false,
      "startTime" : "20170201T220732-0500",
      "endTime" : "20170201T223516-0500",
      "duration" : 1664.0,
      "distance" : 11960.0,
      "trackPoints" : [ {
        "lat" : 40.735505,
        "lon" : -73.990768,
        "time" : "20170201T220732-0500"
      }, {
        "lat" : 40.74123,
        "lon" : -73.989121,
        "time" : "20170201T220804-0500"
      }, {
        "lat" : 40.741421,
        "lon" : -73.98909,
        "time" : "20170201T220824-0500"
      }, {
        "lat" : 40.741614,
        "lon" : -73.989082,
        "time" : "20170201T220850-0500"
      }, {
        "lat" : 40.745285,
        "lon" : -73.988778,
        "time" : "20170201T220929-0500"
      }, {
        "lat" : 40.745315,
        "lon" : -73.988781,
        "time" : "20170201T220948-0500"
      }, {
        "lat" : 40.745304,
        "lon" : -73.988784,
        "time" : "20170201T221004-0500"
      }, {
        "lat" : 40.748612,
        "lon" : -73.988379,
        "time" : "20170201T221058-0500"
      }, {
        "lat" : 40.749452,
        "lon" : -73.988098,
        "time" : "20170201T221116-0500"
      }, {
        "lat" : 40.749511,
        "lon" : -73.988074,
        "time" : "20170201T221132-0500"
      }, {
        "lat" : 40.749465,
        "lon" : -73.988087,
        "time" : "20170201T221148-0500"
      }, {
        "lat" : 40.750048,
        "lon" : -73.98788,
        "time" : "20170201T221209-0500"
      }, {
        "lat" : 40.75445,
        "lon" : -73.986954,
        "time" : "20170201T221312-0500"
      }, {
        "lat" : 40.75446,
        "lon" : -73.986944,
        "time" : "20170201T221339-0500"
      }, {
        "lat" : 40.759917,
        "lon" : -73.984328,
        "time" : "20170201T221429-0500"
      }, {
        "lat" : 40.760167,
        "lon" : -73.984125,
        "time" : "20170201T221445-0500"
      }, {
        "lat" : 40.760166,
        "lon" : -73.984124,
        "time" : "20170201T221500-0500"
      }, {
        "lat" : 40.764303,
        "lon" : -73.981044,
        "time" : "20170201T221613-0500"
      }, {
        "lat" : 40.764444,
        "lon" : -73.980864,
        "time" : "20170201T221639-0500"
      }, {
        "lat" : 40.764539,
        "lon" : -73.980731,
        "time" : "20170201T221704-0500"
      }, {
        "lat" : 40.764719,
        "lon" : -73.980497,
        "time" : "20170201T221720-0500"
      }, {
        "lat" : 40.76481,
        "lon" : -73.980303,
        "time" : "20170201T221739-0500"
      }, {
        "lat" : 40.764906,
        "lon" : -73.973851,
        "time" : "20170201T221910-0500"
      }, {
        "lat" : 40.764848,
        "lon" : -73.973652,
        "time" : "20170201T221934-0500"
      }, {
        "lat" : 40.764742,
        "lon" : -73.97338,
        "time" : "20170201T221954-0500"
      }, {
        "lat" : 40.762771,
        "lon" : -73.967663,
        "time" : "20170201T222100-0500"
      }, {
        "lat" : 40.76272,
        "lon" : -73.967531,
        "time" : "20170201T222124-0500"
      }, {
        "lat" : 40.762716,
        "lon" : -73.967523,
        "time" : "20170201T222144-0500"
      }, {
        "lat" : 40.762714,
        "lon" : -73.967517,
        "time" : "20170201T222202-0500"
      }, {
        "lat" : 40.76271,
        "lon" : -73.967506,
        "time" : "20170201T222224-0500"
      }, {
        "lat" : 40.762703,
        "lon" : -73.96749,
        "time" : "20170201T222244-0500"
      }, {
        "lat" : 40.762696,
        "lon" : -73.967472,
        "time" : "20170201T222304-0500"
      }, {
        "lat" : 40.762686,
        "lon" : -73.967447,
        "time" : "20170201T222327-0500"
      }, {
        "lat" : 40.752673,
        "lon" : -73.94465,
        "time" : "20170201T222611-0500"
      }, {
        "lat" : 40.752287,
        "lon" : -73.943322,
        "time" : "20170201T222627-0500"
      }, {
        "lat" : 40.750968,
        "lon" : -73.940478,
        "time" : "20170201T222655-0500"
      }, {
        "lat" : 40.750744,
        "lon" : -73.940241,
        "time" : "20170201T222721-0500"
      }, {
        "lat" : 40.749636,
        "lon" : -73.938063,
        "time" : "20170201T222800-0500"
      }, {
        "lat" : 40.749814,
        "lon" : -73.936175,
        "time" : "20170201T222827-0500"
      }, {
        "lat" : 40.751455,
        "lon" : -73.934098,
        "time" : "20170201T222852-0500"
      }, {
        "lat" : 40.752459,
        "lon" : -73.933069,
        "time" : "20170201T222913-0500"
      }, {
        "lat" : 40.752815,
        "lon" : -73.932671,
        "time" : "20170201T222934-0500"
      }, {
        "lat" : 40.752952,
        "lon" : -73.93258,
        "time" : "20170201T222951-0500"
      }, {
        "lat" : 40.755161,
        "lon" : -73.930948,
        "time" : "20170201T223015-0500"
      }, {
        "lat" : 40.756986,
        "lon" : -73.929421,
        "time" : "20170201T223048-0500"
      }, {
        "lat" : 40.75799,
        "lon" : -73.928663,
        "time" : "20170201T223119-0500"
      }, {
        "lat" : 40.759802,
        "lon" : -73.927153,
        "time" : "20170201T223136-0500"
      }, {
        "lat" : 40.761479,
        "lon" : -73.925604,
        "time" : "20170201T223153-0500"
      }, {
        "lat" : 40.761956,
        "lon" : -73.925467,
        "time" : "20170201T223210-0500"
      }, {
        "lat" : 40.763229,
        "lon" : -73.924342,
        "time" : "20170201T223247-0500"
      }, {
        "lat" : 40.76568,
        "lon" : -73.922085,
        "time" : "20170201T223303-0500"
      }, {
        "lat" : 40.766716,
        "lon" : -73.921305,
        "time" : "20170201T223318-0500"
      }, {
        "lat" : 40.76713,
        "lon" : -73.921148,
        "time" : "20170201T223348-0500"
      }, {
        "lat" : 40.768144,
        "lon" : -73.920309,
        "time" : "20170201T223408-0500"
      }, {
        "lat" : 40.769212,
        "lon" : -73.91913,
        "time" : "20170201T223426-0500"
      }, {
        "lat" : 40.770529,
        "lon" : -73.917569,
        "time" : "20170201T223455-0500"
      }, {
        "lat" : 40.77058,
        "lon" : -73.917651,
        "time" : "20170201T223517-0500"
      } ]
    }, {
      "activity" : "walking",
      "group" : "walking",
      "manual" : false,
      "startTime" : "20170201T223517-0500",
      "endTime" : "20170201T223759-0500",
      "duration" : 162.0,
      "distance" : 234.0,
      "steps" : 322,
      "trackPoints" : [ {
        "lat" : 40.77058,
        "lon" : -73.917651,
        "time" : "20170201T223517-0500"
      }, {
        "lat" : 40.77068,
        "lon" : -73.917628,
        "time" : "20170201T223546-0500"
      }, {
        "lat" : 40.770868,
        "lon" : -73.917326,
        "time" : "20170201T223604-0500"
      }, {
        "lat" : 40.771088,
        "lon" : -73.916999,
        "time" : "20170201T223627-0500"
      }, {
        "lat" : 40.771359,
        "lon" : -73.916694,
        "time" : "20170201T223652-0500"
      }, {
        "lat" : 40.77154,
        "lon" : -73.916405,
        "time" : "20170201T223715-0500"
      }, {
        "lat" : 40.771701,
        "lon" : -73.916247,
        "time" : "20170201T223737-0500"
      }, {
        "lat" : 40.77224,
        "lon" : -73.916275,
        "time" : "20170201T223800-0500"
      } ]
    } ],
    "lastUpdate" : "20170202T043606Z"
  }, {
    "type" : "place",
    "startTime" : "20170201T223800-0500",
    "endTime" : "20170202T095212-0500",
    "place" : {
      "id" : 589933467,
      "type" : "unknown",
      "location" : {
        "lat" : 40.77224,
        "lon" : -73.916275
      }
    },
    "activities" : [ {
      "activity" : "walking",
      "group" : "walking",
      "manual" : false,
      "startTime" : "20170201T223810-0500",
      "endTime" : "20170201T223853-0500",
      "duration" : 43.0,
      "distance" : 33.0,
      "steps" : 66,
      "trackPoints" : [ ]
    }, {
      "activity" : "walking",
      "group" : "walking",
      "manual" : false,
      "startTime" : "20170201T235549-0500",
      "endTime" : "20170201T235751-0500",
      "duration" : 122.0,
      "distance" : 136.0,
      "steps" : 182,
      "trackPoints" : [ ]
    } ],
    "lastUpdate" : "20170202T165453Z"
  } ],
  "lastUpdate" : "20170202T165453Z"
} ]