[ {
  "date" : "20170205",
  "summary" : [ {
    "activity" : "transport",
    "group" : "transport",
    "duration" : 9791.0,
    "distance" : 68334.0
  }, {
    "activity" : "walking",
    "group" : "walking",
    "duration" : 3778.0,
    "distance" : 3825.0,
    "steps" : 6071
  } ],
  "segments" : [ {
    "type" : "move",
    "startTime" : "20170204T234202-0500",
    "endTime" : "20170205T001247-0500",
    "activities" : [ {
      "activity" : "transport",
      "group" : "transport",
      "manual" : false,
      "startTime" : "20170205T000000-0500",
      "endTime" : "20170205T001247-0500",
      "duration" : 767.0,
      "distance" : 4802.0,
      "trackPoints" : [ {
        "lat" : 40.715747,
        "lon" : -73.979611,
        "time" : "20170205T000000-0500"
      }, {
        "lat" : 40.714752,
        "lon" : -73.976136,
        "time" : "20170205T000018-0500"
      }, {
        "lat" : 40.713573,
        "lon" : -73.972258,
        "time" : "20170205T000039-0500"
      }, {
        "lat" : 40.71267,
        "lon" : -73.969297,
        "time" : "20170205T000055-0500"
      }, {
        "lat" : 40.711759,
        "lon" : -73.966399,
        "time" : "20170205T000111-0500"
      }, {
        "lat" : 40.710722,
        "lon" : -73.96307,
        "time" : "20170205T000127-0500"
      }, {
        "lat" : 40.709623,
        "lon" : -73.960778,
        "time" : "20170205T000152-0500"
      }, {
        "lat" : 40.709601,
        "lon" : -73.960777,
        "time" : "20170205T000209-0500"
      }, {
        "lat" : 40.709565,
        "lon" : -73.960778,
        "time" : "20170205T000228-0500"
      }, {
        "lat" : 40.709096,
        "lon" : -73.959864,
        "time" : "20170205T000246-0500"
      }, {
        "lat" : 40.70901,
        "lon" : -73.95964,
        "time" : "20170205T000304-0500"
      }, {
        "lat" : 40.708319,
        "lon" : -73.957642,
        "time" : "20170205T000330-0500"
      }, {
        "lat" : 40.707644,
        "lon" : -73.955691,
        "time" : "20170205T000350-0500"
      }, {
        "lat" : 40.70743,
        "lon" : -73.955052,
        "time" : "20170205T000408-0500"
      }, {
        "lat" : 40.707156,
        "lon" : -73.954223,
        "time" : "20170205T000424-0500"
      }, {
        "lat" : 40.706174,
        "lon" : -73.951577,
        "time" : "20170205T000452-0500"
      }, {
        "lat" : 40.706072,
        "lon" : -73.95138,
        "time" : "20170205T000513-0500"
      }, {
        "lat" : 40.706041,
        "lon" : -73.951322,
        "time" : "20170205T000530-0500"
      }, {
        "lat" : 40.70466,
        "lon" : -73.948772,
        "time" : "20170205T000557-0500"
      }, {
        "lat" : 40.7045,
        "lon" : -73.948515,
        "time" : "20170205T000613-0500"
      }, {
        "lat" : 40.703431,
        "lon" : -73.946645,
        "time" : "20170205T000644-0500"
      }, {
        "lat" : 40.702405,
        "lon" : -73.944815,
        "time" : "20170205T000703-0500"
      }, {
        "lat" : 40.702233,
        "lon" : -73.944513,
        "time" : "20170205T000719-0500"
      }, {
        "lat" : 40.702191,
        "lon" : -73.94444,
        "time" : "20170205T000737-0500"
      }, {
        "lat" : 40.701963,
        "lon" : -73.944033,
        "time" : "20170205T000754-0500"
      }, {
        "lat" : 40.701145,
        "lon" : -73.942624,
        "time" : "20170205T000813-0500"
      }, {
        "lat" : 40.700998,
        "lon" : -73.942382,
        "time" : "20170205T000831-0500"
      }, {
        "lat" : 40.700935,
        "lon" : -73.94227,
        "time" : "20170205T000848-0500"
      }, {
        "lat" : 40.700803,
        "lon" : -73.942006,
        "time" : "20170205T000913-0500"
      }, {
        "lat" : 40.70103,
        "lon" : -73.940646,
        "time" : "20170205T000940-0500"
      }, {
        "lat" : 40.701101,
        "lon" : -73.94033,
        "time" : "20170205T000956-0500"
      }, {
        "lat" : 40.700862,
        "lon" : -73.938802,
        "time" : "20170205T001012-0500"
      }, {
        "lat" : 40.69918,
        "lon" : -73.935758,
        "time" : "20170205T001042-0500"
      }, {
        "lat" : 40.698826,
        "lon" : -73.934983,
        "time" : "20170205T001059-0500"
      }, {
        "lat" : 40.698826,
        "lon" : -73.934983,
        "time" : "20170205T001116-0500"
      }, {
        "lat" : 40.69881,
        "lon" : -73.934956,
        "time" : "20170205T001151-0500"
      }, {
        "lat" : 40.697585,
        "lon" : -73.932651,
        "time" : "20170205T001216-0500"
      }, {
        "lat" : 40.696746,
        "lon" : -73.931257,
        "time" : "20170205T001232-0500"
      }, {
        "lat" : 40.69673,
        "lon" : -73.931402,
        "time" : "20170205T001247-0500"
      } ]
    } ],
    "lastUpdate" : "20170205T060512Z"
  }, {
    "type" : "place",
    "startTime" : "20170205T001248-0500",
    "endTime" : "20170205T020200-0500",
    "place" : {
      "id" : 588636068,
      "type" : "unknown",
      "location" : {
        "lat" : 40.69673,
        "lon" : -73.931402
      }
    },
    "activities" : [ {
      "activity" : "walking",
      "group" : "walking",
      "manual" : false,
      "startTime" : "20170205T001254-0500",
      "endTime" : "20170205T001511-0500",
      "duration" : 137.0,
      "distance" : 155.0,
      "steps" : 207,
      "trackPoints" : [ ]
    }, {
      "activity" : "walking",
      "group" : "walking",
      "manual" : false,
      "startTime" : "20170205T010228-0500",
      "endTime" : "20170205T010313-0500",
      "duration" : 45.0,
      "distance" : 33.0,
      "steps" : 67,
      "trackPoints" : [ ]
    } ],
    "lastUpdate" : "20170205T073704Z"
  }, {
    "type" : "move",
    "startTime" : "20170205T020200-0500",
    "endTime" : "20170205T020854-0500",
    "activities" : [ {
      "activity" : "walking",
      "group" : "walking",
      "manual" : false,
      "startTime" : "20170205T020200-0500",
      "endTime" : "20170205T020854-0500",
      "duration" : 414.0,
      "distance" : 451.0,
      "steps" : 750,
      "trackPoints" : [ {
        "lat" : 40.69673,
        "lon" : -73.931402,
        "time" : "20170205T020200-0500"
      }, {
        "lat" : 40.696724,
        "lon" : -73.931459,
        "time" : "20170205T020240-0500"
      }, {
        "lat" : 40.696698,
        "lon" : -73.931459,
        "time" : "20170205T020303-0500"
      }, {
        "lat" : 40.69672,
        "lon" : -73.931471,
        "time" : "20170205T020326-0500"
      }, {
        "lat" : 40.696817,
        "lon" : -73.931481,
        "time" : "20170205T020348-0500"
      }, {
        "lat" : 40.696938,
        "lon" : -73.931578,
        "time" : "20170205T020405-0500"
      }, {
        "lat" : 40.697238,
        "lon" : -73.932053,
        "time" : "20170205T020439-0500"
      }, {
        "lat" : 40.697338,
        "lon" : -73.932339,
        "time" : "20170205T020457-0500"
      }, {
        "lat" : 40.697377,
        "lon" : -73.932671,
        "time" : "20170205T020514-0500"
      }, {
        "lat" : 40.697233,
        "lon" : -73.933371,
        "time" : "20170205T020548-0500"
      }, {
        "lat" : 40.697128,
        "lon" : -73.933896,
        "time" : "20170205T020607-0500"
      }, {
        "lat" : 40.697123,
        "lon" : -73.933997,
        "time" : "20170205T020625-0500"
      }, {
        "lat" : 40.697011,
        "lon" : -73.934269,
        "time" : "20170205T020647-0500"
      }, {
        "lat" : 40.69706,
        "lon" : -73.93468,
        "time" : "20170205T020711-0500"
      }, {
        "lat" : 40.697076,
        "lon" : -73.935121,
        "time" : "20170205T020736-0500"
      }, {
        "lat" : 40.69706,
        "lon" : -73.935357,
        "time" : "20170205T020759-0500"
      }, {
        "lat" : 40.69704,
        "lon" : -73.935465,
        "time" : "20170205T020832-0500"
      }, {
        "lat" : 40.696862,
        "lon" : -73.934981,
        "time" : "20170205T020854-0500"
      } ]
    } ],
    "lastUpdate" : "20170205T073704Z"
  }, {
    "type" : "place",
    "startTime" : "20170205T020854-0500",
    "endTime" : "20170205T022238-0500",
    "place" : {
      "id" : 591534591,
      "type" : "unknown",
      "location" : {
        "lat" : 40.696862,
        "lon" : -73.934981
      }
    },
    "activities" : [ {
      "activity" : "walking",
      "group" : "walking",
      "manual" : false,
      "startTime" : "20170205T020854-0500",
      "endTime" : "20170205T021026-0500",
      "duration" : 92.0,
      "distance" : 69.0,
      "steps" : 138,
      "trackPoints" : [ ]
    } ],
    "lastUpdate" : "20170205T091126Z"
  }, {
    "type" : "move",
    "startTime" : "20170205T022238-0500",
    "endTime" : "20170205T023613-0500",
    "activities" : [ {
      "activity" : "transport",
      "group" : "transport",
      "manual" : false,
      "startTime" : "20170205T022238-0500",
      "endTime" : "20170205T023613-0500",
      "duration" : 815.0,
      "distance" : 6322.0,
      "trackPoints" : [ {
        "lat" : 40.696862,
        "lon" : -73.934981,
        "time" : "20170205T022238-0500"
      }, {
        "lat" : 40.697663,
        "lon" : -73.93634,
        "time" : "20170205T022304-0500"
      }, {
        "lat" : 40.699064,
        "lon" : -73.938788,
        "time" : "20170205T022323-0500"
      }, {
        "lat" : 40.700426,
        "lon" : -73.941095,
        "time" : "20170205T022400-0500"
      }, {
        "lat" : 40.701698,
        "lon" : -73.943853,
        "time" : "20170205T022427-0500"
      }, {
        "lat" : 40.703808,
        "lon" : -73.947146,
        "time" : "20170205T022457-0500"
      }, {
        "lat" : 40.704027,
        "lon" : -73.94725,
        "time" : "20170205T022522-0500"
      }, {
        "lat" : 40.705122,
        "lon" : -73.949579,
        "time" : "20170205T022542-0500"
      }, {
        "lat" : 40.706076,
        "lon" : -73.951301,
        "time" : "20170205T022601-0500"
      }, {
        "lat" : 40.706863,
        "lon" : -73.952963,
        "time" : "20170205T022626-0500"
      }, {
        "lat" : 40.70747,
        "lon" : -73.95484,
        "time" : "20170205T022701-0500"
      }, {
        "lat" : 40.708148,
        "lon" : -73.956773,
        "time" : "20170205T022720-0500"
      }, {
        "lat" : 40.708469,
        "lon" : -73.957378,
        "time" : "20170205T022740-0500"
      }, {
        "lat" : 40.708523,
        "lon" : -73.958041,
        "time" : "20170205T022805-0500"
      }, {
        "lat" : 40.708865,
        "lon" : -73.958924,
        "time" : "20170205T022825-0500"
      }, {
        "lat" : 40.709593,
        "lon" : -73.960158,
        "time" : "20170205T022845-0500"
      }, {
        "lat" : 40.711189,
        "lon" : -73.962484,
        "time" : "20170205T022905-0500"
      }, {
        "lat" : 40.711749,
        "lon" : -73.965333,
        "time" : "20170205T022923-0500"
      }, {
        "lat" : 40.71255,
        "lon" : -73.968351,
        "time" : "20170205T022947-0500"
      }, {
        "lat" : 40.71411,
        "lon" : -73.976182,
        "time" : "20170205T023046-0500"
      }, {
        "lat" : 40.714836,
        "lon" : -73.976701,
        "time" : "20170205T023111-0500"
      }, {
        "lat" : 40.715494,
        "lon" : -73.978268,
        "time" : "20170205T023133-0500"
      }, {
        "lat" : 40.716691,
        "lon" : -73.98162,
        "time" : "20170205T023205-0500"
      }, {
        "lat" : 40.716989,
        "lon" : -73.983002,
        "time" : "20170205T023221-0500"
      }, {
        "lat" : 40.717285,
        "lon" : -73.984113,
        "time" : "20170205T023238-0500"
      }, {
        "lat" : 40.717577,
        "lon" : -73.98514,
        "time" : "20170205T023255-0500"
      }, {
        "lat" : 40.718355,
        "lon" : -73.987091,
        "time" : "20170205T023323-0500"
      }, {
        "lat" : 40.718397,
        "lon" : -73.98716,
        "time" : "20170205T023341-0500"
      }, {
        "lat" : 40.717456,
        "lon" : -73.984502,
        "time" : "20170205T023359-0500"
      }, {
        "lat" : 40.718587,
        "lon" : -73.987195,
        "time" : "20170205T023418-0500"
      }, {
        "lat" : 40.718452,
        "lon" : -73.987679,
        "time" : "20170205T023434-0500"
      }, {
        "lat" : 40.718732,
        "lon" : -73.988008,
        "time" : "20170205T023452-0500"
      }, {
        "lat" : 40.71878,
        "lon" : -73.988223,
        "time" : "20170205T023508-0500"
      }, {
        "lat" : 40.718882,
        "lon" : -73.988604,
        "time" : "20170205T023526-0500"
      }, {
        "lat" : 40.719077,
        "lon" : -73.989096,
        "time" : "20170205T023548-0500"
      }, {
        "lat" : 40.719562,
        "lon" : -73.990278,
        "time" : "20170205T023613-0500"
      } ]
    } ],
    "lastUpdate" : "20170205T091126Z"
  }, {
    "type" : "place",
    "startTime" : "20170205T023613-0500",
    "endTime" : "20170205T024728-0500",
    "place" : {
      "id" : 591561705,
      "type" : "unknown",
      "location" : {
        "lat" : 40.719562,
        "lon" : -73.990278
      }
    },
    "activities" : [ {
      "activity" : "walking",
      "group" : "walking",
      "manual" : false,
      "startTime" : "20170205T023613-0500",
      "endTime" : "20170205T023807-0500",
      "duration" : 114.0,
      "distance" : 86.0,
      "steps" : 172,
      "trackPoints" : [ ]
    } ],
    "lastUpdate" : "20170205T091126Z"
  }, {
    "type" : "move",
    "startTime" : "20170205T024728-0500",
    "endTime" : "20170205T030054-0500",
    "activities" : [ {
      "activity" : "transport",
      "group" : "transport",
      "manual" : false,
      "startTime" : "20170205T024728-0500",
      "endTime" : "20170205T030054-0500",
      "duration" : 806.0,
      "distance" : 3306.0,
      "trackPoints" : [ {
        "lat" : 40.719562,
        "lon" : -73.990278,
        "time" : "20170205T024728-0500"
      }, {
        "lat" : 40.720466,
        "lon" : -73.989704,
        "time" : "20170205T024757-0500"
      }, {
        "lat" : 40.72123,
        "lon" : -73.989294,
        "time" : "20170205T024817-0500"
      }, {
        "lat" : 40.721447,
        "lon" : -73.989368,
        "time" : "20170205T024844-0500"
      }, {
        "lat" : 40.721446,
        "lon" : -73.989383,
        "time" : "20170205T024901-0500"
      }, {
        "lat" : 40.721447,
        "lon" : -73.989335,
        "time" : "20170205T024927-0500"
      }, {
        "lat" : 40.722193,
        "lon" : -73.989045,
        "time" : "20170205T024946-0500"
      }, {
        "lat" : 40.72272,
        "lon" : -73.988844,
        "time" : "20170205T025026-0500"
      }, {
        "lat" : 40.722698,
        "lon" : -73.988929,
        "time" : "20170205T025042-0500"
      }, {
        "lat" : 40.723209,
        "lon" : -73.98843,
        "time" : "20170205T025101-0500"
      }, {
        "lat" : 40.724728,
        "lon" : -73.987311,
        "time" : "20170205T025124-0500"
      }, {
        "lat" : 40.726489,
        "lon" : -73.986192,
        "time" : "20170205T025150-0500"
      }, {
        "lat" : 40.727553,
        "lon" : -73.985334,
        "time" : "20170205T025209-0500"
      }, {
        "lat" : 40.727918,
        "lon" : -73.985087,
        "time" : "20170205T025225-0500"
      }, {
        "lat" : 40.728041,
        "lon" : -73.98501,
        "time" : "20170205T025241-0500"
      }, {
        "lat" : 40.728097,
        "lon" : -73.984968,
        "time" : "20170205T025308-0500"
      }, {
        "lat" : 40.728237,
        "lon" : -73.984873,
        "time" : "20170205T025324-0500"
      }, {
        "lat" : 40.729437,
        "lon" : -73.984063,
        "time" : "20170205T025346-0500"
      }, {
        "lat" : 40.731018,
        "lon" : -73.982864,
        "time" : "20170205T025413-0500"
      }, {
        "lat" : 40.731486,
        "lon" : -73.982447,
        "time" : "20170205T025432-0500"
      }, {
        "lat" : 40.731481,
        "lon" : -73.982465,
        "time" : "20170205T025453-0500"
      }, {
        "lat" : 40.731828,
        "lon" : -73.982178,
        "time" : "20170205T025520-0500"
      }, {
        "lat" : 40.732374,
        "lon" : -73.98175,
        "time" : "20170205T025542-0500"
      }, {
        "lat" : 40.734105,
        "lon" : -73.980599,
        "time" : "20170205T025609-0500"
      }, {
        "lat" : 40.735235,
        "lon" : -73.97971,
        "time" : "20170205T025629-0500"
      }, {
        "lat" : 40.735605,
        "lon" : -73.979429,
        "time" : "20170205T025653-0500"
      }, {
        "lat" : 40.736003,
        "lon" : -73.979134,
        "time" : "20170205T025710-0500"
      }, {
        "lat" : 40.73616,
        "lon" : -73.979077,
        "time" : "20170205T025736-0500"
      }, {
        "lat" : 40.736808,
        "lon" : -73.978557,
        "time" : "20170205T025804-0500"
      }, {
        "lat" : 40.738187,
        "lon" : -73.97751,
        "time" : "20170205T025838-0500"
      }, {
        "lat" : 40.738505,
        "lon" : -73.977327,
        "time" : "20170205T025904-0500"
      }, {
        "lat" : 40.739461,
        "lon" : -73.976783,
        "time" : "20170205T025920-0500"
      }, {
        "lat" : 40.74038,
        "lon" : -73.976091,
        "time" : "20170205T025940-0500"
      }, {
        "lat" : 40.740434,
        "lon" : -73.976129,
        "time" : "20170205T025959-0500"
      }, {
        "lat" : 40.740435,
        "lon" : -73.976129,
        "time" : "20170205T030000-0500"
      }, {
        "lat" : 40.740446,
        "lon" : -73.976137,
        "time" : "20170205T030004-0500"
      }, {
        "lat" : 40.740724,
        "lon" : -73.97578,
        "time" : "20170205T030020-0500"
      }, {
        "lat" : 40.742731,
        "lon" : -73.974217,
        "time" : "20170205T030054-0500"
      } ]
    } ],
    "lastUpdate" : "20170205T091126Z"
  }, {
    "type" : "place",
    "startTime" : "20170205T030055-0500",
    "endTime" : "20170205T045628-0500",
    "place" : {
      "id" : 591561706,
      "type" : "unknown",
      "location" : {
        "lat" : 40.742731,
        "lon" : -73.974217
      }
    },
    "activities" : [ {
      "activity" : "walking",
      "group" : "walking",
      "manual" : false,
      "startTime" : "20170205T030055-0500",
      "endTime" : "20170205T030419-0500",
      "duration" : 204.0,
      "distance" : 230.0,
      "steps" : 307,
      "trackPoints" : [ ]
    }, {
      "activity" : "walking",
      "group" : "walking",
      "manual" : false,
      "startTime" : "20170205T045107-0500",
      "endTime" : "20170205T045247-0500",
      "duration" : 100.0,
      "distance" : 73.0,
      "steps" : 147,
      "trackPoints" : [ ]
    } ],
    "lastUpdate" : "20170205T104552Z"
  }, {
    "type" : "move",
    "startTime" : "20170205T045628-0500",
    "endTime" : "20170205T051901-0500",
    "activities" : [ {
      "activity" : "transport",
      "group" : "transport",
      "manual" : false,
      "startTime" : "20170205T045628-0500",
      "endTime" : "20170205T051901-0500",
      "duration" : 1353.0,
      "distance" : 11605.0,
      "trackPoints" : [ {
        "lat" : 40.742731,
        "lon" : -73.974217,
        "time" : "20170205T045628-0500"
      }, {
        "lat" : 40.743627,
        "lon" : -73.973513,
        "time" : "20170205T045649-0500"
      }, {
        "lat" : 40.744591,
        "lon" : -73.972959,
        "time" : "20170205T045705-0500"
      }, {
        "lat" : 40.74603,
        "lon" : -73.973497,
        "time" : "20170205T045733-0500"
      }, {
        "lat" : 40.746155,
        "lon" : -73.973821,
        "time" : "20170205T045756-0500"
      }, {
        "lat" : 40.746226,
        "lon" : -73.974044,
        "time" : "20170205T045817-0500"
      }, {
        "lat" : 40.746282,
        "lon" : -73.974185,
        "time" : "20170205T045838-0500"
      }, {
        "lat" : 40.746297,
        "lon" : -73.974237,
        "time" : "20170205T045907-0500"
      }, {
        "lat" : 40.746297,
        "lon" : -73.974237,
        "time" : "20170205T045923-0500"
      }, {
        "lat" : 40.745906,
        "lon" : -73.974866,
        "time" : "20170205T045949-0500"
      }, {
        "lat" : 40.745992,
        "lon" : -73.97468,
        "time" : "20170205T045959-0500"
      }, {
        "lat" : 40.745992,
        "lon" : -73.97468,
        "time" : "20170205T050000-0500"
      }, {
        "lat" : 40.746058,
        "lon" : -73.974538,
        "time" : "20170205T050008-0500"
      }, {
        "lat" : 40.745734,
        "lon" : -73.973416,
        "time" : "20170205T050033-0500"
      }, {
        "lat" : 40.741498,
        "lon" : -73.95288,
        "time" : "20170205T050237-0500"
      }, {
        "lat" : 40.741738,
        "lon" : -73.95016,
        "time" : "20170205T050300-0500"
      }, {
        "lat" : 40.73861,
        "lon" : -73.939715,
        "time" : "20170205T050341-0500"
      }, {
        "lat" : 40.737552,
        "lon" : -73.935023,
        "time" : "20170205T050358-0500"
      }, {
        "lat" : 40.737055,
        "lon" : -73.93045,
        "time" : "20170205T050418-0500"
      }, {
        "lat" : 40.735939,
        "lon" : -73.925597,
        "time" : "20170205T050441-0500"
      }, {
        "lat" : 40.73302,
        "lon" : -73.924125,
        "time" : "20170205T050525-0500"
      }, {
        "lat" : 40.725953,
        "lon" : -73.932196,
        "time" : "20170205T050618-0500"
      }, {
        "lat" : 40.724467,
        "lon" : -73.937364,
        "time" : "20170205T050651-0500"
      }, {
        "lat" : 40.724486,
        "lon" : -73.937634,
        "time" : "20170205T050706-0500"
      }, {
        "lat" : 40.72364,
        "lon" : -73.93913,
        "time" : "20170205T050725-0500"
      }, {
        "lat" : 40.722304,
        "lon" : -73.940614,
        "time" : "20170205T050746-0500"
      }, {
        "lat" : 40.721394,
        "lon" : -73.940926,
        "time" : "20170205T050803-0500"
      }, {
        "lat" : 40.721394,
        "lon" : -73.940926,
        "time" : "20170205T050829-0500"
      }, {
        "lat" : 40.721394,
        "lon" : -73.940926,
        "time" : "20170205T050849-0500"
      }, {
        "lat" : 40.721394,
        "lon" : -73.940926,
        "time" : "20170205T050927-0500"
      }, {
        "lat" : 40.720001,
        "lon" : -73.940801,
        "time" : "20170205T050946-0500"
      }, {
        "lat" : 40.716215,
        "lon" : -73.942099,
        "time" : "20170205T051037-0500"
      }, {
        "lat" : 40.715077,
        "lon" : -73.942146,
        "time" : "20170205T051102-0500"
      }, {
        "lat" : 40.714926,
        "lon" : -73.942114,
        "time" : "20170205T051122-0500"
      }, {
        "lat" : 40.714374,
        "lon" : -73.94185,
        "time" : "20170205T051146-0500"
      }, {
        "lat" : 40.712672,
        "lon" : -73.941028,
        "time" : "20170205T051222-0500"
      }, {
        "lat" : 40.710748,
        "lon" : -73.940325,
        "time" : "20170205T051244-0500"
      }, {
        "lat" : 40.708622,
        "lon" : -73.940004,
        "time" : "20170205T051311-0500"
      }, {
        "lat" : 40.708464,
        "lon" : -73.939966,
        "time" : "20170205T051330-0500"
      }, {
        "lat" : 40.707049,
        "lon" : -73.939726,
        "time" : "20170205T051408-0500"
      }, {
        "lat" : 40.70555,
        "lon" : -73.939626,
        "time" : "20170205T051437-0500"
      }, {
        "lat" : 40.705513,
        "lon" : -73.939638,
        "time" : "20170205T051456-0500"
      }, {
        "lat" : 40.705001,
        "lon" : -73.93928,
        "time" : "20170205T051521-0500"
      }, {
        "lat" : 40.704199,
        "lon" : -73.938646,
        "time" : "20170205T051538-0500"
      }, {
        "lat" : 40.70264,
        "lon" : -73.937322,
        "time" : "20170205T051604-0500"
      }, {
        "lat" : 40.702164,
        "lon" : -73.937056,
        "time" : "20170205T051621-0500"
      }, {
        "lat" : 40.701306,
        "lon" : -73.936707,
        "time" : "20170205T051640-0500"
      }, {
        "lat" : 40.699819,
        "lon" : -73.935984,
        "time" : "20170205T051700-0500"
      }, {
        "lat" : 40.699185,
        "lon" : -73.93561,
        "time" : "20170205T051724-0500"
      }, {
        "lat" : 40.698802,
        "lon" : -73.935015,
        "time" : "20170205T051801-0500"
      }, {
        "lat" : 40.697654,
        "lon" : -73.933116,
        "time" : "20170205T051824-0500"
      }, {
        "lat" : 40.697157,
        "lon" : -73.931972,
        "time" : "20170205T051840-0500"
      }, {
        "lat" : 40.69673,
        "lon" : -73.931402,
        "time" : "20170205T051901-0500"
      } ]
    } ],
    "lastUpdate" : "20170205T104552Z"
  }, {
    "type" : "place",
    "startTime" : "20170205T051901-0500",
    "endTime" : "20170205T161104-0500",
    "place" : {
      "id" : 588636068,
      "type" : "unknown",
      "location" : {
        "lat" : 40.69673,
        "lon" : -73.931402
      }
    },
    "activities" : [ {
      "activity" : "walking",
      "group" : "walking",
      "manual" : false,
      "startTime" : "20170205T051933-0500",
      "endTime" : "20170205T052131-0500",
      "duration" : 118.0,
      "distance" : 89.0,
      "steps" : 178,
      "trackPoints" : [ ]
    }, {
      "activity" : "walking",
      "group" : "walking",
      "manual" : false,
      "startTime" : "20170205T083129-0500",
      "endTime" : "20170205T083152-0500",
      "duration" : 23.0,
      "distance" : 17.0,
      "steps" : 34,
      "trackPoints" : [ ]
    }, {
      "activity" : "walking",
      "group" : "walking",
      "manual" : false,
      "startTime" : "20170205T131046-0500",
      "endTime" : "20170205T131106-0500",
      "duration" : 20.0,
      "distance" : 15.0,
      "steps" : 30,
      "trackPoints" : [ ]
    } ],
    "lastUpdate" : "20170205T213300Z"
  }, {
    "type" : "move",
    "startTime" : "20170205T161104-0500",
    "endTime" : "20170205T161824-0500",
    "activities" : [ {
      "activity" : "walking",
      "group" : "walking",
      "manual" : false,
      "startTime" : "20170205T161104-0500",
      "endTime" : "20170205T161824-0500",
      "duration" : 440.0,
      "distance" : 450.0,
      "steps" : 716,
      "trackPoints" : [ {
        "lat" : 40.69673,
        "lon" : -73.931402,
        "time" : "20170205T161104-0500"
      }, {
        "lat" : 40.696808,
        "lon" : -73.931392,
        "time" : "20170205T161127-0500"
      }, {
        "lat" : 40.696766,
        "lon" : -73.931419,
        "time" : "20170205T161153-0500"
      }, {
        "lat" : 40.696757,
        "lon" : -73.93142,
        "time" : "20170205T161211-0500"
      }, {
        "lat" : 40.696799,
        "lon" : -73.931415,
        "time" : "20170205T161237-0500"
      }, {
        "lat" : 40.696931,
        "lon" : -73.931347,
        "time" : "20170205T161257-0500"
      }, {
        "lat" : 40.696863,
        "lon" : -73.931408,
        "time" : "20170205T161312-0500"
      }, {
        "lat" : 40.697019,
        "lon" : -73.931648,
        "time" : "20170205T161332-0500"
      }, {
        "lat" : 40.697134,
        "lon" : -73.931884,
        "time" : "20170205T161350-0500"
      }, {
        "lat" : 40.697308,
        "lon" : -73.932453,
        "time" : "20170205T161421-0500"
      }, {
        "lat" : 40.697291,
        "lon" : -73.932905,
        "time" : "20170205T161453-0500"
      }, {
        "lat" : 40.697233,
        "lon" : -73.933158,
        "time" : "20170205T161510-0500"
      }, {
        "lat" : 40.69717,
        "lon" : -73.933579,
        "time" : "20170205T161528-0500"
      }, {
        "lat" : 40.697061,
        "lon" : -73.934282,
        "time" : "20170205T161601-0500"
      }, {
        "lat" : 40.697018,
        "lon" : -73.934612,
        "time" : "20170205T161620-0500"
      }, {
        "lat" : 40.69697,
        "lon" : -73.935068,
        "time" : "20170205T161644-0500"
      }, {
        "lat" : 40.697092,
        "lon" : -73.935296,
        "time" : "20170205T161710-0500"
      }, {
        "lat" : 40.697057,
        "lon" : -73.93544,
        "time" : "20170205T161738-0500"
      }, {
        "lat" : 40.697118,
        "lon" : -73.935355,
        "time" : "20170205T161801-0500"
      }, {
        "lat" : 40.697064,
        "lon" : -73.935248,
        "time" : "20170205T161824-0500"
      } ]
    } ],
    "lastUpdate" : "20170205T213300Z"
  }, {
    "type" : "move",
    "startTime" : "20170205T161824-0500",
    "endTime" : "20170205T164753-0500",
    "activities" : [ {
      "activity" : "transport",
      "group" : "transport",
      "manual" : false,
      "startTime" : "20170205T161824-0500",
      "endTime" : "20170205T163815-0500",
      "duration" : 1191.0,
      "distance" : 6961.0,
      "trackPoints" : [ {
        "lat" : 40.697135,
        "lon" : -73.935218,
        "time" : "20170205T161824-0500"
      }, {
        "lat" : 40.697168,
        "lon" : -73.935283,
        "time" : "20170205T161900-0500"
      }, {
        "lat" : 40.697181,
        "lon" : -73.935282,
        "time" : "20170205T161926-0500"
      }, {
        "lat" : 40.697191,
        "lon" : -73.93528,
        "time" : "20170205T161950-0500"
      }, {
        "lat" : 40.697141,
        "lon" : -73.935292,
        "time" : "20170205T162014-0500"
      }, {
        "lat" : 40.697052,
        "lon" : -73.935181,
        "time" : "20170205T162034-0500"
      }, {
        "lat" : 40.69698,
        "lon" : -73.935265,
        "time" : "20170205T162103-0500"
      }, {
        "lat" : 40.697053,
        "lon" : -73.935354,
        "time" : "20170205T162121-0500"
      }, {
        "lat" : 40.697887,
        "lon" : -73.936826,
        "time" : "20170205T162144-0500"
      }, {
        "lat" : 40.699258,
        "lon" : -73.93923,
        "time" : "20170205T162201-0500"
      }, {
        "lat" : 40.700072,
        "lon" : -73.940634,
        "time" : "20170205T162222-0500"
      }, {
        "lat" : 40.70009,
        "lon" : -73.940695,
        "time" : "20170205T162241-0500"
      }, {
        "lat" : 40.700736,
        "lon" : -73.941852,
        "time" : "20170205T162301-0500"
      }, {
        "lat" : 40.702464,
        "lon" : -73.944971,
        "time" : "20170205T162323-0500"
      }, {
        "lat" : 40.703574,
        "lon" : -73.946847,
        "time" : "20170205T162349-0500"
      }, {
        "lat" : 40.70658,
        "lon" : -73.951812,
        "time" : "20170205T162502-0500"
      }, {
        "lat" : 40.706818,
        "lon" : -73.952706,
        "time" : "20170205T162518-0500"
      }, {
        "lat" : 40.706981,
        "lon" : -73.953462,
        "time" : "20170205T162540-0500"
      }, {
        "lat" : 40.707644,
        "lon" : -73.955434,
        "time" : "20170205T162602-0500"
      }, {
        "lat" : 40.708219,
        "lon" : -73.957243,
        "time" : "20170205T162635-0500"
      }, {
        "lat" : 40.70823,
        "lon" : -73.957219,
        "time" : "20170205T162651-0500"
      }, {
        "lat" : 40.708266,
        "lon" : -73.957175,
        "time" : "20170205T162706-0500"
      }, {
        "lat" : 40.708568,
        "lon" : -73.958106,
        "time" : "20170205T162729-0500"
      }, {
        "lat" : 40.709198,
        "lon" : -73.959538,
        "time" : "20170205T162802-0500"
      }, {
        "lat" : 40.709847,
        "lon" : -73.960701,
        "time" : "20170205T162820-0500"
      }, {
        "lat" : 40.71097,
        "lon" : -73.96318,
        "time" : "20170205T162845-0500"
      }, {
        "lat" : 40.712247,
        "lon" : -73.967012,
        "time" : "20170205T162917-0500"
      }, {
        "lat" : 40.712297,
        "lon" : -73.968031,
        "time" : "20170205T162933-0500"
      }, {
        "lat" : 40.713757,
        "lon" : -73.97289,
        "time" : "20170205T163018-0500"
      }, {
        "lat" : 40.714429,
        "lon" : -73.974999,
        "time" : "20170205T163043-0500"
      }, {
        "lat" : 40.71527,
        "lon" : -73.977301,
        "time" : "20170205T163115-0500"
      }, {
        "lat" : 40.716493,
        "lon" : -73.981329,
        "time" : "20170205T163212-0500"
      }, {
        "lat" : 40.716883,
        "lon" : -73.982517,
        "time" : "20170205T163233-0500"
      }, {
        "lat" : 40.71711,
        "lon" : -73.98381,
        "time" : "20170205T163311-0500"
      }, {
        "lat" : 40.717192,
        "lon" : -73.984006,
        "time" : "20170205T163333-0500"
      }, {
        "lat" : 40.71758,
        "lon" : -73.985027,
        "time" : "20170205T163356-0500"
      }, {
        "lat" : 40.71825,
        "lon" : -73.986793,
        "time" : "20170205T163415-0500"
      }, {
        "lat" : 40.718452,
        "lon" : -73.987333,
        "time" : "20170205T163434-0500"
      }, {
        "lat" : 40.718538,
        "lon" : -73.987552,
        "time" : "20170205T163457-0500"
      }, {
        "lat" : 40.71861,
        "lon" : -73.987743,
        "time" : "20170205T163520-0500"
      }, {
        "lat" : 40.720279,
        "lon" : -73.993281,
        "time" : "20170205T163631-0500"
      }, {
        "lat" : 40.720286,
        "lon" : -73.993493,
        "time" : "20170205T163648-0500"
      }, {
        "lat" : 40.717938,
        "lon" : -74.000039,
        "time" : "20170205T163759-0500"
      }, {
        "lat" : 40.718059,
        "lon" : -74.000165,
        "time" : "20170205T163815-0500"
      } ]
    }, {
      "activity" : "walking",
      "group" : "walking",
      "manual" : false,
      "startTime" : "20170205T163815-0500",
      "endTime" : "20170205T164045-0500",
      "duration" : 150.0,
      "distance" : 148.0,
      "steps" : 296,
      "trackPoints" : [ {
        "lat" : 40.718059,
        "lon" : -74.000165,
        "time" : "20170205T163815-0500"
      }, {
        "lat" : 40.718108,
        "lon" : -74.000199,
        "time" : "20170205T163839-0500"
      }, {
        "lat" : 40.718226,
        "lon" : -74.000283,
        "time" : "20170205T163919-0500"
      }, {
        "lat" : 40.71837,
        "lon" : -74.000376,
        "time" : "20170205T164004-0500"
      }, {
        "lat" : 40.71842,
        "lon" : -74.000389,
        "time" : "20170205T164025-0500"
      }, {
        "lat" : 40.718434,
        "lon" : -74.000386,
        "time" : "20170205T164045-0500"
      } ]
    }, {
      "activity" : "transport",
      "group" : "transport",
      "manual" : false,
      "startTime" : "20170205T164045-0500",
      "endTime" : "20170205T164545-0500",
      "duration" : 300.0,
      "distance" : 1740.0,
      "trackPoints" : [ {
        "lat" : 40.718434,
        "lon" : -74.000386,
        "time" : "20170205T164045-0500"
      }, {
        "lat" : 40.718495,
        "lon" : -74.000336,
        "time" : "20170205T164104-0500"
      }, {
        "lat" : 40.718529,
        "lon" : -74.000311,
        "time" : "20170205T164123-0500"
      }, {
        "lat" : 40.718542,
        "lon" : -74.000304,
        "time" : "20170205T164143-0500"
      }, {
        "lat" : 40.718558,
        "lon" : -74.000294,
        "time" : "20170205T164202-0500"
      }, {
        "lat" : 40.722116,
        "lon" : -73.997256,
        "time" : "20170205T164236-0500"
      }, {
        "lat" : 40.722293,
        "lon" : -73.997087,
        "time" : "20170205T164255-0500"
      }, {
        "lat" : 40.722292,
        "lon" : -73.997092,
        "time" : "20170205T164327-0500"
      }, {
        "lat" : 40.725471,
        "lon" : -73.994891,
        "time" : "20170205T164423-0500"
      }, {
        "lat" : 40.725749,
        "lon" : -73.994689,
        "time" : "20170205T164445-0500"
      }, {
        "lat" : 40.729959,
        "lon" : -73.990861,
        "time" : "20170205T164546-0500"
      } ]
    }, {
      "activity" : "walking",
      "group" : "walking",
      "manual" : false,
      "startTime" : "20170205T164546-0500",
      "endTime" : "20170205T164753-0500",
      "duration" : 127.0,
      "distance" : 124.0,
      "steps" : 249,
      "trackPoints" : [ {
        "lat" : 40.729959,
        "lon" : -73.990861,
        "time" : "20170205T164546-0500"
      }, {
        "lat" : 40.729963,
        "lon" : -73.99084,
        "time" : "20170205T164611-0500"
      }, {
        "lat" : 40.729982,
        "lon" : -73.990809,
        "time" : "20170205T164629-0500"
      }, {
        "lat" : 40.72989,
        "lon" : -73.990734,
        "time" : "20170205T164657-0500"
      }, {
        "lat" : 40.729855,
        "lon" : -73.990676,
        "time" : "20170205T164720-0500"
      }, {
        "lat" : 40.729888,
        "lon" : -73.990844,
        "time" : "20170205T164753-0500"
      } ]
    } ],
    "lastUpdate" : "20170205T230609Z"
  }, {
    "type" : "place",
    "startTime" : "20170205T164753-0500",
    "endTime" : "20170205T165209-0500",
    "place" : {
      "id" : 591880927,
      "type" : "unknown",
      "location" : {
        "lat" : 40.729888,
        "lon" : -73.990844
      }
    },
    "lastUpdate" : "20170205T230609Z"
  }, {
    "type" : "move",
    "startTime" : "20170205T165209-0500",
    "endTime" : "20170205T165718-0500",
    "activities" : [ {
      "activity" : "walking",
      "group" : "walking",
      "manual" : false,
      "startTime" : "20170205T165209-0500",
      "endTime" : "20170205T165718-0500",
      "duration" : 309.0,
      "distance" : 334.0,
      "steps" : 505,
      "trackPoints" : [ {
        "lat" : 40.729888,
        "lon" : -73.990844,
        "time" : "20170205T165209-0500"
      }, {
        "lat" : 40.729872,
        "lon" : -73.990768,
        "time" : "20170205T165229-0500"
      }, {
        "lat" : 40.729863,
        "lon" : -73.990718,
        "time" : "20170205T165253-0500"
      }, {
        "lat" : 40.729872,
        "lon" : -73.990772,
        "time" : "20170205T165317-0500"
      }, {
        "lat" : 40.729969,
        "lon" : -73.991186,
        "time" : "20170205T165357-0500"
      }, {
        "lat" : 40.729948,
        "lon" : -73.991494,
        "time" : "20170205T165420-0500"
      }, {
        "lat" : 40.729952,
        "lon" : -73.991708,
        "time" : "20170205T165441-0500"
      }, {
        "lat" : 40.730032,
        "lon" : -73.991984,
        "time" : "20170205T165504-0500"
      }, {
        "lat" : 40.730213,
        "lon" : -73.992332,
        "time" : "20170205T165526-0500"
      }, {
        "lat" : 40.730246,
        "lon" : -73.992792,
        "time" : "20170205T165547-0500"
      }, {
        "lat" : 40.730066,
        "lon" : -73.993201,
        "time" : "20170205T165604-0500"
      }, {
        "lat" : 40.730007,
        "lon" : -73.99319,
        "time" : "20170205T165628-0500"
      }, {
        "lat" : 40.730134,
        "lon" : -73.992982,
        "time" : "20170205T165649-0500"
      }, {
        "lat" : 40.730603,
        "lon" : -73.992535,
        "time" : "20170205T165718-0500"
      } ]
    } ],
    "lastUpdate" : "20170205T230609Z"
  }, {
    "type" : "place",
    "startTime" : "20170205T165719-0500",
    "endTime" : "20170205T170338-0500",
    "place" : {
      "id" : 590397434,
      "type" : "unknown",
      "location" : {
        "lat" : 40.730603,
        "lon" : -73.992535
      }
    },
    "activities" : [ {
      "activity" : "walking",
      "group" : "walking",
      "manual" : false,
      "startTime" : "20170205T165719-0500",
      "endTime" : "20170205T165726-0500",
      "duration" : 7.0,
      "distance" : 5.0,
      "steps" : 11,
      "trackPoints" : [ ]
    }, {
      "activity" : "walking",
      "group" : "walking",
      "manual" : false,
      "startTime" : "20170205T170312-0500",
      "endTime" : "20170205T170314-0500",
      "duration" : 2.0,
      "distance" : 2.0,
      "steps" : 4,
      "trackPoints" : [ ]
    } ],
    "lastUpdate" : "20170205T230609Z"
  }, {
    "type" : "move",
    "startTime" : "20170205T170338-0500",
    "endTime" : "20170205T173927-0500",
    "activities" : [ {
      "activity" : "transport",
      "group" : "transport",
      "manual" : false,
      "startTime" : "20170205T170338-0500",
      "endTime" : "20170205T171146-0500",
      "duration" : 488.0,
      "distance" : 3101.0,
      "trackPoints" : [ {
        "lat" : 40.730603,
        "lon" : -73.992535,
        "time" : "20170205T170338-0500"
      }, {
        "lat" : 40.735677,
        "lon" : -73.990678,
        "time" : "20170205T170455-0500"
      }, {
        "lat" : 40.735674,
        "lon" : -73.990687,
        "time" : "20170205T170515-0500"
      }, {
        "lat" : 40.741279,
        "lon" : -73.989106,
        "time" : "20170205T170617-0500"
      }, {
        "lat" : 40.74144,
        "lon" : -73.98907,
        "time" : "20170205T170633-0500"
      }, {
        "lat" : 40.741501,
        "lon" : -73.989066,
        "time" : "20170205T170659-0500"
      }, {
        "lat" : 40.745307,
        "lon" : -73.988779,
        "time" : "20170205T170756-0500"
      }, {
        "lat" : 40.74531,
        "lon" : -73.988782,
        "time" : "20170205T170819-0500"
      }, {
        "lat" : 40.749033,
        "lon" : -73.988225,
        "time" : "20170205T170903-0500"
      }, {
        "lat" : 40.749402,
        "lon" : -73.988117,
        "time" : "20170205T170919-0500"
      }, {
        "lat" : 40.749447,
        "lon" : -73.988103,
        "time" : "20170205T170939-0500"
      }, {
        "lat" : 40.74945,
        "lon" : -73.988105,
        "time" : "20170205T171026-0500"
      }, {
        "lat" : 40.75441,
        "lon" : -73.986947,
        "time" : "20170205T171147-0500"
      } ]
    }, {
      "activity" : "walking",
      "group" : "walking",
      "manual" : false,
      "startTime" : "20170205T171147-0500",
      "endTime" : "20170205T171517-0500",
      "duration" : 210.0,
      "distance" : 212.0,
      "steps" : 368,
      "trackPoints" : [ {
        "lat" : 40.75441,
        "lon" : -73.986947,
        "time" : "20170205T171147-0500"
      }, {
        "lat" : 40.754695,
        "lon" : -73.986892,
        "time" : "20170205T171218-0500"
      }, {
        "lat" : 40.754935,
        "lon" : -73.986866,
        "time" : "20170205T171241-0500"
      }, {
        "lat" : 40.755229,
        "lon" : -73.986836,
        "time" : "20170205T171316-0500"
      }, {
        "lat" : 40.75553,
        "lon" : -73.986794,
        "time" : "20170205T171340-0500"
      }, {
        "lat" : 40.755813,
        "lon" : -73.98677,
        "time" : "20170205T171401-0500"
      }, {
        "lat" : 40.755965,
        "lon" : -73.98681,
        "time" : "20170205T171428-0500"
      }, {
        "lat" : 40.755948,
        "lon" : -73.986945,
        "time" : "20170205T171452-0500"
      }, {
        "lat" : 40.755844,
        "lon" : -73.987056,
        "time" : "20170205T171517-0500"
      } ]
    }, {
      "activity" : "transport",
      "group" : "transport",
      "manual" : false,
      "startTime" : "20170205T171517-0500",
      "endTime" : "20170205T173927-0500",
      "duration" : 1450.0,
      "distance" : 12035.0,
      "trackPoints" : [ {
        "lat" : 40.755844,
        "lon" : -73.987056,
        "time" : "20170205T171517-0500"
      }, {
        "lat" : 40.755794,
        "lon" : -73.987088,
        "time" : "20170205T171554-0500"
      }, {
        "lat" : 40.755871,
        "lon" : -73.987027,
        "time" : "20170205T171616-0500"
      }, {
        "lat" : 40.755927,
        "lon" : -73.986986,
        "time" : "20170205T171633-0500"
      }, {
        "lat" : 40.768904,
        "lon" : -73.981903,
        "time" : "20170205T171833-0500"
      }, {
        "lat" : 40.778863,
        "lon" : -73.981968,
        "time" : "20170205T171940-0500"
      }, {
        "lat" : 40.778837,
        "lon" : -73.981984,
        "time" : "20170205T172000-0500"
      }, {
        "lat" : 40.783967,
        "lon" : -73.979939,
        "time" : "20170205T172104-0500"
      }, {
        "lat" : 40.794095,
        "lon" : -73.972151,
        "time" : "20170205T172233-0500"
      }, {
        "lat" : 40.794257,
        "lon" : -73.972039,
        "time" : "20170205T172249-0500"
      }, {
        "lat" : 40.794271,
        "lon" : -73.972029,
        "time" : "20170205T172309-0500"
      }, {
        "lat" : 40.794271,
        "lon" : -73.972029,
        "time" : "20170205T172329-0500"
      }, {
        "lat" : 40.794271,
        "lon" : -73.972029,
        "time" : "20170205T172348-0500"
      }, {
        "lat" : 40.794271,
        "lon" : -73.972029,
        "time" : "20170205T172403-0500"
      }, {
        "lat" : 40.794272,
        "lon" : -73.972029,
        "time" : "20170205T172420-0500"
      }, {
        "lat" : 40.794272,
        "lon" : -73.972029,
        "time" : "20170205T172458-0500"
      }, {
        "lat" : 40.794272,
        "lon" : -73.972029,
        "time" : "20170205T172521-0500"
      }, {
        "lat" : 40.794272,
        "lon" : -73.972029,
        "time" : "20170205T172555-0500"
      }, {
        "lat" : 40.799244,
        "lon" : -73.96838,
        "time" : "20170205T172723-0500"
      }, {
        "lat" : 40.799363,
        "lon" : -73.968307,
        "time" : "20170205T172741-0500"
      }, {
        "lat" : 40.79934,
        "lon" : -73.96832,
        "time" : "20170205T172803-0500"
      }, {
        "lat" : 40.804298,
        "lon" : -73.966725,
        "time" : "20170205T172851-0500"
      }, {
        "lat" : 40.804431,
        "lon" : -73.966665,
        "time" : "20170205T172907-0500"
      }, {
        "lat" : 40.804455,
        "lon" : -73.966644,
        "time" : "20170205T172925-0500"
      }, {
        "lat" : 40.808152,
        "lon" : -73.963771,
        "time" : "20170205T173012-0500"
      }, {
        "lat" : 40.808273,
        "lon" : -73.963709,
        "time" : "20170205T173032-0500"
      }, {
        "lat" : 40.808244,
        "lon" : -73.963724,
        "time" : "20170205T173051-0500"
      }, {
        "lat" : 40.813772,
        "lon" : -73.95982,
        "time" : "20170205T173144-0500"
      }, {
        "lat" : 40.81595,
        "lon" : -73.958214,
        "time" : "20170205T173213-0500"
      }, {
        "lat" : 40.816183,
        "lon" : -73.95801,
        "time" : "20170205T173235-0500"
      }, {
        "lat" : 40.817765,
        "lon" : -73.956803,
        "time" : "20170205T173254-0500"
      }, {
        "lat" : 40.819098,
        "lon" : -73.955909,
        "time" : "20170205T173312-0500"
      }, {
        "lat" : 40.821512,
        "lon" : -73.954244,
        "time" : "20170205T173354-0500"
      }, {
        "lat" : 40.821549,
        "lon" : -73.954214,
        "time" : "20170205T173417-0500"
      }, {
        "lat" : 40.826552,
        "lon" : -73.950568,
        "time" : "20170205T173509-0500"
      }, {
        "lat" : 40.826665,
        "lon" : -73.950486,
        "time" : "20170205T173528-0500"
      }, {
        "lat" : 40.826637,
        "lon" : -73.950508,
        "time" : "20170205T173553-0500"
      }, {
        "lat" : 40.834215,
        "lon" : -73.945107,
        "time" : "20170205T173723-0500"
      }, {
        "lat" : 40.83422,
        "lon" : -73.945095,
        "time" : "20170205T173748-0500"
      }, {
        "lat" : 40.840999,
        "lon" : -73.940134,
        "time" : "20170205T173907-0500"
      }, {
        "lat" : 40.840975,
        "lon" : -73.939913,
        "time" : "20170205T173927-0500"
      } ]
    } ],
    "lastUpdate" : "20170205T230609Z"
  }, {
    "type" : "place",
    "startTime" : "20170205T173927-0500",
    "endTime" : "20170205T174146-0500",
    "place" : {
      "id" : 591880928,
      "type" : "unknown",
      "location" : {
        "lat" : 40.840975,
        "lon" : -73.939913
      }
    },
    "activities" : [ {
      "activity" : "walking",
      "group" : "walking",
      "manual" : false,
      "startTime" : "20170205T173927-0500",
      "endTime" : "20170205T174035-0500",
      "duration" : 68.0,
      "distance" : 51.0,
      "steps" : 103,
      "trackPoints" : [ ]
    } ],
    "lastUpdate" : "20170205T230609Z"
  }, {
    "type" : "move",
    "startTime" : "20170205T174146-0500",
    "endTime" : "20170205T175022-0500",
    "activities" : [ {
      "activity" : "walking",
      "group" : "walking",
      "manual" : false,
      "startTime" : "20170205T174146-0500",
      "endTime" : "20170205T175021-0500",
      "duration" : 515.0,
      "distance" : 479.0,
      "steps" : 724,
      "trackPoints" : [ {
        "lat" : 40.840975,
        "lon" : -73.939913,
        "time" : "20170205T174146-0500"
      }, {
        "lat" : 40.840973,
        "lon" : -73.939843,
        "time" : "20170205T174219-0500"
      }, {
        "lat" : 40.841178,
        "lon" : -73.939769,
        "time" : "20170205T174238-0500"
      }, {
        "lat" : 40.841292,
        "lon" : -73.939993,
        "time" : "20170205T174254-0500"
      }, {
        "lat" : 40.841169,
        "lon" : -73.939928,
        "time" : "20170205T174310-0500"
      }, {
        "lat" : 40.841024,
        "lon" : -73.939662,
        "time" : "20170205T174326-0500"
      }, {
        "lat" : 40.840907,
        "lon" : -73.939456,
        "time" : "20170205T174345-0500"
      }, {
        "lat" : 40.84074,
        "lon" : -73.939199,
        "time" : "20170205T174405-0500"
      }, {
        "lat" : 40.840566,
        "lon" : -73.938877,
        "time" : "20170205T174425-0500"
      }, {
        "lat" : 40.840461,
        "lon" : -73.938514,
        "time" : "20170205T174445-0500"
      }, {
        "lat" : 40.840413,
        "lon" : -73.938208,
        "time" : "20170205T174509-0500"
      }, {
        "lat" : 40.840346,
        "lon" : -73.938021,
        "time" : "20170205T174526-0500"
      }, {
        "lat" : 40.84023,
        "lon" : -73.937712,
        "time" : "20170205T174548-0500"
      }, {
        "lat" : 40.84007,
        "lon" : -73.937219,
        "time" : "20170205T174616-0500"
      }, {
        "lat" : 40.840101,
        "lon" : -73.936872,
        "time" : "20170205T174639-0500"
      }, {
        "lat" : 40.84031,
        "lon" : -73.936688,
        "time" : "20170205T174658-0500"
      }, {
        "lat" : 40.840355,
        "lon" : -73.936496,
        "time" : "20170205T174715-0500"
      }, {
        "lat" : 40.840381,
        "lon" : -73.936549,
        "time" : "20170205T174733-0500"
      }, {
        "lat" : 40.840457,
        "lon" : -73.936505,
        "time" : "20170205T174756-0500"
      }, {
        "lat" : 40.840381,
        "lon" : -73.936391,
        "time" : "20170205T174831-0500"
      }, {
        "lat" : 40.840367,
        "lon" : -73.936318,
        "time" : "20170205T174852-0500"
      }, {
        "lat" : 40.8403,
        "lon" : -73.936115,
        "time" : "20170205T174927-0500"
      }, {
        "lat" : 40.840251,
        "lon" : -73.936153,
        "time" : "20170205T175000-0500"
      }, {
        "lat" : 40.840238,
        "lon" : -73.936295,
        "time" : "20170205T175022-0500"
      } ]
    } ],
    "lastUpdate" : "20170205T230609Z"
  }, {
    "type" : "place",
    "startTime" : "20170205T175022-0500",
    "endTime" : "20170205T225244-0500",
    "place" : {
      "id" : 591880929,
      "type" : "unknown",
      "location" : {
        "lat" : 40.840238,
        "lon" : -73.936295
      }
    },
    "activities" : [ {
      "activity" : "walking",
      "group" : "walking",
      "manual" : false,
      "startTime" : "20170205T175030-0500",
      "endTime" : "20170205T175039-0500",
      "duration" : 9.0,
      "distance" : 7.0,
      "steps" : 15,
      "trackPoints" : [ ]
    }, {
      "activity" : "walking",
      "group" : "walking",
      "manual" : false,
      "startTime" : "20170205T183740-0500",
      "endTime" : "20170205T183744-0500",
      "duration" : 4.0,
      "distance" : 3.0,
      "steps" : 6,
      "trackPoints" : [ ]
    }, {
      "activity" : "walking",
      "group" : "walking",
      "manual" : false,
      "startTime" : "20170205T194545-0500",
      "endTime" : "20170205T194550-0500",
      "duration" : 5.0,
      "distance" : 4.0,
      "steps" : 8,
      "trackPoints" : [ ]
    }, {
      "activity" : "walking",
      "group" : "walking",
      "manual" : false,
      "startTime" : "20170205T210501-0500",
      "endTime" : "20170205T210514-0500",
      "duration" : 13.0,
      "distance" : 9.0,
      "steps" : 19,
      "trackPoints" : [ ]
    }, {
      "activity" : "walking",
      "group" : "walking",
      "manual" : false,
      "startTime" : "20170205T223515-0500",
      "endTime" : "20170205T224034-0500",
      "duration" : 319.0,
      "distance" : 358.0,
      "steps" : 478,
      "trackPoints" : [ ]
    } ],
    "lastUpdate" : "20170206T051809Z"
  }, {
    "type" : "move",
    "startTime" : "20170205T225244-0500",
    "endTime" : "20170205T225355-0500",
    "activities" : [ {
      "activity" : "walking",
      "group" : "walking",
      "manual" : false,
      "startTime" : "20170205T225244-0500",
      "endTime" : "20170205T225355-0500",
      "duration" : 71.0,
      "distance" : 175.0,
      "steps" : 146,
      "trackPoints" : [ {
        "lat" : 40.840238,
        "lon" : -73.936295,
        "time" : "20170205T225244-0500"
      }, {
        "lat" : 40.840921,
        "lon" : -73.939172,
        "time" : "20170205T225321-0500"
      }, {
        "lat" : 40.840923,
        "lon" : -73.939231,
        "time" : "20170205T225337-0500"
      }, {
        "lat" : 40.840975,
        "lon" : -73.939913,
        "time" : "20170205T225355-0500"
      } ]
    } ],
    "lastUpdate" : "20170206T051809Z"
  }, {
    "type" : "place",
    "startTime" : "20170205T225355-0500",
    "endTime" : "20170205T230623-0500",
    "place" : {
      "id" : 591880928,
      "type" : "unknown",
      "location" : {
        "lat" : 40.840975,
        "lon" : -73.939913
      }
    },
    "activities" : [ {
      "activity" : "walking",
      "group" : "walking",
      "manual" : false,
      "startTime" : "20170205T225355-0500",
      "endTime" : "20170205T225610-0500",
      "duration" : 135.0,
      "distance" : 152.0,
      "steps" : 203,
      "trackPoints" : [ ]
    }, {
      "activity" : "walking",
      "group" : "walking",
      "manual" : false,
      "startTime" : "20170205T230614-0500",
      "endTime" : "20170205T230622-0500",
      "duration" : 8.0,
      "distance" : 5.0,
      "steps" : 11,
      "trackPoints" : [ ]
    } ],
    "lastUpdate" : "20170206T051809Z"
  }, {
    "type" : "move",
    "startTime" : "20170205T230623-0500",
    "endTime" : "20170205T233816-0500",
    "activities" : [ {
      "activity" : "transport",
      "group" : "transport",
      "manual" : false,
      "startTime" : "20170205T230623-0500",
      "endTime" : "20170205T233815-0500",
      "duration" : 1912.0,
      "distance" : 14622.0,
      "trackPoints" : [ {
        "lat" : 40.840975,
        "lon" : -73.939913,
        "time" : "20170205T230623-0500"
      }, {
        "lat" : 40.834278,
        "lon" : -73.945037,
        "time" : "20170205T230734-0500"
      }, {
        "lat" : 40.834157,
        "lon" : -73.945127,
        "time" : "20170205T230752-0500"
      }, {
        "lat" : 40.83413,
        "lon" : -73.945146,
        "time" : "20170205T230809-0500"
      }, {
        "lat" : 40.826688,
        "lon" : -73.95048,
        "time" : "20170205T230929-0500"
      }, {
        "lat" : 40.826596,
        "lon" : -73.950534,
        "time" : "20170205T230948-0500"
      }, {
        "lat" : 40.826564,
        "lon" : -73.950532,
        "time" : "20170205T231005-0500"
      }, {
        "lat" : 40.821467,
        "lon" : -73.954296,
        "time" : "20170205T231109-0500"
      }, {
        "lat" : 40.821478,
        "lon" : -73.954285,
        "time" : "20170205T231128-0500"
      }, {
        "lat" : 40.818316,
        "lon" : -73.95665,
        "time" : "20170205T231212-0500"
      }, {
        "lat" : 40.816311,
        "lon" : -73.958027,
        "time" : "20170205T231234-0500"
      }, {
        "lat" : 40.815774,
        "lon" : -73.958492,
        "time" : "20170205T231301-0500"
      }, {
        "lat" : 40.814157,
        "lon" : -73.959483,
        "time" : "20170205T231334-0500"
      }, {
        "lat" : 40.808306,
        "lon" : -73.963683,
        "time" : "20170205T231437-0500"
      }, {
        "lat" : 40.808198,
        "lon" : -73.963758,
        "time" : "20170205T231457-0500"
      }, {
        "lat" : 40.804479,
        "lon" : -73.966628,
        "time" : "20170205T231542-0500"
      }, {
        "lat" : 40.80435,
        "lon" : -73.966707,
        "time" : "20170205T231604-0500"
      }, {
        "lat" : 40.804305,
        "lon" : -73.966717,
        "time" : "20170205T231624-0500"
      }, {
        "lat" : 40.799406,
        "lon" : -73.968288,
        "time" : "20170205T231710-0500"
      }, {
        "lat" : 40.799257,
        "lon" : -73.968371,
        "time" : "20170205T231730-0500"
      }, {
        "lat" : 40.799289,
        "lon" : -73.968338,
        "time" : "20170205T231746-0500"
      }, {
        "lat" : 40.794261,
        "lon" : -73.972039,
        "time" : "20170205T231859-0500"
      }, {
        "lat" : 40.794114,
        "lon" : -73.972157,
        "time" : "20170205T231921-0500"
      }, {
        "lat" : 40.794088,
        "lon" : -73.972164,
        "time" : "20170205T231943-0500"
      }, {
        "lat" : 40.794105,
        "lon" : -73.972151,
        "time" : "20170205T232007-0500"
      }, {
        "lat" : 40.78867,
        "lon" : -73.976493,
        "time" : "20170205T232055-0500"
      }, {
        "lat" : 40.788421,
        "lon" : -73.976621,
        "time" : "20170205T232117-0500"
      }, {
        "lat" : 40.788442,
        "lon" : -73.976621,
        "time" : "20170205T232142-0500"
      }, {
        "lat" : 40.784011,
        "lon" : -73.979868,
        "time" : "20170205T232230-0500"
      }, {
        "lat" : 40.783945,
        "lon" : -73.979987,
        "time" : "20170205T232245-0500"
      }, {
        "lat" : 40.783955,
        "lon" : -73.97998,
        "time" : "20170205T232301-0500"
      }, {
        "lat" : 40.77898,
        "lon" : -73.981931,
        "time" : "20170205T232413-0500"
      }, {
        "lat" : 40.77868,
        "lon" : -73.982001,
        "time" : "20170205T232443-0500"
      }, {
        "lat" : 40.778741,
        "lon" : -73.982008,
        "time" : "20170205T232503-0500"
      }, {
        "lat" : 40.773813,
        "lon" : -73.982116,
        "time" : "20170205T232559-0500"
      }, {
        "lat" : 40.773711,
        "lon" : -73.982114,
        "time" : "20170205T232622-0500"
      }, {
        "lat" : 40.768703,
        "lon" : -73.981874,
        "time" : "20170205T232726-0500"
      }, {
        "lat" : 40.768717,
        "lon" : -73.981851,
        "time" : "20170205T232747-0500"
      }, {
        "lat" : 40.761606,
        "lon" : -73.984145,
        "time" : "20170205T232902-0500"
      }, {
        "lat" : 40.761442,
        "lon" : -73.984154,
        "time" : "20170205T232931-0500"
      }, {
        "lat" : 40.755388,
        "lon" : -73.987252,
        "time" : "20170205T233140-0500"
      }, {
        "lat" : 40.755363,
        "lon" : -73.987133,
        "time" : "20170205T233158-0500"
      }, {
        "lat" : 40.755344,
        "lon" : -73.987104,
        "time" : "20170205T233220-0500"
      }, {
        "lat" : 40.755314,
        "lon" : -73.987098,
        "time" : "20170205T233239-0500"
      }, {
        "lat" : 40.755291,
        "lon" : -73.987091,
        "time" : "20170205T233258-0500"
      }, {
        "lat" : 40.755103,
        "lon" : -73.986998,
        "time" : "20170205T233315-0500"
      }, {
        "lat" : 40.754589,
        "lon" : -73.986935,
        "time" : "20170205T233336-0500"
      }, {
        "lat" : 40.749932,
        "lon" : -73.987997,
        "time" : "20170205T233447-0500"
      }, {
        "lat" : 40.749625,
        "lon" : -73.988052,
        "time" : "20170205T233513-0500"
      }, {
        "lat" : 40.745278,
        "lon" : -73.98879,
        "time" : "20170205T233550-0500"
      }, {
        "lat" : 40.745215,
        "lon" : -73.988801,
        "time" : "20170205T233606-0500"
      }, {
        "lat" : 40.74146,
        "lon" : -73.989067,
        "time" : "20170205T233656-0500"
      }, {
        "lat" : 40.741308,
        "lon" : -73.989102,
        "time" : "20170205T233720-0500"
      }, {
        "lat" : 40.741211,
        "lon" : -73.989124,
        "time" : "20170205T233740-0500"
      }, {
        "lat" : 40.735935,
        "lon" : -73.990651,
        "time" : "20170205T233816-0500"
      } ]
    } ],
    "lastUpdate" : "20170206T051809Z"
  }, {
    "type" : "place",
    "startTime" : "20170205T233816-0500",
    "endTime" : "20170205T234810-0500",
    "place" : {
      "id" : 591953551,
      "type" : "unknown",
      "location" : {
        "lat" : 40.735935,
        "lon" : -73.990651
      }
    },
    "activities" : [ {
      "activity" : "walking",
      "group" : "walking",
      "manual" : false,
      "startTime" : "20170205T233816-0500",
      "endTime" : "20170205T234015-0500",
      "duration" : 119.0,
      "distance" : 89.0,
      "steps" : 179,
      "trackPoints" : [ ]
    } ],
    "lastUpdate" : "20170206T064846Z"
  }, {
    "type" : "move",
    "startTime" : "20170205T234810-0500",
    "endTime" : "20170206T001857-0500",
    "activities" : [ {
      "activity" : "transport",
      "group" : "transport",
      "manual" : false,
      "startTime" : "20170205T234810-0500",
      "endTime" : "20170205T235959-0500",
      "duration" : 709.0,
      "distance" : 3840.0,
      "trackPoints" : [ {
        "lat" : 40.735935,
        "lon" : -73.990651,
        "time" : "20170205T234810-0500"
      }, {
        "lat" : 40.730645,
        "lon" : -73.992558,
        "time" : "20170205T234918-0500"
      }, {
        "lat" : 40.730548,
        "lon" : -73.992621,
        "time" : "20170205T234935-0500"
      }, {
        "lat" : 40.730522,
        "lon" : -73.99264,
        "time" : "20170205T234954-0500"
      }, {
        "lat" : 40.724312,
        "lon" : -73.99763,
        "time" : "20170205T235101-0500"
      }, {
        "lat" : 40.724134,
        "lon" : -73.997767,
        "time" : "20170205T235117-0500"
      }, {
        "lat" : 40.724126,
        "lon" : -73.997773,
        "time" : "20170205T235159-0500"
      }, {
        "lat" : 40.719589,
        "lon" : -74.001752,
        "time" : "20170205T235348-0500"
      }, {
        "lat" : 40.717906,
        "lon" : -74.000056,
        "time" : "20170205T235514-0500"
      }, {
        "lat" : 40.717904,
        "lon" : -74.000052,
        "time" : "20170205T235531-0500"
      }, {
        "lat" : 40.717903,
        "lon" : -74.000049,
        "time" : "20170205T235552-0500"
      }, {
        "lat" : 40.717901,
        "lon" : -74.000046,
        "time" : "20170205T235610-0500"
      }, {
        "lat" : 40.717901,
        "lon" : -74.00004,
        "time" : "20170205T235644-0500"
      }, {
        "lat" : 40.720291,
        "lon" : -73.993262,
        "time" : "20170205T235829-0500"
      }, {
        "lat" : 40.720251,
        "lon" : -73.993139,
        "time" : "20170205T235846-0500"
      }, {
        "lat" : 40.720301,
        "lon" : -73.9933,
        "time" : "20170205T235905-0500"
      }, {
        "lat" : 40.718997,
        "lon" : -73.989092,
        "time" : "20170205T235959-0500"
      } ]
    } ],
    "lastUpdate" : "20170206T064846Z"
  } ],
  "lastUpdate" : "20170206T064846Z"
} ]