[ {
  "date" : "20170203",
  "summary" : [ {
    "activity" : "walking",
    "group" : "walking",
    "duration" : 6321.0,
    "distance" : 6564.0,
    "steps" : 9939
  }, {
    "activity" : "transport",
    "group" : "transport",
    "duration" : 5346.0,
    "distance" : 33463.0
  }, {
    "activity" : "running",
    "group" : "running",
    "duration" : 204.0,
    "distance" : 143.0,
    "steps" : 46
  } ],
  "segments" : [ {
    "type" : "place",
    "startTime" : "20170202T231437-0500",
    "endTime" : "20170203T000957-0500",
    "place" : {
      "id" : 590397432,
      "type" : "unknown",
      "location" : {
        "lat" : 40.73233,
        "lon" : -74.001699
      }
    },
    "activities" : [ {
      "activity" : "walking",
      "group" : "walking",
      "manual" : false,
      "startTime" : "20170203T000000-0500",
      "endTime" : "20170203T000047-0500",
      "duration" : 47.0,
      "distance" : 28.0,
      "steps" : 57,
      "trackPoints" : [ ]
    } ],
    "lastUpdate" : "20170203T053623Z"
  }, {
    "type" : "move",
    "startTime" : "20170203T000957-0500",
    "endTime" : "20170203T002144-0500",
    "activities" : [ {
      "activity" : "walking",
      "group" : "walking",
      "manual" : false,
      "startTime" : "20170203T000957-0500",
      "endTime" : "20170203T002144-0500",
      "duration" : 707.0,
      "distance" : 900.0,
      "steps" : 1112,
      "trackPoints" : [ {
        "lat" : 40.73233,
        "lon" : -74.001699,
        "time" : "20170203T000957-0500"
      }, {
        "lat" : 40.732149,
        "lon" : -74.001467,
        "time" : "20170203T001022-0500"
      }, {
        "lat" : 40.732138,
        "lon" : -74.001451,
        "time" : "20170203T001040-0500"
      }, {
        "lat" : 40.732146,
        "lon" : -74.001465,
        "time" : "20170203T001058-0500"
      }, {
        "lat" : 40.732087,
        "lon" : -74.001403,
        "time" : "20170203T001119-0500"
      }, {
        "lat" : 40.731943,
        "lon" : -74.001207,
        "time" : "20170203T001144-0500"
      }, {
        "lat" : 40.731805,
        "lon" : -74.000923,
        "time" : "20170203T001203-0500"
      }, {
        "lat" : 40.731808,
        "lon" : -74.00099,
        "time" : "20170203T001220-0500"
      }, {
        "lat" : 40.731836,
        "lon" : -74.00093,
        "time" : "20170203T001238-0500"
      }, {
        "lat" : 40.731758,
        "lon" : -74.000897,
        "time" : "20170203T001255-0500"
      }, {
        "lat" : 40.731579,
        "lon" : -74.000713,
        "time" : "20170203T001318-0500"
      }, {
        "lat" : 40.731439,
        "lon" : -74.00038,
        "time" : "20170203T001341-0500"
      }, {
        "lat" : 40.731277,
        "lon" : -73.999952,
        "time" : "20170203T001404-0500"
      }, {
        "lat" : 40.731042,
        "lon" : -73.999247,
        "time" : "20170203T001438-0500"
      }, {
        "lat" : 40.730961,
        "lon" : -73.998978,
        "time" : "20170203T001458-0500"
      }, {
        "lat" : 40.730817,
        "lon" : -73.998696,
        "time" : "20170203T001521-0500"
      }, {
        "lat" : 40.730707,
        "lon" : -73.998615,
        "time" : "20170203T001538-0500"
      }, {
        "lat" : 40.730615,
        "lon" : -73.998525,
        "time" : "20170203T001554-0500"
      }, {
        "lat" : 40.730412,
        "lon" : -73.998252,
        "time" : "20170203T001616-0500"
      }, {
        "lat" : 40.730357,
        "lon" : -73.997795,
        "time" : "20170203T001639-0500"
      }, {
        "lat" : 40.730025,
        "lon" : -73.996905,
        "time" : "20170203T001748-0500"
      }, {
        "lat" : 40.729769,
        "lon" : -73.996592,
        "time" : "20170203T001807-0500"
      }, {
        "lat" : 40.729436,
        "lon" : -73.99624,
        "time" : "20170203T001830-0500"
      }, {
        "lat" : 40.729206,
        "lon" : -73.996024,
        "time" : "20170203T001851-0500"
      }, {
        "lat" : 40.729036,
        "lon" : -73.995946,
        "time" : "20170203T001907-0500"
      }, {
        "lat" : 40.728926,
        "lon" : -73.995946,
        "time" : "20170203T001924-0500"
      }, {
        "lat" : 40.729048,
        "lon" : -73.995755,
        "time" : "20170203T001942-0500"
      }, {
        "lat" : 40.728814,
        "lon" : -73.995274,
        "time" : "20170203T002038-0500"
      }, {
        "lat" : 40.728784,
        "lon" : -73.994634,
        "time" : "20170203T002126-0500"
      }, {
        "lat" : 40.729105,
        "lon" : -73.993766,
        "time" : "20170203T002144-0500"
      } ]
    } ],
    "lastUpdate" : "20170203T053623Z"
  }, {
    "type" : "place",
    "startTime" : "20170203T002144-0500",
    "endTime" : "20170203T002509-0500",
    "place" : {
      "id" : 590397433,
      "type" : "unknown",
      "location" : {
        "lat" : 40.729105,
        "lon" : -73.993766
      }
    },
    "activities" : [ {
      "activity" : "walking",
      "group" : "walking",
      "manual" : false,
      "startTime" : "20170203T002144-0500",
      "endTime" : "20170203T002245-0500",
      "duration" : 61.0,
      "distance" : 46.0,
      "steps" : 92,
      "trackPoints" : [ ]
    } ],
    "lastUpdate" : "20170203T053623Z"
  }, {
    "type" : "move",
    "startTime" : "20170203T002509-0500",
    "endTime" : "20170203T002741-0500",
    "activities" : [ {
      "activity" : "walking",
      "group" : "walking",
      "manual" : false,
      "startTime" : "20170203T002509-0500",
      "endTime" : "20170203T002740-0500",
      "duration" : 151.0,
      "distance" : 212.0,
      "steps" : 284,
      "trackPoints" : [ {
        "lat" : 40.729105,
        "lon" : -73.993766,
        "time" : "20170203T002509-0500"
      }, {
        "lat" : 40.729315,
        "lon" : -73.993594,
        "time" : "20170203T002544-0500"
      }, {
        "lat" : 40.729634,
        "lon" : -73.993352,
        "time" : "20170203T002621-0500"
      }, {
        "lat" : 40.729917,
        "lon" : -73.993139,
        "time" : "20170203T002649-0500"
      }, {
        "lat" : 40.730197,
        "lon" : -73.992879,
        "time" : "20170203T002711-0500"
      }, {
        "lat" : 40.730421,
        "lon" : -73.992688,
        "time" : "20170203T002726-0500"
      }, {
        "lat" : 40.730603,
        "lon" : -73.992535,
        "time" : "20170203T002741-0500"
      } ]
    } ],
    "lastUpdate" : "20170203T053623Z"
  }, {
    "type" : "place",
    "startTime" : "20170203T002741-0500",
    "endTime" : "20170203T003200-0500",
    "place" : {
      "id" : 590397434,
      "type" : "unknown",
      "location" : {
        "lat" : 40.730603,
        "lon" : -73.992535
      }
    },
    "activities" : [ {
      "activity" : "walking",
      "group" : "walking",
      "manual" : false,
      "startTime" : "20170203T002741-0500",
      "endTime" : "20170203T002747-0500",
      "duration" : 6.0,
      "distance" : 4.0,
      "steps" : 9,
      "trackPoints" : [ ]
    } ],
    "lastUpdate" : "20170203T144524Z"
  }, {
    "type" : "move",
    "startTime" : "20170203T003200-0500",
    "endTime" : "20170203T005958-0500",
    "activities" : [ {
      "activity" : "transport",
      "group" : "transport",
      "manual" : false,
      "startTime" : "20170203T003200-0500",
      "endTime" : "20170203T005957-0500",
      "duration" : 1677.0,
      "distance" : 11141.0,
      "trackPoints" : [ {
        "lat" : 40.730603,
        "lon" : -73.992535,
        "time" : "20170203T003200-0500"
      }, {
        "lat" : 40.730699,
        "lon" : -73.992449,
        "time" : "20170203T003224-0500"
      }, {
        "lat" : 40.735392,
        "lon" : -73.990799,
        "time" : "20170203T003306-0500"
      }, {
        "lat" : 40.735662,
        "lon" : -73.990713,
        "time" : "20170203T003321-0500"
      }, {
        "lat" : 40.735643,
        "lon" : -73.990731,
        "time" : "20170203T003337-0500"
      }, {
        "lat" : 40.741115,
        "lon" : -73.989161,
        "time" : "20170203T003432-0500"
      }, {
        "lat" : 40.741495,
        "lon" : -73.989074,
        "time" : "20170203T003454-0500"
      }, {
        "lat" : 40.741523,
        "lon" : -73.989083,
        "time" : "20170203T003513-0500"
      }, {
        "lat" : 40.745245,
        "lon" : -73.98876,
        "time" : "20170203T003553-0500"
      }, {
        "lat" : 40.745293,
        "lon" : -73.988739,
        "time" : "20170203T003611-0500"
      }, {
        "lat" : 40.749049,
        "lon" : -73.988232,
        "time" : "20170203T003711-0500"
      }, {
        "lat" : 40.749494,
        "lon" : -73.988073,
        "time" : "20170203T003728-0500"
      }, {
        "lat" : 40.749764,
        "lon" : -73.988009,
        "time" : "20170203T003752-0500"
      }, {
        "lat" : 40.754191,
        "lon" : -73.986979,
        "time" : "20170203T003845-0500"
      }, {
        "lat" : 40.754617,
        "lon" : -73.986891,
        "time" : "20170203T003906-0500"
      }, {
        "lat" : 40.754749,
        "lon" : -73.986848,
        "time" : "20170203T003924-0500"
      }, {
        "lat" : 40.759899,
        "lon" : -73.984317,
        "time" : "20170203T004004-0500"
      }, {
        "lat" : 40.760318,
        "lon" : -73.983988,
        "time" : "20170203T004043-0500"
      }, {
        "lat" : 40.764348,
        "lon" : -73.980985,
        "time" : "20170203T004155-0500"
      }, {
        "lat" : 40.764543,
        "lon" : -73.980641,
        "time" : "20170203T004232-0500"
      }, {
        "lat" : 40.764556,
        "lon" : -73.980615,
        "time" : "20170203T004253-0500"
      }, {
        "lat" : 40.764886,
        "lon" : -73.973754,
        "time" : "20170203T004529-0500"
      }, {
        "lat" : 40.764737,
        "lon" : -73.973305,
        "time" : "20170203T004600-0500"
      }, {
        "lat" : 40.762774,
        "lon" : -73.967664,
        "time" : "20170203T004650-0500"
      }, {
        "lat" : 40.76269,
        "lon" : -73.967464,
        "time" : "20170203T004705-0500"
      }, {
        "lat" : 40.762653,
        "lon" : -73.967373,
        "time" : "20170203T004720-0500"
      }, {
        "lat" : 40.762335,
        "lon" : -73.966601,
        "time" : "20170203T004759-0500"
      }, {
        "lat" : 40.752498,
        "lon" : -73.944053,
        "time" : "20170203T005408-0500"
      }, {
        "lat" : 40.752055,
        "lon" : -73.942611,
        "time" : "20170203T005425-0500"
      }, {
        "lat" : 40.750897,
        "lon" : -73.94067,
        "time" : "20170203T005450-0500"
      }, {
        "lat" : 40.750767,
        "lon" : -73.940283,
        "time" : "20170203T005510-0500"
      }, {
        "lat" : 40.750698,
        "lon" : -73.940104,
        "time" : "20170203T005528-0500"
      }, {
        "lat" : 40.750316,
        "lon" : -73.939288,
        "time" : "20170203T005557-0500"
      }, {
        "lat" : 40.749458,
        "lon" : -73.937939,
        "time" : "20170203T005618-0500"
      }, {
        "lat" : 40.749554,
        "lon" : -73.936288,
        "time" : "20170203T005639-0500"
      }, {
        "lat" : 40.750536,
        "lon" : -73.934899,
        "time" : "20170203T005655-0500"
      }, {
        "lat" : 40.751723,
        "lon" : -73.934105,
        "time" : "20170203T005712-0500"
      }, {
        "lat" : 40.752675,
        "lon" : -73.932878,
        "time" : "20170203T005731-0500"
      }, {
        "lat" : 40.752747,
        "lon" : -73.932952,
        "time" : "20170203T005752-0500"
      }, {
        "lat" : 40.754496,
        "lon" : -73.931449,
        "time" : "20170203T005819-0500"
      }, {
        "lat" : 40.756377,
        "lon" : -73.929893,
        "time" : "20170203T005839-0500"
      }, {
        "lat" : 40.756649,
        "lon" : -73.929645,
        "time" : "20170203T005858-0500"
      }, {
        "lat" : 40.757226,
        "lon" : -73.929282,
        "time" : "20170203T005919-0500"
      }, {
        "lat" : 40.759269,
        "lon" : -73.92751,
        "time" : "20170203T005938-0500"
      }, {
        "lat" : 40.761394,
        "lon" : -73.925808,
        "time" : "20170203T005958-0500"
      } ]
    } ],
    "lastUpdate" : "20170203T144524Z"
  }, {
    "type" : "off",
    "startTime" : "20170203T005958-0500",
    "endTime" : "20170203T081434-0500",
    "activities" : [ {
      "activity" : "walking",
      "group" : "walking",
      "manual" : false,
      "startTime" : "20170203T065643-0500",
      "endTime" : "20170203T065655-0500",
      "duration" : 12.0,
      "distance" : 8.0,
      "steps" : 16,
      "trackPoints" : [ {
        "lat" : 40.773511,
        "lon" : -73.913186,
        "time" : "20170203T065643-0500"
      }, {
        "lat" : 40.773518,
        "lon" : -73.913179,
        "time" : "20170203T065655-0500"
      } ]
    }, {
      "activity" : "walking",
      "group" : "walking",
      "manual" : false,
      "startTime" : "20170203T075246-0500",
      "endTime" : "20170203T075252-0500",
      "duration" : 6.0,
      "distance" : 4.0,
      "steps" : 8,
      "trackPoints" : [ {
        "lat" : 40.775396,
        "lon" : -73.911213,
        "time" : "20170203T075246-0500"
      }, {
        "lat" : 40.775399,
        "lon" : -73.91121,
        "time" : "20170203T075252-0500"
      } ]
    }, {
      "activity" : "walking",
      "group" : "walking",
      "manual" : false,
      "startTime" : "20170203T075744-0500",
      "endTime" : "20170203T075754-0500",
      "duration" : 10.0,
      "distance" : 7.0,
      "steps" : 14,
      "trackPoints" : [ {
        "lat" : 40.775563,
        "lon" : -73.911039,
        "time" : "20170203T075744-0500"
      }, {
        "lat" : 40.775569,
        "lon" : -73.911032,
        "time" : "20170203T075754-0500"
      } ]
    }, {
      "activity" : "walking",
      "group" : "walking",
      "manual" : false,
      "startTime" : "20170203T075818-0500",
      "endTime" : "20170203T080825-0500",
      "duration" : 607.0,
      "distance" : 302.0,
      "steps" : 486,
      "trackPoints" : [ {
        "lat" : 40.775582,
        "lon" : -73.911018,
        "time" : "20170203T075818-0500"
      }, {
        "lat" : 40.775639,
        "lon" : -73.910959,
        "time" : "20170203T075959-0500"
      }, {
        "lat" : 40.775639,
        "lon" : -73.910959,
        "time" : "20170203T080000-0500"
      }, {
        "lat" : 40.775922,
        "lon" : -73.910662,
        "time" : "20170203T080825-0500"
      } ]
    }, {
      "activity" : "running",
      "group" : "running",
      "manual" : false,
      "startTime" : "20170203T080825-0500",
      "endTime" : "20170203T081149-0500",
      "duration" : 204.0,
      "distance" : 143.0,
      "steps" : 46,
      "trackPoints" : [ {
        "lat" : 40.775922,
        "lon" : -73.910662,
        "time" : "20170203T080825-0500"
      }, {
        "lat" : 40.776037,
        "lon" : -73.910542,
        "time" : "20170203T081150-0500"
      } ]
    }, {
      "activity" : "walking",
      "group" : "walking",
      "manual" : false,
      "startTime" : "20170203T081150-0500",
      "endTime" : "20170203T081433-0500",
      "duration" : 163.0,
      "distance" : 156.0,
      "steps" : 313,
      "trackPoints" : [ {
        "lat" : 40.776037,
        "lon" : -73.910542,
        "time" : "20170203T081150-0500"
      }, {
        "lat" : 40.77587,
        "lon" : -73.910675,
        "time" : "20170203T081434-0500"
      } ]
    } ],
    "lastUpdate" : "20170203T144524Z"
  }, {
    "type" : "place",
    "startTime" : "20170203T081434-0500",
    "endTime" : "20170203T082852-0500",
    "place" : {
      "id" : 590594876,
      "type" : "unknown",
      "location" : {
        "lat" : 40.77587,
        "lon" : -73.910675
      }
    },
    "activities" : [ {
      "activity" : "walking",
      "group" : "walking",
      "manual" : false,
      "startTime" : "20170203T081434-0500",
      "endTime" : "20170203T081930-0500",
      "duration" : 296.0,
      "distance" : 333.0,
      "steps" : 444,
      "trackPoints" : [ ]
    } ],
    "lastUpdate" : "20170203T144524Z"
  }, {
    "type" : "move",
    "startTime" : "20170203T082852-0500",
    "endTime" : "20170203T083316-0500",
    "activities" : [ {
      "activity" : "transport",
      "group" : "transport",
      "manual" : false,
      "startTime" : "20170203T082852-0500",
      "endTime" : "20170203T083039-0500",
      "duration" : 107.0,
      "distance" : 969.0,
      "trackPoints" : [ {
        "lat" : 40.77587,
        "lon" : -73.910675,
        "time" : "20170203T082852-0500"
      }, {
        "lat" : 40.773179,
        "lon" : -73.914378,
        "time" : "20170203T082915-0500"
      }, {
        "lat" : 40.771037,
        "lon" : -73.916787,
        "time" : "20170203T082937-0500"
      }, {
        "lat" : 40.770622,
        "lon" : -73.917704,
        "time" : "20170203T082954-0500"
      }, {
        "lat" : 40.770491,
        "lon" : -73.917651,
        "time" : "20170203T083014-0500"
      }, {
        "lat" : 40.770557,
        "lon" : -73.917677,
        "time" : "20170203T083040-0500"
      } ]
    }, {
      "activity" : "walking",
      "group" : "walking",
      "manual" : false,
      "startTime" : "20170203T083040-0500",
      "endTime" : "20170203T083316-0500",
      "duration" : 156.0,
      "distance" : 234.0,
      "steps" : 342,
      "trackPoints" : [ {
        "lat" : 40.770557,
        "lon" : -73.917677,
        "time" : "20170203T083040-0500"
      }, {
        "lat" : 40.770614,
        "lon" : -73.917701,
        "time" : "20170203T083100-0500"
      }, {
        "lat" : 40.770762,
        "lon" : -73.917654,
        "time" : "20170203T083117-0500"
      }, {
        "lat" : 40.770858,
        "lon" : -73.917474,
        "time" : "20170203T083133-0500"
      }, {
        "lat" : 40.770962,
        "lon" : -73.917185,
        "time" : "20170203T083156-0500"
      }, {
        "lat" : 40.771115,
        "lon" : -73.917018,
        "time" : "20170203T083219-0500"
      }, {
        "lat" : 40.77122,
        "lon" : -73.916903,
        "time" : "20170203T083235-0500"
      }, {
        "lat" : 40.771514,
        "lon" : -73.916544,
        "time" : "20170203T083253-0500"
      }, {
        "lat" : 40.77224,
        "lon" : -73.916275,
        "time" : "20170203T083316-0500"
      } ]
    } ],
    "lastUpdate" : "20170203T144524Z"
  }, {
    "type" : "place",
    "startTime" : "20170203T083316-0500",
    "endTime" : "20170203T091447-0500",
    "place" : {
      "id" : 589933467,
      "type" : "unknown",
      "location" : {
        "lat" : 40.77224,
        "lon" : -73.916275
      }
    },
    "activities" : [ {
      "activity" : "walking",
      "group" : "walking",
      "manual" : false,
      "startTime" : "20170203T083316-0500",
      "endTime" : "20170203T083346-0500",
      "duration" : 30.0,
      "distance" : 23.0,
      "steps" : 46,
      "trackPoints" : [ ]
    }, {
      "activity" : "walking",
      "group" : "walking",
      "manual" : false,
      "startTime" : "20170203T090039-0500",
      "endTime" : "20170203T090120-0500",
      "duration" : 41.0,
      "distance" : 30.0,
      "steps" : 60,
      "trackPoints" : [ ]
    } ],
    "lastUpdate" : "20170203T144524Z"
  }, {
    "type" : "move",
    "startTime" : "20170203T091447-0500",
    "endTime" : "20170203T092003-0500",
    "activities" : [ {
      "activity" : "walking",
      "group" : "walking",
      "manual" : false,
      "startTime" : "20170203T091447-0500",
      "endTime" : "20170203T092003-0500",
      "duration" : 316.0,
      "distance" : 317.0,
      "steps" : 486,
      "trackPoints" : [ {
        "lat" : 40.77224,
        "lon" : -73.916275,
        "time" : "20170203T091447-0500"
      }, {
        "lat" : 40.771868,
        "lon" : -73.916282,
        "time" : "20170203T091510-0500"
      }, {
        "lat" : 40.771376,
        "lon" : -73.916648,
        "time" : "20170203T091556-0500"
      }, {
        "lat" : 40.771142,
        "lon" : -73.916931,
        "time" : "20170203T091617-0500"
      }, {
        "lat" : 40.77094,
        "lon" : -73.917025,
        "time" : "20170203T091635-0500"
      }, {
        "lat" : 40.770886,
        "lon" : -73.917132,
        "time" : "20170203T091653-0500"
      }, {
        "lat" : 40.770979,
        "lon" : -73.917224,
        "time" : "20170203T091714-0500"
      }, {
        "lat" : 40.771055,
        "lon" : -73.917438,
        "time" : "20170203T091732-0500"
      }, {
        "lat" : 40.771037,
        "lon" : -73.917404,
        "time" : "20170203T091750-0500"
      }, {
        "lat" : 40.770837,
        "lon" : -73.917448,
        "time" : "20170203T091806-0500"
      }, {
        "lat" : 40.770644,
        "lon" : -73.917558,
        "time" : "20170203T091832-0500"
      }, {
        "lat" : 40.770584,
        "lon" : -73.917634,
        "time" : "20170203T091855-0500"
      }, {
        "lat" : 40.770479,
        "lon" : -73.917739,
        "time" : "20170203T091918-0500"
      }, {
        "lat" : 40.770431,
        "lon" : -73.917816,
        "time" : "20170203T091940-0500"
      }, {
        "lat" : 40.770581,
        "lon" : -73.917928,
        "time" : "20170203T092003-0500"
      } ]
    } ],
    "lastUpdate" : "20170203T144524Z"
  }, {
    "type" : "place",
    "startTime" : "20170203T092003-0500",
    "endTime" : "20170203T094002-0500",
    "place" : {
      "id" : 590594877,
      "type" : "unknown",
      "location" : {
        "lat" : 40.770581,
        "lon" : -73.917928
      }
    },
    "activities" : [ {
      "activity" : "walking",
      "group" : "walking",
      "manual" : false,
      "startTime" : "20170203T092004-0500",
      "endTime" : "20170203T092027-0500",
      "duration" : 23.0,
      "distance" : 18.0,
      "steps" : 36,
      "trackPoints" : [ ]
    } ],
    "lastUpdate" : "20170203T161926Z"
  }, {
    "type" : "move",
    "startTime" : "20170203T094002-0500",
    "endTime" : "20170203T103022-0500",
    "activities" : [ {
      "activity" : "walking",
      "group" : "walking",
      "manual" : false,
      "startTime" : "20170203T094002-0500",
      "endTime" : "20170203T094453-0500",
      "duration" : 291.0,
      "distance" : 196.0,
      "steps" : 392,
      "trackPoints" : [ {
        "lat" : 40.770581,
        "lon" : -73.917928,
        "time" : "20170203T094002-0500"
      }, {
        "lat" : 40.770517,
        "lon" : -73.917934,
        "time" : "20170203T094020-0500"
      }, {
        "lat" : 40.770475,
        "lon" : -73.91791,
        "time" : "20170203T094044-0500"
      }, {
        "lat" : 40.770441,
        "lon" : -73.917862,
        "time" : "20170203T094107-0500"
      }, {
        "lat" : 40.770417,
        "lon" : -73.917791,
        "time" : "20170203T094130-0500"
      }, {
        "lat" : 40.770369,
        "lon" : -73.917754,
        "time" : "20170203T094153-0500"
      }, {
        "lat" : 40.770435,
        "lon" : -73.917826,
        "time" : "20170203T094216-0500"
      }, {
        "lat" : 40.770432,
        "lon" : -73.917873,
        "time" : "20170203T094239-0500"
      }, {
        "lat" : 40.770323,
        "lon" : -73.917854,
        "time" : "20170203T094302-0500"
      }, {
        "lat" : 40.770207,
        "lon" : -73.917895,
        "time" : "20170203T094319-0500"
      }, {
        "lat" : 40.770372,
        "lon" : -73.917889,
        "time" : "20170203T094343-0500"
      }, {
        "lat" : 40.770455,
        "lon" : -73.917873,
        "time" : "20170203T094408-0500"
      }, {
        "lat" : 40.770522,
        "lon" : -73.917911,
        "time" : "20170203T094431-0500"
      }, {
        "lat" : 40.770463,
        "lon" : -73.918013,
        "time" : "20170203T094453-0500"
      } ]
    }, {
      "activity" : "transport",
      "group" : "transport",
      "manual" : false,
      "startTime" : "20170203T094453-0500",
      "endTime" : "20170203T101916-0500",
      "duration" : 2063.0,
      "distance" : 14264.0,
      "trackPoints" : [ {
        "lat" : 40.770463,
        "lon" : -73.918013,
        "time" : "20170203T094453-0500"
      }, {
        "lat" : 40.769567,
        "lon" : -73.918731,
        "time" : "20170203T094514-0500"
      }, {
        "lat" : 40.766882,
        "lon" : -73.921642,
        "time" : "20170203T094542-0500"
      }, {
        "lat" : 40.766882,
        "lon" : -73.921642,
        "time" : "20170203T094606-0500"
      }, {
        "lat" : 40.766882,
        "lon" : -73.921642,
        "time" : "20170203T094629-0500"
      }, {
        "lat" : 40.766882,
        "lon" : -73.921642,
        "time" : "20170203T094652-0500"
      }, {
        "lat" : 40.766882,
        "lon" : -73.921642,
        "time" : "20170203T094714-0500"
      }, {
        "lat" : 40.766882,
        "lon" : -73.921642,
        "time" : "20170203T094730-0500"
      }, {
        "lat" : 40.763783,
        "lon" : -73.923946,
        "time" : "20170203T094805-0500"
      }, {
        "lat" : 40.762549,
        "lon" : -73.925011,
        "time" : "20170203T094820-0500"
      }, {
        "lat" : 40.762027,
        "lon" : -73.925375,
        "time" : "20170203T094844-0500"
      }, {
        "lat" : 40.761476,
        "lon" : -73.925733,
        "time" : "20170203T094905-0500"
      }, {
        "lat" : 40.759149,
        "lon" : -73.927692,
        "time" : "20170203T094931-0500"
      }, {
        "lat" : 40.75755,
        "lon" : -73.928957,
        "time" : "20170203T094948-0500"
      }, {
        "lat" : 40.756931,
        "lon" : -73.929527,
        "time" : "20170203T095015-0500"
      }, {
        "lat" : 40.754194,
        "lon" : -73.93169,
        "time" : "20170203T095053-0500"
      }, {
        "lat" : 40.753522,
        "lon" : -73.932086,
        "time" : "20170203T095109-0500"
      }, {
        "lat" : 40.752632,
        "lon" : -73.932907,
        "time" : "20170203T095126-0500"
      }, {
        "lat" : 40.75252,
        "lon" : -73.932898,
        "time" : "20170203T095143-0500"
      }, {
        "lat" : 40.751937,
        "lon" : -73.933306,
        "time" : "20170203T095201-0500"
      }, {
        "lat" : 40.751288,
        "lon" : -73.934441,
        "time" : "20170203T095223-0500"
      }, {
        "lat" : 40.750214,
        "lon" : -73.93567,
        "time" : "20170203T095251-0500"
      }, {
        "lat" : 40.749457,
        "lon" : -73.937724,
        "time" : "20170203T095321-0500"
      }, {
        "lat" : 40.749811,
        "lon" : -73.938514,
        "time" : "20170203T095340-0500"
      }, {
        "lat" : 40.750432,
        "lon" : -73.939665,
        "time" : "20170203T095359-0500"
      }, {
        "lat" : 40.750602,
        "lon" : -73.939854,
        "time" : "20170203T095420-0500"
      }, {
        "lat" : 40.750729,
        "lon" : -73.940031,
        "time" : "20170203T095437-0500"
      }, {
        "lat" : 40.75093,
        "lon" : -73.940656,
        "time" : "20170203T095455-0500"
      }, {
        "lat" : 40.751423,
        "lon" : -73.941674,
        "time" : "20170203T095521-0500"
      }, {
        "lat" : 40.752066,
        "lon" : -73.942911,
        "time" : "20170203T095536-0500"
      }, {
        "lat" : 40.752228,
        "lon" : -73.943295,
        "time" : "20170203T095602-0500"
      }, {
        "lat" : 40.752612,
        "lon" : -73.944419,
        "time" : "20170203T095625-0500"
      }, {
        "lat" : 40.761372,
        "lon" : -73.964457,
        "time" : "20170203T095959-0500"
      }, {
        "lat" : 40.761372,
        "lon" : -73.964458,
        "time" : "20170203T100000-0500"
      }, {
        "lat" : 40.762718,
        "lon" : -73.967537,
        "time" : "20170203T100032-0500"
      }, {
        "lat" : 40.762724,
        "lon" : -73.967557,
        "time" : "20170203T100051-0500"
      }, {
        "lat" : 40.764758,
        "lon" : -73.973385,
        "time" : "20170203T100241-0500"
      }, {
        "lat" : 40.764771,
        "lon" : -73.973571,
        "time" : "20170203T100259-0500"
      }, {
        "lat" : 40.764805,
        "lon" : -73.980465,
        "time" : "20170203T100524-0500"
      }, {
        "lat" : 40.76462,
        "lon" : -73.980673,
        "time" : "20170203T100544-0500"
      }, {
        "lat" : 40.764625,
        "lon" : -73.980658,
        "time" : "20170203T100608-0500"
      }, {
        "lat" : 40.7605,
        "lon" : -73.983838,
        "time" : "20170203T100707-0500"
      }, {
        "lat" : 40.760255,
        "lon" : -73.984041,
        "time" : "20170203T100728-0500"
      }, {
        "lat" : 40.760291,
        "lon" : -73.984008,
        "time" : "20170203T100751-0500"
      }, {
        "lat" : 40.75588,
        "lon" : -73.986705,
        "time" : "20170203T100851-0500"
      }, {
        "lat" : 40.754988,
        "lon" : -73.986857,
        "time" : "20170203T100913-0500"
      }, {
        "lat" : 40.754952,
        "lon" : -73.986867,
        "time" : "20170203T100941-0500"
      }, {
        "lat" : 40.754967,
        "lon" : -73.986865,
        "time" : "20170203T101002-0500"
      }, {
        "lat" : 40.749841,
        "lon" : -73.988004,
        "time" : "20170203T101142-0500"
      }, {
        "lat" : 40.749754,
        "lon" : -73.988029,
        "time" : "20170203T101204-0500"
      }, {
        "lat" : 40.749258,
        "lon" : -73.988152,
        "time" : "20170203T101227-0500"
      }, {
        "lat" : 40.74526,
        "lon" : -73.988764,
        "time" : "20170203T101258-0500"
      }, {
        "lat" : 40.741538,
        "lon" : -73.989076,
        "time" : "20170203T101328-0500"
      }, {
        "lat" : 40.736451,
        "lon" : -73.990525,
        "time" : "20170203T101411-0500"
      }, {
        "lat" : 40.736241,
        "lon" : -73.990561,
        "time" : "20170203T101431-0500"
      }, {
        "lat" : 40.736285,
        "lon" : -73.990547,
        "time" : "20170203T101455-0500"
      }, {
        "lat" : 40.730578,
        "lon" : -73.992577,
        "time" : "20170203T101603-0500"
      }, {
        "lat" : 40.724191,
        "lon" : -73.997738,
        "time" : "20170203T101709-0500"
      }, {
        "lat" : 40.719183,
        "lon" : -74.001117,
        "time" : "20170203T101916-0500"
      } ]
    }, {
      "activity" : "walking",
      "group" : "walking",
      "manual" : false,
      "startTime" : "20170203T101916-0500",
      "endTime" : "20170203T103022-0500",
      "duration" : 666.0,
      "distance" : 730.0,
      "steps" : 1198,
      "trackPoints" : [ {
        "lat" : 40.719183,
        "lon" : -74.001117,
        "time" : "20170203T101916-0500"
      }, {
        "lat" : 40.719073,
        "lon" : -74.001191,
        "time" : "20170203T101936-0500"
      }, {
        "lat" : 40.719421,
        "lon" : -74.001682,
        "time" : "20170203T102010-0500"
      }, {
        "lat" : 40.719479,
        "lon" : -74.001799,
        "time" : "20170203T102041-0500"
      }, {
        "lat" : 40.719502,
        "lon" : -74.001814,
        "time" : "20170203T102059-0500"
      }, {
        "lat" : 40.719527,
        "lon" : -74.001816,
        "time" : "20170203T102114-0500"
      }, {
        "lat" : 40.719601,
        "lon" : -74.0018,
        "time" : "20170203T102130-0500"
      }, {
        "lat" : 40.719725,
        "lon" : -74.001755,
        "time" : "20170203T102145-0500"
      }, {
        "lat" : 40.719912,
        "lon" : -74.001751,
        "time" : "20170203T102207-0500"
      }, {
        "lat" : 40.720212,
        "lon" : -74.002023,
        "time" : "20170203T102239-0500"
      }, {
        "lat" : 40.720438,
        "lon" : -74.00202,
        "time" : "20170203T102257-0500"
      }, {
        "lat" : 40.720676,
        "lon" : -74.00191,
        "time" : "20170203T102312-0500"
      }, {
        "lat" : 40.720926,
        "lon" : -74.001772,
        "time" : "20170203T102329-0500"
      }, {
        "lat" : 40.721265,
        "lon" : -74.001682,
        "time" : "20170203T102355-0500"
      }, {
        "lat" : 40.721504,
        "lon" : -74.001918,
        "time" : "20170203T102417-0500"
      }, {
        "lat" : 40.721694,
        "lon" : -74.002093,
        "time" : "20170203T102434-0500"
      }, {
        "lat" : 40.721674,
        "lon" : -74.002439,
        "time" : "20170203T102450-0500"
      }, {
        "lat" : 40.72181,
        "lon" : -74.002659,
        "time" : "20170203T102511-0500"
      }, {
        "lat" : 40.722042,
        "lon" : -74.003135,
        "time" : "20170203T102539-0500"
      }, {
        "lat" : 40.722231,
        "lon" : -74.003275,
        "time" : "20170203T102557-0500"
      }, {
        "lat" : 40.722383,
        "lon" : -74.003545,
        "time" : "20170203T102629-0500"
      }, {
        "lat" : 40.722566,
        "lon" : -74.003626,
        "time" : "20170203T102648-0500"
      }, {
        "lat" : 40.722805,
        "lon" : -74.003471,
        "time" : "20170203T102705-0500"
      }, {
        "lat" : 40.723038,
        "lon" : -74.003348,
        "time" : "20170203T102722-0500"
      }, {
        "lat" : 40.723264,
        "lon" : -74.003211,
        "time" : "20170203T102737-0500"
      }, {
        "lat" : 40.723582,
        "lon" : -74.00283,
        "time" : "20170203T102810-0500"
      }, {
        "lat" : 40.723675,
        "lon" : -74.002693,
        "time" : "20170203T102835-0500"
      }, {
        "lat" : 40.723696,
        "lon" : -74.002618,
        "time" : "20170203T102903-0500"
      }, {
        "lat" : 40.723674,
        "lon" : -74.002557,
        "time" : "20170203T102926-0500"
      }, {
        "lat" : 40.723673,
        "lon" : -74.002565,
        "time" : "20170203T102946-0500"
      }, {
        "lat" : 40.72375,
        "lon" : -74.002635,
        "time" : "20170203T103022-0500"
      } ]
    } ],
    "lastUpdate" : "20170203T161926Z"
  }, {
    "type" : "place",
    "startTime" : "20170203T103022-0500",
    "endTime" : "20170203T160749-0500",
    "place" : {
      "id" : 590639288,
      "type" : "unknown",
      "location" : {
        "lat" : 40.72375,
        "lon" : -74.002635
      }
    },
    "activities" : [ {
      "activity" : "walking",
      "group" : "walking",
      "manual" : false,
      "startTime" : "20170203T103030-0500",
      "endTime" : "20170203T103034-0500",
      "duration" : 4.0,
      "distance" : 3.0,
      "steps" : 7,
      "trackPoints" : [ ]
    }, {
      "activity" : "walking",
      "group" : "walking",
      "manual" : false,
      "startTime" : "20170203T132732-0500",
      "endTime" : "20170203T132755-0500",
      "duration" : 23.0,
      "distance" : 16.0,
      "steps" : 32,
      "trackPoints" : [ ]
    }, {
      "activity" : "walking",
      "group" : "walking",
      "manual" : false,
      "startTime" : "20170203T144845-0500",
      "endTime" : "20170203T144909-0500",
      "duration" : 24.0,
      "distance" : 18.0,
      "steps" : 36,
      "trackPoints" : [ ]
    }, {
      "activity" : "walking",
      "group" : "walking",
      "manual" : false,
      "startTime" : "20170203T160612-0500",
      "endTime" : "20170203T160650-0500",
      "duration" : 38.0,
      "distance" : 27.0,
      "steps" : 55,
      "trackPoints" : [ ]
    } ],
    "lastUpdate" : "20170203T223213Z"
  }, {
    "type" : "move",
    "startTime" : "20170203T160749-0500",
    "endTime" : "20170203T161151-0500",
    "activities" : [ {
      "activity" : "walking",
      "group" : "walking",
      "manual" : false,
      "startTime" : "20170203T160749-0500",
      "endTime" : "20170203T161150-0500",
      "duration" : 241.0,
      "distance" : 289.0,
      "steps" : 442,
      "trackPoints" : [ {
        "lat" : 40.72375,
        "lon" : -74.002635,
        "time" : "20170203T160749-0500"
      }, {
        "lat" : 40.723652,
        "lon" : -74.002726,
        "time" : "20170203T160810-0500"
      }, {
        "lat" : 40.72354,
        "lon" : -74.002815,
        "time" : "20170203T160827-0500"
      }, {
        "lat" : 40.723249,
        "lon" : -74.002945,
        "time" : "20170203T160853-0500"
      }, {
        "lat" : 40.723031,
        "lon" : -74.002534,
        "time" : "20170203T160923-0500"
      }, {
        "lat" : 40.722974,
        "lon" : -74.002191,
        "time" : "20170203T160939-0500"
      }, {
        "lat" : 40.722825,
        "lon" : -74.002338,
        "time" : "20170203T161003-0500"
      }, {
        "lat" : 40.722565,
        "lon" : -74.002517,
        "time" : "20170203T161020-0500"
      }, {
        "lat" : 40.722299,
        "lon" : -74.002716,
        "time" : "20170203T161040-0500"
      }, {
        "lat" : 40.722077,
        "lon" : -74.002824,
        "time" : "20170203T161105-0500"
      }, {
        "lat" : 40.72193,
        "lon" : -74.002726,
        "time" : "20170203T161128-0500"
      }, {
        "lat" : 40.721737,
        "lon" : -74.00261,
        "time" : "20170203T161151-0500"
      } ]
    } ],
    "lastUpdate" : "20170203T223213Z"
  }, {
    "type" : "place",
    "startTime" : "20170203T161151-0500",
    "endTime" : "20170203T161519-0500",
    "place" : {
      "id" : 590789598,
      "type" : "unknown",
      "location" : {
        "lat" : 40.721737,
        "lon" : -74.00261
      }
    },
    "activities" : [ {
      "activity" : "walking",
      "group" : "walking",
      "manual" : false,
      "startTime" : "20170203T161151-0500",
      "endTime" : "20170203T161217-0500",
      "duration" : 26.0,
      "distance" : 19.0,
      "steps" : 39,
      "trackPoints" : [ ]
    } ],
    "lastUpdate" : "20170203T223213Z"
  }, {
    "type" : "move",
    "startTime" : "20170203T161519-0500",
    "endTime" : "20170203T161852-0500",
    "activities" : [ {
      "activity" : "walking",
      "group" : "walking",
      "manual" : false,
      "startTime" : "20170203T161519-0500",
      "endTime" : "20170203T161851-0500",
      "duration" : 212.0,
      "distance" : 264.0,
      "steps" : 414,
      "trackPoints" : [ {
        "lat" : 40.721737,
        "lon" : -74.00261,
        "time" : "20170203T161519-0500"
      }, {
        "lat" : 40.721536,
        "lon" : -74.002474,
        "time" : "20170203T161545-0500"
      }, {
        "lat" : 40.721354,
        "lon" : -74.001914,
        "time" : "20170203T161616-0500"
      }, {
        "lat" : 40.72126,
        "lon" : -74.001494,
        "time" : "20170203T161636-0500"
      }, {
        "lat" : 40.721145,
        "lon" : -74.001057,
        "time" : "20170203T161658-0500"
      }, {
        "lat" : 40.721083,
        "lon" : -74.000754,
        "time" : "20170203T161717-0500"
      }, {
        "lat" : 40.721215,
        "lon" : -74.000458,
        "time" : "20170203T161742-0500"
      }, {
        "lat" : 40.721396,
        "lon" : -74.000253,
        "time" : "20170203T161805-0500"
      }, {
        "lat" : 40.721471,
        "lon" : -74.000172,
        "time" : "20170203T161828-0500"
      }, {
        "lat" : 40.721402,
        "lon" : -74.000277,
        "time" : "20170203T161852-0500"
      } ]
    } ],
    "lastUpdate" : "20170203T223213Z"
  }, {
    "type" : "place",
    "startTime" : "20170203T161852-0500",
    "endTime" : "20170203T163208-0500",
    "place" : {
      "id" : 590789599,
      "type" : "unknown",
      "location" : {
        "lat" : 40.721402,
        "lon" : -74.000277
      }
    },
    "activities" : [ {
      "activity" : "walking",
      "group" : "walking",
      "manual" : false,
      "startTime" : "20170203T161852-0500",
      "endTime" : "20170203T162154-0500",
      "duration" : 182.0,
      "distance" : 205.0,
      "steps" : 274,
      "trackPoints" : [ ]
    } ],
    "lastUpdate" : "20170203T223213Z"
  }, {
    "type" : "move",
    "startTime" : "20170203T163208-0500",
    "endTime" : "20170203T164404-0500",
    "activities" : [ {
      "activity" : "walking",
      "group" : "walking",
      "manual" : false,
      "startTime" : "20170203T163208-0500",
      "endTime" : "20170203T164403-0500",
      "duration" : 715.0,
      "distance" : 784.0,
      "steps" : 1135,
      "trackPoints" : [ {
        "lat" : 40.721402,
        "lon" : -74.000277,
        "time" : "20170203T163208-0500"
      }, {
        "lat" : 40.721124,
        "lon" : -74.000489,
        "time" : "20170203T163233-0500"
      }, {
        "lat" : 40.720949,
        "lon" : -74.000663,
        "time" : "20170203T163257-0500"
      }, {
        "lat" : 40.720875,
        "lon" : -74.000769,
        "time" : "20170203T163315-0500"
      }, {
        "lat" : 40.720929,
        "lon" : -74.000724,
        "time" : "20170203T163336-0500"
      }, {
        "lat" : 40.720976,
        "lon" : -74.000808,
        "time" : "20170203T163357-0500"
      }, {
        "lat" : 40.721023,
        "lon" : -74.000929,
        "time" : "20170203T163420-0500"
      }, {
        "lat" : 40.721236,
        "lon" : -74.001424,
        "time" : "20170203T163455-0500"
      }, {
        "lat" : 40.721493,
        "lon" : -74.002029,
        "time" : "20170203T163531-0500"
      }, {
        "lat" : 40.721578,
        "lon" : -74.002279,
        "time" : "20170203T163555-0500"
      }, {
        "lat" : 40.721683,
        "lon" : -74.002443,
        "time" : "20170203T163618-0500"
      }, {
        "lat" : 40.721878,
        "lon" : -74.002681,
        "time" : "20170203T163641-0500"
      }, {
        "lat" : 40.72206,
        "lon" : -74.00293,
        "time" : "20170203T163704-0500"
      }, {
        "lat" : 40.722044,
        "lon" : -74.002946,
        "time" : "20170203T163721-0500"
      }, {
        "lat" : 40.721933,
        "lon" : -74.004071,
        "time" : "20170203T163836-0500"
      }, {
        "lat" : 40.721736,
        "lon" : -74.004369,
        "time" : "20170203T163909-0500"
      }, {
        "lat" : 40.721541,
        "lon" : -74.004552,
        "time" : "20170203T163933-0500"
      }, {
        "lat" : 40.721436,
        "lon" : -74.004614,
        "time" : "20170203T163956-0500"
      }, {
        "lat" : 40.721397,
        "lon" : -74.004619,
        "time" : "20170203T164019-0500"
      }, {
        "lat" : 40.721373,
        "lon" : -74.004597,
        "time" : "20170203T164035-0500"
      }, {
        "lat" : 40.721357,
        "lon" : -74.004558,
        "time" : "20170203T164053-0500"
      }, {
        "lat" : 40.721551,
        "lon" : -74.004556,
        "time" : "20170203T164110-0500"
      }, {
        "lat" : 40.721718,
        "lon" : -74.004354,
        "time" : "20170203T164129-0500"
      }, {
        "lat" : 40.7221,
        "lon" : -74.004062,
        "time" : "20170203T164205-0500"
      }, {
        "lat" : 40.722291,
        "lon" : -74.003797,
        "time" : "20170203T164223-0500"
      }, {
        "lat" : 40.722229,
        "lon" : -74.003492,
        "time" : "20170203T164243-0500"
      }, {
        "lat" : 40.722035,
        "lon" : -74.002999,
        "time" : "20170203T164317-0500"
      }, {
        "lat" : 40.72192,
        "lon" : -74.002782,
        "time" : "20170203T164340-0500"
      }, {
        "lat" : 40.721737,
        "lon" : -74.00261,
        "time" : "20170203T164404-0500"
      } ]
    } ],
    "lastUpdate" : "20170203T223213Z"
  }, {
    "type" : "place",
    "startTime" : "20170203T164404-0500",
    "endTime" : "20170203T190607-0500",
    "place" : {
      "id" : 590789598,
      "type" : "unknown",
      "location" : {
        "lat" : 40.721737,
        "lon" : -74.00261
      }
    },
    "activities" : [ {
      "activity" : "walking",
      "group" : "walking",
      "manual" : false,
      "startTime" : "20170203T164407-0500",
      "endTime" : "20170203T164442-0500",
      "duration" : 35.0,
      "distance" : 26.0,
      "steps" : 53,
      "trackPoints" : [ ]
    }, {
      "activity" : "walking",
      "group" : "walking",
      "manual" : false,
      "startTime" : "20170203T190202-0500",
      "endTime" : "20170203T190359-0500",
      "duration" : 117.0,
      "distance" : 87.0,
      "steps" : 174,
      "trackPoints" : [ ]
    } ],
    "lastUpdate" : "20170204T013443Z"
  }, {
    "type" : "place",
    "startTime" : "20170203T190607-0500",
    "endTime" : "20170203T201128-0500",
    "place" : {
      "id" : 590842388,
      "type" : "unknown",
      "location" : {
        "lat" : 40.722464,
        "lon" : -74.003627
      }
    },
    "activities" : [ {
      "activity" : "walking",
      "group" : "walking",
      "manual" : false,
      "startTime" : "20170203T190607-0500",
      "endTime" : "20170203T190652-0500",
      "duration" : 45.0,
      "distance" : 33.0,
      "steps" : 67,
      "trackPoints" : [ ]
    }, {
      "activity" : "walking",
      "group" : "walking",
      "manual" : false,
      "startTime" : "20170203T201048-0500",
      "endTime" : "20170203T201109-0500",
      "duration" : 21.0,
      "distance" : 14.0,
      "steps" : 29,
      "trackPoints" : [ ]
    } ],
    "lastUpdate" : "20170204T030908Z"
  }, {
    "type" : "move",
    "startTime" : "20170203T201128-0500",
    "endTime" : "20170203T205301-0500",
    "activities" : [ {
      "activity" : "walking",
      "group" : "walking",
      "manual" : false,
      "startTime" : "20170203T201128-0500",
      "endTime" : "20170203T202129-0500",
      "duration" : 601.0,
      "distance" : 724.0,
      "steps" : 1078,
      "trackPoints" : [ {
        "lat" : 40.722464,
        "lon" : -74.003627,
        "time" : "20170203T201128-0500"
      }, {
        "lat" : 40.722412,
        "lon" : -74.003512,
        "time" : "20170203T201146-0500"
      }, {
        "lat" : 40.722164,
        "lon" : -74.003278,
        "time" : "20170203T201209-0500"
      }, {
        "lat" : 40.722046,
        "lon" : -74.003055,
        "time" : "20170203T201226-0500"
      }, {
        "lat" : 40.72176,
        "lon" : -74.002625,
        "time" : "20170203T201304-0500"
      }, {
        "lat" : 40.721635,
        "lon" : -74.002552,
        "time" : "20170203T201320-0500"
      }, {
        "lat" : 40.720992,
        "lon" : -74.003112,
        "time" : "20170203T201426-0500"
      }, {
        "lat" : 40.720819,
        "lon" : -74.003306,
        "time" : "20170203T201449-0500"
      }, {
        "lat" : 40.720493,
        "lon" : -74.00324,
        "time" : "20170203T201512-0500"
      }, {
        "lat" : 40.720213,
        "lon" : -74.003014,
        "time" : "20170203T201539-0500"
      }, {
        "lat" : 40.72006,
        "lon" : -74.002815,
        "time" : "20170203T201555-0500"
      }, {
        "lat" : 40.71995,
        "lon" : -74.002662,
        "time" : "20170203T201612-0500"
      }, {
        "lat" : 40.719729,
        "lon" : -74.002361,
        "time" : "20170203T201636-0500"
      }, {
        "lat" : 40.719516,
        "lon" : -74.002047,
        "time" : "20170203T201659-0500"
      }, {
        "lat" : 40.719527,
        "lon" : -74.002001,
        "time" : "20170203T201721-0500"
      }, {
        "lat" : 40.719532,
        "lon" : -74.001976,
        "time" : "20170203T201744-0500"
      }, {
        "lat" : 40.719536,
        "lon" : -74.00198,
        "time" : "20170203T201806-0500"
      }, {
        "lat" : 40.719514,
        "lon" : -74.001948,
        "time" : "20170203T201825-0500"
      }, {
        "lat" : 40.719382,
        "lon" : -74.001743,
        "time" : "20170203T201910-0500"
      }, {
        "lat" : 40.719178,
        "lon" : -74.001508,
        "time" : "20170203T201932-0500"
      }, {
        "lat" : 40.718816,
        "lon" : -74.001109,
        "time" : "20170203T202000-0500"
      }, {
        "lat" : 40.718459,
        "lon" : -74.000719,
        "time" : "20170203T202026-0500"
      }, {
        "lat" : 40.718063,
        "lon" : -74.000286,
        "time" : "20170203T202056-0500"
      }, {
        "lat" : 40.717961,
        "lon" : -74.00017,
        "time" : "20170203T202113-0500"
      }, {
        "lat" : 40.71793,
        "lon" : -74.000133,
        "time" : "20170203T202129-0500"
      } ]
    }, {
      "activity" : "transport",
      "group" : "transport",
      "manual" : false,
      "startTime" : "20170203T202129-0500",
      "endTime" : "20170203T204628-0500",
      "duration" : 1499.0,
      "distance" : 7089.0,
      "trackPoints" : [ {
        "lat" : 40.71793,
        "lon" : -74.000133,
        "time" : "20170203T202129-0500"
      }, {
        "lat" : 40.717918,
        "lon" : -74.000091,
        "time" : "20170203T202153-0500"
      }, {
        "lat" : 40.717919,
        "lon" : -74.000089,
        "time" : "20170203T202211-0500"
      }, {
        "lat" : 40.717918,
        "lon" : -74.000088,
        "time" : "20170203T202232-0500"
      }, {
        "lat" : 40.717918,
        "lon" : -74.000086,
        "time" : "20170203T202253-0500"
      }, {
        "lat" : 40.717918,
        "lon" : -74.000083,
        "time" : "20170203T202316-0500"
      }, {
        "lat" : 40.717919,
        "lon" : -74.000079,
        "time" : "20170203T202339-0500"
      }, {
        "lat" : 40.717921,
        "lon" : -74.000075,
        "time" : "20170203T202404-0500"
      }, {
        "lat" : 40.717923,
        "lon" : -74.00007,
        "time" : "20170203T202427-0500"
      }, {
        "lat" : 40.717926,
        "lon" : -74.000065,
        "time" : "20170203T202449-0500"
      }, {
        "lat" : 40.717929,
        "lon" : -74.000059,
        "time" : "20170203T202509-0500"
      }, {
        "lat" : 40.717933,
        "lon" : -74.000053,
        "time" : "20170203T202529-0500"
      }, {
        "lat" : 40.717938,
        "lon" : -74.000045,
        "time" : "20170203T202551-0500"
      }, {
        "lat" : 40.717943,
        "lon" : -74.000034,
        "time" : "20170203T202612-0500"
      }, {
        "lat" : 40.720312,
        "lon" : -73.993431,
        "time" : "20170203T202752-0500"
      }, {
        "lat" : 40.720218,
        "lon" : -73.993031,
        "time" : "20170203T202819-0500"
      }, {
        "lat" : 40.720235,
        "lon" : -73.993087,
        "time" : "20170203T202839-0500"
      }, {
        "lat" : 40.718522,
        "lon" : -73.987546,
        "time" : "20170203T202943-0500"
      }, {
        "lat" : 40.718422,
        "lon" : -73.987222,
        "time" : "20170203T203002-0500"
      }, {
        "lat" : 40.718414,
        "lon" : -73.9872,
        "time" : "20170203T203022-0500"
      }, {
        "lat" : 40.718407,
        "lon" : -73.98718,
        "time" : "20170203T203045-0500"
      }, {
        "lat" : 40.718398,
        "lon" : -73.987153,
        "time" : "20170203T203109-0500"
      }, {
        "lat" : 40.718387,
        "lon" : -73.987122,
        "time" : "20170203T203134-0500"
      }, {
        "lat" : 40.718375,
        "lon" : -73.987087,
        "time" : "20170203T203154-0500"
      }, {
        "lat" : 40.718362,
        "lon" : -73.987053,
        "time" : "20170203T203216-0500"
      }, {
        "lat" : 40.718346,
        "lon" : -73.987009,
        "time" : "20170203T203235-0500"
      }, {
        "lat" : 40.718317,
        "lon" : -73.986926,
        "time" : "20170203T203326-0500"
      }, {
        "lat" : 40.717083,
        "lon" : -73.983187,
        "time" : "20170203T203418-0500"
      }, {
        "lat" : 40.71657,
        "lon" : -73.981572,
        "time" : "20170203T203447-0500"
      }, {
        "lat" : 40.71557,
        "lon" : -73.97844,
        "time" : "20170203T203521-0500"
      }, {
        "lat" : 40.714809,
        "lon" : -73.976783,
        "time" : "20170203T203538-0500"
      }, {
        "lat" : 40.714534,
        "lon" : -73.976151,
        "time" : "20170203T203608-0500"
      }, {
        "lat" : 40.713593,
        "lon" : -73.97246,
        "time" : "20170203T203627-0500"
      }, {
        "lat" : 40.713278,
        "lon" : -73.971009,
        "time" : "20170203T203643-0500"
      }, {
        "lat" : 40.712659,
        "lon" : -73.969176,
        "time" : "20170203T203701-0500"
      }, {
        "lat" : 40.712107,
        "lon" : -73.967196,
        "time" : "20170203T203724-0500"
      }, {
        "lat" : 40.711053,
        "lon" : -73.965553,
        "time" : "20170203T203742-0500"
      }, {
        "lat" : 40.711025,
        "lon" : -73.963406,
        "time" : "20170203T203759-0500"
      }, {
        "lat" : 40.710556,
        "lon" : -73.962148,
        "time" : "20170203T203819-0500"
      }, {
        "lat" : 40.709228,
        "lon" : -73.959611,
        "time" : "20170203T203904-0500"
      }, {
        "lat" : 40.708542,
        "lon" : -73.957711,
        "time" : "20170203T203951-0500"
      }, {
        "lat" : 40.708358,
        "lon" : -73.957444,
        "time" : "20170203T204009-0500"
      }, {
        "lat" : 40.708327,
        "lon" : -73.957422,
        "time" : "20170203T204026-0500"
      }, {
        "lat" : 40.70825,
        "lon" : -73.957165,
        "time" : "20170203T204043-0500"
      }, {
        "lat" : 40.707722,
        "lon" : -73.955604,
        "time" : "20170203T204101-0500"
      }, {
        "lat" : 40.707077,
        "lon" : -73.953799,
        "time" : "20170203T204120-0500"
      }, {
        "lat" : 40.706848,
        "lon" : -73.953221,
        "time" : "20170203T204137-0500"
      }, {
        "lat" : 40.706194,
        "lon" : -73.951478,
        "time" : "20170203T204202-0500"
      }, {
        "lat" : 40.704748,
        "lon" : -73.948791,
        "time" : "20170203T204222-0500"
      }, {
        "lat" : 40.704077,
        "lon" : -73.947693,
        "time" : "20170203T204241-0500"
      }, {
        "lat" : 40.703833,
        "lon" : -73.947296,
        "time" : "20170203T204300-0500"
      }, {
        "lat" : 40.703321,
        "lon" : -73.946095,
        "time" : "20170203T204317-0500"
      }, {
        "lat" : 40.700865,
        "lon" : -73.942072,
        "time" : "20170203T204352-0500"
      }, {
        "lat" : 40.700179,
        "lon" : -73.940926,
        "time" : "20170203T204408-0500"
      }, {
        "lat" : 40.699802,
        "lon" : -73.940622,
        "time" : "20170203T204435-0500"
      }, {
        "lat" : 40.699316,
        "lon" : -73.939224,
        "time" : "20170203T204458-0500"
      }, {
        "lat" : 40.698629,
        "lon" : -73.938153,
        "time" : "20170203T204517-0500"
      }, {
        "lat" : 40.697569,
        "lon" : -73.936293,
        "time" : "20170203T204546-0500"
      }, {
        "lat" : 40.69719,
        "lon" : -73.935622,
        "time" : "20170203T204605-0500"
      }, {
        "lat" : 40.697059,
        "lon" : -73.935311,
        "time" : "20170203T204629-0500"
      } ]
    }, {
      "activity" : "walking",
      "group" : "walking",
      "manual" : false,
      "startTime" : "20170203T204629-0500",
      "endTime" : "20170203T205301-0500",
      "duration" : 392.0,
      "distance" : 474.0,
      "steps" : 669,
      "trackPoints" : [ {
        "lat" : 40.697059,
        "lon" : -73.935311,
        "time" : "20170203T204629-0500"
      }, {
        "lat" : 40.697035,
        "lon" : -73.935265,
        "time" : "20170203T204700-0500"
      }, {
        "lat" : 40.696973,
        "lon" : -73.935078,
        "time" : "20170203T204725-0500"
      }, {
        "lat" : 40.696642,
        "lon" : -73.934806,
        "time" : "20170203T204748-0500"
      }, {
        "lat" : 40.696529,
        "lon" : -73.93454,
        "time" : "20170203T204809-0500"
      }, {
        "lat" : 40.696277,
        "lon" : -73.933943,
        "time" : "20170203T204844-0500"
      }, {
        "lat" : 40.696154,
        "lon" : -73.93372,
        "time" : "20170203T204859-0500"
      }, {
        "lat" : 40.695922,
        "lon" : -73.933359,
        "time" : "20170203T204921-0500"
      }, {
        "lat" : 40.695764,
        "lon" : -73.93298,
        "time" : "20170203T204952-0500"
      }, {
        "lat" : 40.695674,
        "lon" : -73.93248,
        "time" : "20170203T205024-0500"
      }, {
        "lat" : 40.695738,
        "lon" : -73.932146,
        "time" : "20170203T205040-0500"
      }, {
        "lat" : 40.695928,
        "lon" : -73.931887,
        "time" : "20170203T205102-0500"
      }, {
        "lat" : 40.696184,
        "lon" : -73.931674,
        "time" : "20170203T205123-0500"
      }, {
        "lat" : 40.696489,
        "lon" : -73.931491,
        "time" : "20170203T205147-0500"
      }, {
        "lat" : 40.696611,
        "lon" : -73.931495,
        "time" : "20170203T205220-0500"
      }, {
        "lat" : 40.696655,
        "lon" : -73.931472,
        "time" : "20170203T205238-0500"
      }, {
        "lat" : 40.69673,
        "lon" : -73.931402,
        "time" : "20170203T205301-0500"
      } ]
    } ],
    "lastUpdate" : "20170204T030908Z"
  }, {
    "type" : "place",
    "startTime" : "20170203T205301-0500",
    "endTime" : "20170204T095754-0500",
    "place" : {
      "id" : 588636068,
      "type" : "unknown",
      "location" : {
        "lat" : 40.69673,
        "lon" : -73.931402
      }
    },
    "activities" : [ {
      "activity" : "walking",
      "group" : "walking",
      "manual" : false,
      "startTime" : "20170203T205301-0500",
      "endTime" : "20170203T205322-0500",
      "duration" : 21.0,
      "distance" : 16.0,
      "steps" : 32,
      "trackPoints" : [ ]
    }, {
      "activity" : "walking",
      "group" : "walking",
      "manual" : false,
      "startTime" : "20170203T212406-0500",
      "endTime" : "20170203T212441-0500",
      "duration" : 35.0,
      "distance" : 17.0,
      "steps" : 8,
      "trackPoints" : [ ]
    } ],
    "lastUpdate" : "20170204T161258Z"
  } ],
  "lastUpdate" : "20170204T161258Z"
} ]