[ {
  "date" : "20170208",
  "summary" : [ {
    "activity" : "walking",
    "group" : "walking",
    "duration" : 5694.0,
    "distance" : 5907.0,
    "steps" : 8933
  }, {
    "activity" : "transport",
    "group" : "transport",
    "duration" : 4058.0,
    "distance" : 22940.0
  } ],
  "segments" : [ {
    "type" : "place",
    "startTime" : "20170207T195250-0500",
    "endTime" : "20170208T010557-0500",
    "place" : {
      "id" : 591371837,
      "type" : "unknown",
      "location" : {
        "lat" : 40.729593,
        "lon" : -73.997237
      }
    },
    "activities" : [ {
      "activity" : "walking",
      "group" : "walking",
      "manual" : false,
      "startTime" : "20170208T005935-0500",
      "endTime" : "20170208T005937-0500",
      "duration" : 2.0,
      "distance" : 2.0,
      "steps" : 4,
      "trackPoints" : [ ]
    }, {
      "activity" : "walking",
      "group" : "walking",
      "manual" : false,
      "startTime" : "20170208T010031-0500",
      "endTime" : "20170208T010208-0500",
      "duration" : 97.0,
      "distance" : 72.0,
      "steps" : 144,
      "trackPoints" : [ ]
    } ],
    "lastUpdate" : "20170208T080605Z"
  }, {
    "type" : "move",
    "startTime" : "20170208T010557-0500",
    "endTime" : "20170208T014410-0500",
    "activities" : [ {
      "activity" : "walking",
      "group" : "walking",
      "manual" : false,
      "startTime" : "20170208T010557-0500",
      "endTime" : "20170208T011910-0500",
      "duration" : 793.0,
      "distance" : 871.0,
      "steps" : 1408,
      "trackPoints" : [ {
        "lat" : 40.729593,
        "lon" : -73.997237,
        "time" : "20170208T010557-0500"
      }, {
        "lat" : 40.72968,
        "lon" : -73.997155,
        "time" : "20170208T010612-0500"
      }, {
        "lat" : 40.729736,
        "lon" : -73.997065,
        "time" : "20170208T010633-0500"
      }, {
        "lat" : 40.729794,
        "lon" : -73.996973,
        "time" : "20170208T010650-0500"
      }, {
        "lat" : 40.729826,
        "lon" : -73.996913,
        "time" : "20170208T010712-0500"
      }, {
        "lat" : 40.72983,
        "lon" : -73.996886,
        "time" : "20170208T010736-0500"
      }, {
        "lat" : 40.729847,
        "lon" : -73.996713,
        "time" : "20170208T010845-0500"
      }, {
        "lat" : 40.729845,
        "lon" : -73.996335,
        "time" : "20170208T010933-0500"
      }, {
        "lat" : 40.729502,
        "lon" : -73.996286,
        "time" : "20170208T011016-0500"
      }, {
        "lat" : 40.729142,
        "lon" : -73.995739,
        "time" : "20170208T011101-0500"
      }, {
        "lat" : 40.728963,
        "lon" : -73.995491,
        "time" : "20170208T011125-0500"
      }, {
        "lat" : 40.728849,
        "lon" : -73.995235,
        "time" : "20170208T011150-0500"
      }, {
        "lat" : 40.728701,
        "lon" : -73.994706,
        "time" : "20170208T011228-0500"
      }, {
        "lat" : 40.728583,
        "lon" : -73.99423,
        "time" : "20170208T011300-0500"
      }, {
        "lat" : 40.728406,
        "lon" : -73.994354,
        "time" : "20170208T011321-0500"
      }, {
        "lat" : 40.728038,
        "lon" : -73.994591,
        "time" : "20170208T011340-0500"
      }, {
        "lat" : 40.727333,
        "lon" : -73.995171,
        "time" : "20170208T011420-0500"
      }, {
        "lat" : 40.72714,
        "lon" : -73.99532,
        "time" : "20170208T011437-0500"
      }, {
        "lat" : 40.726869,
        "lon" : -73.995537,
        "time" : "20170208T011505-0500"
      }, {
        "lat" : 40.726704,
        "lon" : -73.99567,
        "time" : "20170208T011526-0500"
      }, {
        "lat" : 40.726563,
        "lon" : -73.995797,
        "time" : "20170208T011544-0500"
      }, {
        "lat" : 40.726322,
        "lon" : -73.996072,
        "time" : "20170208T011611-0500"
      }, {
        "lat" : 40.725891,
        "lon" : -73.996412,
        "time" : "20170208T011638-0500"
      }, {
        "lat" : 40.725663,
        "lon" : -73.996715,
        "time" : "20170208T011657-0500"
      }, {
        "lat" : 40.725493,
        "lon" : -73.996654,
        "time" : "20170208T011717-0500"
      }, {
        "lat" : 40.725278,
        "lon" : -73.996016,
        "time" : "20170208T011823-0500"
      }, {
        "lat" : 40.725257,
        "lon" : -73.995898,
        "time" : "20170208T011847-0500"
      }, {
        "lat" : 40.72524,
        "lon" : -73.995818,
        "time" : "20170208T011911-0500"
      } ]
    }, {
      "activity" : "transport",
      "group" : "transport",
      "manual" : false,
      "startTime" : "20170208T011911-0500",
      "endTime" : "20170208T013708-0500",
      "duration" : 1077.0,
      "distance" : 7225.0,
      "trackPoints" : [ {
        "lat" : 40.72524,
        "lon" : -73.995818,
        "time" : "20170208T011911-0500"
      }, {
        "lat" : 40.7252,
        "lon" : -73.995648,
        "time" : "20170208T011933-0500"
      }, {
        "lat" : 40.725133,
        "lon" : -73.995415,
        "time" : "20170208T011952-0500"
      }, {
        "lat" : 40.72369,
        "lon" : -73.99096,
        "time" : "20170208T012120-0500"
      }, {
        "lat" : 40.718372,
        "lon" : -73.987088,
        "time" : "20170208T012259-0500"
      }, {
        "lat" : 40.718369,
        "lon" : -73.98708,
        "time" : "20170208T012321-0500"
      }, {
        "lat" : 40.718365,
        "lon" : -73.987072,
        "time" : "20170208T012344-0500"
      }, {
        "lat" : 40.718364,
        "lon" : -73.98707,
        "time" : "20170208T012401-0500"
      }, {
        "lat" : 40.718363,
        "lon" : -73.987066,
        "time" : "20170208T012421-0500"
      }, {
        "lat" : 40.718351,
        "lon" : -73.987035,
        "time" : "20170208T012443-0500"
      }, {
        "lat" : 40.718333,
        "lon" : -73.98699,
        "time" : "20170208T012504-0500"
      }, {
        "lat" : 40.717605,
        "lon" : -73.984977,
        "time" : "20170208T012526-0500"
      }, {
        "lat" : 40.716457,
        "lon" : -73.981494,
        "time" : "20170208T012558-0500"
      }, {
        "lat" : 40.715418,
        "lon" : -73.977762,
        "time" : "20170208T012627-0500"
      }, {
        "lat" : 40.714416,
        "lon" : -73.97634,
        "time" : "20170208T012649-0500"
      }, {
        "lat" : 40.716198,
        "lon" : -73.975594,
        "time" : "20170208T012707-0500"
      }, {
        "lat" : 40.713522,
        "lon" : -73.972113,
        "time" : "20170208T012732-0500"
      }, {
        "lat" : 40.71296,
        "lon" : -73.970251,
        "time" : "20170208T012757-0500"
      }, {
        "lat" : 40.712446,
        "lon" : -73.968223,
        "time" : "20170208T012815-0500"
      }, {
        "lat" : 40.711749,
        "lon" : -73.966577,
        "time" : "20170208T012838-0500"
      }, {
        "lat" : 40.711248,
        "lon" : -73.964998,
        "time" : "20170208T012858-0500"
      }, {
        "lat" : 40.710703,
        "lon" : -73.962759,
        "time" : "20170208T012927-0500"
      }, {
        "lat" : 40.710234,
        "lon" : -73.961407,
        "time" : "20170208T012946-0500"
      }, {
        "lat" : 40.709487,
        "lon" : -73.960353,
        "time" : "20170208T013009-0500"
      }, {
        "lat" : 40.709322,
        "lon" : -73.959826,
        "time" : "20170208T013024-0500"
      }, {
        "lat" : 40.708841,
        "lon" : -73.958901,
        "time" : "20170208T013040-0500"
      }, {
        "lat" : 40.708439,
        "lon" : -73.958002,
        "time" : "20170208T013106-0500"
      }, {
        "lat" : 40.708268,
        "lon" : -73.957544,
        "time" : "20170208T013128-0500"
      }, {
        "lat" : 40.707655,
        "lon" : -73.955585,
        "time" : "20170208T013144-0500"
      }, {
        "lat" : 40.707193,
        "lon" : -73.954259,
        "time" : "20170208T013159-0500"
      }, {
        "lat" : 40.706987,
        "lon" : -73.953723,
        "time" : "20170208T013217-0500"
      }, {
        "lat" : 40.706139,
        "lon" : -73.951175,
        "time" : "20170208T013254-0500"
      }, {
        "lat" : 40.70427,
        "lon" : -73.948009,
        "time" : "20170208T013329-0500"
      }, {
        "lat" : 40.703976,
        "lon" : -73.947608,
        "time" : "20170208T013403-0500"
      }, {
        "lat" : 40.703626,
        "lon" : -73.946934,
        "time" : "20170208T013421-0500"
      }, {
        "lat" : 40.700711,
        "lon" : -73.941945,
        "time" : "20170208T013502-0500"
      }, {
        "lat" : 40.70031,
        "lon" : -73.941141,
        "time" : "20170208T013533-0500"
      }, {
        "lat" : 40.69971,
        "lon" : -73.939962,
        "time" : "20170208T013558-0500"
      }, {
        "lat" : 40.698644,
        "lon" : -73.938205,
        "time" : "20170208T013616-0500"
      }, {
        "lat" : 40.697958,
        "lon" : -73.936941,
        "time" : "20170208T013634-0500"
      }, {
        "lat" : 40.69742,
        "lon" : -73.936038,
        "time" : "20170208T013652-0500"
      }, {
        "lat" : 40.69723,
        "lon" : -73.935657,
        "time" : "20170208T013708-0500"
      } ]
    }, {
      "activity" : "walking",
      "group" : "walking",
      "manual" : false,
      "startTime" : "20170208T013708-0500",
      "endTime" : "20170208T014409-0500",
      "duration" : 421.0,
      "distance" : 487.0,
      "steps" : 709,
      "trackPoints" : [ {
        "lat" : 40.69723,
        "lon" : -73.935657,
        "time" : "20170208T013708-0500"
      }, {
        "lat" : 40.697133,
        "lon" : -73.935527,
        "time" : "20170208T013735-0500"
      }, {
        "lat" : 40.697122,
        "lon" : -73.935311,
        "time" : "20170208T013802-0500"
      }, {
        "lat" : 40.697107,
        "lon" : -73.934771,
        "time" : "20170208T013831-0500"
      }, {
        "lat" : 40.697105,
        "lon" : -73.934818,
        "time" : "20170208T013848-0500"
      }, {
        "lat" : 40.697155,
        "lon" : -73.934189,
        "time" : "20170208T013913-0500"
      }, {
        "lat" : 40.697234,
        "lon" : -73.933511,
        "time" : "20170208T013941-0500"
      }, {
        "lat" : 40.697275,
        "lon" : -73.933102,
        "time" : "20170208T014001-0500"
      }, {
        "lat" : 40.697324,
        "lon" : -73.932607,
        "time" : "20170208T014028-0500"
      }, {
        "lat" : 40.697236,
        "lon" : -73.932206,
        "time" : "20170208T014051-0500"
      }, {
        "lat" : 40.697056,
        "lon" : -73.931819,
        "time" : "20170208T014114-0500"
      }, {
        "lat" : 40.696778,
        "lon" : -73.931413,
        "time" : "20170208T014147-0500"
      }, {
        "lat" : 40.696536,
        "lon" : -73.93135,
        "time" : "20170208T014202-0500"
      }, {
        "lat" : 40.696462,
        "lon" : -73.93158,
        "time" : "20170208T014223-0500"
      }, {
        "lat" : 40.696528,
        "lon" : -73.931573,
        "time" : "20170208T014241-0500"
      }, {
        "lat" : 40.696628,
        "lon" : -73.931519,
        "time" : "20170208T014314-0500"
      }, {
        "lat" : 40.696655,
        "lon" : -73.931522,
        "time" : "20170208T014335-0500"
      }, {
        "lat" : 40.69673,
        "lon" : -73.931402,
        "time" : "20170208T014410-0500"
      } ]
    } ],
    "lastUpdate" : "20170208T080605Z"
  }, {
    "type" : "place",
    "startTime" : "20170208T014410-0500",
    "endTime" : "20170208T111354-0500",
    "place" : {
      "id" : 588636068,
      "type" : "unknown",
      "location" : {
        "lat" : 40.69673,
        "lon" : -73.931402
      }
    },
    "activities" : [ {
      "activity" : "walking",
      "group" : "walking",
      "manual" : false,
      "startTime" : "20170208T014418-0500",
      "endTime" : "20170208T014429-0500",
      "duration" : 11.0,
      "distance" : 9.0,
      "steps" : 18,
      "trackPoints" : [ ]
    }, {
      "activity" : "walking",
      "group" : "walking",
      "manual" : false,
      "startTime" : "20170208T091559-0500",
      "endTime" : "20170208T091627-0500",
      "duration" : 28.0,
      "distance" : 20.0,
      "steps" : 41,
      "trackPoints" : [ ]
    }, {
      "activity" : "walking",
      "group" : "walking",
      "manual" : false,
      "startTime" : "20170208T110651-0500",
      "endTime" : "20170208T110711-0500",
      "duration" : 20.0,
      "distance" : 14.0,
      "steps" : 28,
      "trackPoints" : [ ]
    } ],
    "lastUpdate" : "20170208T173005Z"
  }, {
    "type" : "move",
    "startTime" : "20170208T111354-0500",
    "endTime" : "20170208T112735-0500",
    "activities" : [ {
      "activity" : "walking",
      "group" : "walking",
      "manual" : false,
      "startTime" : "20170208T111354-0500",
      "endTime" : "20170208T112734-0500",
      "duration" : 820.0,
      "distance" : 740.0,
      "steps" : 1281,
      "trackPoints" : [ {
        "lat" : 40.69673,
        "lon" : -73.931402,
        "time" : "20170208T111354-0500"
      }, {
        "lat" : 40.696797,
        "lon" : -73.931519,
        "time" : "20170208T111417-0500"
      }, {
        "lat" : 40.696762,
        "lon" : -73.931517,
        "time" : "20170208T111435-0500"
      }, {
        "lat" : 40.69671,
        "lon" : -73.931516,
        "time" : "20170208T111503-0500"
      }, {
        "lat" : 40.696732,
        "lon" : -73.931487,
        "time" : "20170208T111520-0500"
      }, {
        "lat" : 40.696819,
        "lon" : -73.93147,
        "time" : "20170208T111535-0500"
      }, {
        "lat" : 40.697089,
        "lon" : -73.931746,
        "time" : "20170208T111612-0500"
      }, {
        "lat" : 40.697188,
        "lon" : -73.931934,
        "time" : "20170208T111627-0500"
      }, {
        "lat" : 40.697277,
        "lon" : -73.932157,
        "time" : "20170208T111643-0500"
      }, {
        "lat" : 40.697299,
        "lon" : -73.93219,
        "time" : "20170208T111712-0500"
      }, {
        "lat" : 40.697152,
        "lon" : -73.931874,
        "time" : "20170208T111741-0500"
      }, {
        "lat" : 40.697086,
        "lon" : -73.931604,
        "time" : "20170208T111814-0500"
      }, {
        "lat" : 40.696829,
        "lon" : -73.931415,
        "time" : "20170208T111842-0500"
      }, {
        "lat" : 40.69659,
        "lon" : -73.931217,
        "time" : "20170208T111901-0500"
      }, {
        "lat" : 40.696569,
        "lon" : -73.93139,
        "time" : "20170208T111924-0500"
      }, {
        "lat" : 40.696615,
        "lon" : -73.931458,
        "time" : "20170208T111943-0500"
      }, {
        "lat" : 40.696658,
        "lon" : -73.931542,
        "time" : "20170208T112009-0500"
      }, {
        "lat" : 40.696686,
        "lon" : -73.931526,
        "time" : "20170208T112041-0500"
      }, {
        "lat" : 40.696681,
        "lon" : -73.93152,
        "time" : "20170208T112104-0500"
      }, {
        "lat" : 40.696669,
        "lon" : -73.931508,
        "time" : "20170208T112123-0500"
      }, {
        "lat" : 40.696698,
        "lon" : -73.931472,
        "time" : "20170208T112145-0500"
      }, {
        "lat" : 40.69675,
        "lon" : -73.931372,
        "time" : "20170208T112201-0500"
      }, {
        "lat" : 40.696816,
        "lon" : -73.931435,
        "time" : "20170208T112219-0500"
      }, {
        "lat" : 40.696895,
        "lon" : -73.9319,
        "time" : "20170208T112244-0500"
      }, {
        "lat" : 40.697056,
        "lon" : -73.932072,
        "time" : "20170208T112301-0500"
      }, {
        "lat" : 40.697342,
        "lon" : -73.932652,
        "time" : "20170208T112340-0500"
      }, {
        "lat" : 40.697296,
        "lon" : -73.932974,
        "time" : "20170208T112405-0500"
      }, {
        "lat" : 40.697182,
        "lon" : -73.933757,
        "time" : "20170208T112439-0500"
      }, {
        "lat" : 40.697137,
        "lon" : -73.934301,
        "time" : "20170208T112505-0500"
      }, {
        "lat" : 40.697055,
        "lon" : -73.934774,
        "time" : "20170208T112529-0500"
      }, {
        "lat" : 40.696875,
        "lon" : -73.935504,
        "time" : "20170208T112558-0500"
      }, {
        "lat" : 40.696835,
        "lon" : -73.935498,
        "time" : "20170208T112620-0500"
      }, {
        "lat" : 40.696951,
        "lon" : -73.935486,
        "time" : "20170208T112641-0500"
      }, {
        "lat" : 40.697039,
        "lon" : -73.935433,
        "time" : "20170208T112657-0500"
      }, {
        "lat" : 40.697064,
        "lon" : -73.935248,
        "time" : "20170208T112735-0500"
      } ]
    } ],
    "lastUpdate" : "20170208T173005Z"
  }, {
    "type" : "place",
    "startTime" : "20170208T112735-0500",
    "endTime" : "20170208T113250-0500",
    "place" : {
      "id" : 591856567,
      "type" : "unknown",
      "location" : {
        "lat" : 40.697064,
        "lon" : -73.935248
      }
    },
    "activities" : [ {
      "activity" : "walking",
      "group" : "walking",
      "manual" : false,
      "startTime" : "20170208T113131-0500",
      "endTime" : "20170208T113148-0500",
      "duration" : 17.0,
      "distance" : 13.0,
      "steps" : 26,
      "trackPoints" : [ ]
    } ],
    "lastUpdate" : "20170208T173005Z"
  }, {
    "type" : "move",
    "startTime" : "20170208T113250-0500",
    "endTime" : "20170208T120213-0500",
    "activities" : [ {
      "activity" : "transport",
      "group" : "transport",
      "manual" : false,
      "startTime" : "20170208T113250-0500",
      "endTime" : "20170208T115301-0500",
      "duration" : 1211.0,
      "distance" : 6912.0,
      "trackPoints" : [ {
        "lat" : 40.697064,
        "lon" : -73.935248,
        "time" : "20170208T113250-0500"
      }, {
        "lat" : 40.697761,
        "lon" : -73.936686,
        "time" : "20170208T113320-0500"
      }, {
        "lat" : 40.699022,
        "lon" : -73.938968,
        "time" : "20170208T113339-0500"
      }, {
        "lat" : 40.699957,
        "lon" : -73.940616,
        "time" : "20170208T113356-0500"
      }, {
        "lat" : 40.700574,
        "lon" : -73.941466,
        "time" : "20170208T113419-0500"
      }, {
        "lat" : 40.700937,
        "lon" : -73.942108,
        "time" : "20170208T113443-0500"
      }, {
        "lat" : 40.702725,
        "lon" : -73.944716,
        "time" : "20170208T113521-0500"
      }, {
        "lat" : 40.703185,
        "lon" : -73.945643,
        "time" : "20170208T113555-0500"
      }, {
        "lat" : 40.703546,
        "lon" : -73.946665,
        "time" : "20170208T113618-0500"
      }, {
        "lat" : 40.703771,
        "lon" : -73.947198,
        "time" : "20170208T113641-0500"
      }, {
        "lat" : 40.703953,
        "lon" : -73.947539,
        "time" : "20170208T113700-0500"
      }, {
        "lat" : 40.704493,
        "lon" : -73.948272,
        "time" : "20170208T113720-0500"
      }, {
        "lat" : 40.705691,
        "lon" : -73.950139,
        "time" : "20170208T113745-0500"
      }, {
        "lat" : 40.706329,
        "lon" : -73.951727,
        "time" : "20170208T113802-0500"
      }, {
        "lat" : 40.706827,
        "lon" : -73.952832,
        "time" : "20170208T113820-0500"
      }, {
        "lat" : 40.706964,
        "lon" : -73.953189,
        "time" : "20170208T113843-0500"
      }, {
        "lat" : 40.707209,
        "lon" : -73.954064,
        "time" : "20170208T113906-0500"
      }, {
        "lat" : 40.707484,
        "lon" : -73.954877,
        "time" : "20170208T113928-0500"
      }, {
        "lat" : 40.707629,
        "lon" : -73.955394,
        "time" : "20170208T113944-0500"
      }, {
        "lat" : 40.707924,
        "lon" : -73.956324,
        "time" : "20170208T114000-0500"
      }, {
        "lat" : 40.708282,
        "lon" : -73.957236,
        "time" : "20170208T114021-0500"
      }, {
        "lat" : 40.708455,
        "lon" : -73.957798,
        "time" : "20170208T114046-0500"
      }, {
        "lat" : 40.708487,
        "lon" : -73.95847,
        "time" : "20170208T114103-0500"
      }, {
        "lat" : 40.708941,
        "lon" : -73.959006,
        "time" : "20170208T114120-0500"
      }, {
        "lat" : 40.709554,
        "lon" : -73.960152,
        "time" : "20170208T114147-0500"
      }, {
        "lat" : 40.710561,
        "lon" : -73.961877,
        "time" : "20170208T114222-0500"
      }, {
        "lat" : 40.710801,
        "lon" : -73.962599,
        "time" : "20170208T114238-0500"
      }, {
        "lat" : 40.71125,
        "lon" : -73.964182,
        "time" : "20170208T114307-0500"
      }, {
        "lat" : 40.711266,
        "lon" : -73.965217,
        "time" : "20170208T114327-0500"
      }, {
        "lat" : 40.712149,
        "lon" : -73.967243,
        "time" : "20170208T114400-0500"
      }, {
        "lat" : 40.712446,
        "lon" : -73.968153,
        "time" : "20170208T114416-0500"
      }, {
        "lat" : 40.712838,
        "lon" : -73.969648,
        "time" : "20170208T114434-0500"
      }, {
        "lat" : 40.713303,
        "lon" : -73.971646,
        "time" : "20170208T114454-0500"
      }, {
        "lat" : 40.714047,
        "lon" : -73.976639,
        "time" : "20170208T114531-0500"
      }, {
        "lat" : 40.714869,
        "lon" : -73.976287,
        "time" : "20170208T114557-0500"
      }, {
        "lat" : 40.714783,
        "lon" : -73.976707,
        "time" : "20170208T114617-0500"
      }, {
        "lat" : 40.71544,
        "lon" : -73.977655,
        "time" : "20170208T114637-0500"
      }, {
        "lat" : 40.715691,
        "lon" : -73.978883,
        "time" : "20170208T114700-0500"
      }, {
        "lat" : 40.71604,
        "lon" : -73.979983,
        "time" : "20170208T114715-0500"
      }, {
        "lat" : 40.716292,
        "lon" : -73.980653,
        "time" : "20170208T114731-0500"
      }, {
        "lat" : 40.716598,
        "lon" : -73.98141,
        "time" : "20170208T114748-0500"
      }, {
        "lat" : 40.716822,
        "lon" : -73.982001,
        "time" : "20170208T114803-0500"
      }, {
        "lat" : 40.716848,
        "lon" : -73.982417,
        "time" : "20170208T114820-0500"
      }, {
        "lat" : 40.71734,
        "lon" : -73.984166,
        "time" : "20170208T114856-0500"
      }, {
        "lat" : 40.717697,
        "lon" : -73.985274,
        "time" : "20170208T114914-0500"
      }, {
        "lat" : 40.718423,
        "lon" : -73.987228,
        "time" : "20170208T114947-0500"
      }, {
        "lat" : 40.718534,
        "lon" : -73.987439,
        "time" : "20170208T115008-0500"
      }, {
        "lat" : 40.718553,
        "lon" : -73.987452,
        "time" : "20170208T115032-0500"
      }, {
        "lat" : 40.725029,
        "lon" : -73.995213,
        "time" : "20170208T115245-0500"
      }, {
        "lat" : 40.72529,
        "lon" : -73.995903,
        "time" : "20170208T115302-0500"
      } ]
    }, {
      "activity" : "walking",
      "group" : "walking",
      "manual" : false,
      "startTime" : "20170208T115302-0500",
      "endTime" : "20170208T120213-0500",
      "duration" : 551.0,
      "distance" : 679.0,
      "steps" : 965,
      "trackPoints" : [ {
        "lat" : 40.72529,
        "lon" : -73.995903,
        "time" : "20170208T115302-0500"
      }, {
        "lat" : 40.725251,
        "lon" : -73.995832,
        "time" : "20170208T115327-0500"
      }, {
        "lat" : 40.725239,
        "lon" : -73.99587,
        "time" : "20170208T115342-0500"
      }, {
        "lat" : 40.725251,
        "lon" : -73.995968,
        "time" : "20170208T115400-0500"
      }, {
        "lat" : 40.725292,
        "lon" : -73.996094,
        "time" : "20170208T115417-0500"
      }, {
        "lat" : 40.725423,
        "lon" : -73.996422,
        "time" : "20170208T115438-0500"
      }, {
        "lat" : 40.72568,
        "lon" : -73.996459,
        "time" : "20170208T115501-0500"
      }, {
        "lat" : 40.726056,
        "lon" : -73.996317,
        "time" : "20170208T115522-0500"
      }, {
        "lat" : 40.726121,
        "lon" : -73.996289,
        "time" : "20170208T115544-0500"
      }, {
        "lat" : 40.726394,
        "lon" : -73.995866,
        "time" : "20170208T115602-0500"
      }, {
        "lat" : 40.7266,
        "lon" : -73.995627,
        "time" : "20170208T115618-0500"
      }, {
        "lat" : 40.727036,
        "lon" : -73.995345,
        "time" : "20170208T115651-0500"
      }, {
        "lat" : 40.727262,
        "lon" : -73.995158,
        "time" : "20170208T115708-0500"
      }, {
        "lat" : 40.727576,
        "lon" : -73.995009,
        "time" : "20170208T115745-0500"
      }, {
        "lat" : 40.727657,
        "lon" : -73.994964,
        "time" : "20170208T115801-0500"
      }, {
        "lat" : 40.728006,
        "lon" : -73.994542,
        "time" : "20170208T115846-0500"
      }, {
        "lat" : 40.728265,
        "lon" : -73.994338,
        "time" : "20170208T115906-0500"
      }, {
        "lat" : 40.728977,
        "lon" : -73.993841,
        "time" : "20170208T115959-0500"
      }, {
        "lat" : 40.728984,
        "lon" : -73.993835,
        "time" : "20170208T115959-0500"
      }, {
        "lat" : 40.728985,
        "lon" : -73.993835,
        "time" : "20170208T120000-0500"
      }, {
        "lat" : 40.729285,
        "lon" : -73.993588,
        "time" : "20170208T120028-0500"
      }, {
        "lat" : 40.729494,
        "lon" : -73.99344,
        "time" : "20170208T120058-0500"
      }, {
        "lat" : 40.729587,
        "lon" : -73.993416,
        "time" : "20170208T120117-0500"
      }, {
        "lat" : 40.729637,
        "lon" : -73.993425,
        "time" : "20170208T120143-0500"
      }, {
        "lat" : 40.729663,
        "lon" : -73.993393,
        "time" : "20170208T120213-0500"
      } ]
    } ],
    "lastUpdate" : "20170208T173005Z"
  }, {
    "type" : "place",
    "startTime" : "20170208T120213-0500",
    "endTime" : "20170208T155714-0500",
    "place" : {
      "id" : 588615003,
      "type" : "unknown",
      "location" : {
        "lat" : 40.729663,
        "lon" : -73.993393
      }
    },
    "activities" : [ {
      "activity" : "walking",
      "group" : "walking",
      "manual" : false,
      "startTime" : "20170208T120524-0500",
      "endTime" : "20170208T120547-0500",
      "duration" : 23.0,
      "distance" : 17.0,
      "steps" : 35,
      "trackPoints" : [ ]
    }, {
      "activity" : "walking",
      "group" : "walking",
      "manual" : false,
      "startTime" : "20170208T131714-0500",
      "endTime" : "20170208T132005-0500",
      "duration" : 171.0,
      "distance" : 176.0,
      "steps" : 235,
      "trackPoints" : [ ]
    }, {
      "activity" : "walking",
      "group" : "walking",
      "manual" : false,
      "startTime" : "20170208T144255-0500",
      "endTime" : "20170208T144453-0500",
      "duration" : 118.0,
      "distance" : 67.0,
      "steps" : 135,
      "trackPoints" : [ ]
    }, {
      "activity" : "walking",
      "group" : "walking",
      "manual" : false,
      "startTime" : "20170208T150836-0500",
      "endTime" : "20170208T150935-0500",
      "duration" : 59.0,
      "distance" : 29.0,
      "steps" : 22,
      "trackPoints" : [ ]
    } ],
    "lastUpdate" : "20170208T220908Z"
  }, {
    "type" : "move",
    "startTime" : "20170208T155714-0500",
    "endTime" : "20170208T160227-0500",
    "activities" : [ {
      "activity" : "walking",
      "group" : "walking",
      "manual" : false,
      "startTime" : "20170208T155714-0500",
      "endTime" : "20170208T160227-0500",
      "duration" : 313.0,
      "distance" : 358.0,
      "steps" : 418,
      "trackPoints" : [ {
        "lat" : 40.729663,
        "lon" : -73.993393,
        "time" : "20170208T155714-0500"
      }, {
        "lat" : 40.729681,
        "lon" : -73.993454,
        "time" : "20170208T155740-0500"
      }, {
        "lat" : 40.729641,
        "lon" : -73.993451,
        "time" : "20170208T155757-0500"
      }, {
        "lat" : 40.729557,
        "lon" : -73.993469,
        "time" : "20170208T155820-0500"
      }, {
        "lat" : 40.729424,
        "lon" : -73.99355,
        "time" : "20170208T155847-0500"
      }, {
        "lat" : 40.7293,
        "lon" : -73.993709,
        "time" : "20170208T155909-0500"
      }, {
        "lat" : 40.729313,
        "lon" : -73.994099,
        "time" : "20170208T155941-0500"
      }, {
        "lat" : 40.729449,
        "lon" : -73.994328,
        "time" : "20170208T155957-0500"
      }, {
        "lat" : 40.729445,
        "lon" : -73.994374,
        "time" : "20170208T155959-0500"
      }, {
        "lat" : 40.729445,
        "lon" : -73.994374,
        "time" : "20170208T160000-0500"
      }, {
        "lat" : 40.729426,
        "lon" : -73.994573,
        "time" : "20170208T160013-0500"
      }, {
        "lat" : 40.729159,
        "lon" : -73.994686,
        "time" : "20170208T160032-0500"
      }, {
        "lat" : 40.728971,
        "lon" : -73.995237,
        "time" : "20170208T160103-0500"
      }, {
        "lat" : 40.729253,
        "lon" : -73.995745,
        "time" : "20170208T160137-0500"
      }, {
        "lat" : 40.729593,
        "lon" : -73.997237,
        "time" : "20170208T160227-0500"
      } ]
    } ],
    "lastUpdate" : "20170208T220908Z"
  }, {
    "type" : "place",
    "startTime" : "20170208T160227-0500",
    "endTime" : "20170208T181348-0500",
    "place" : {
      "id" : 591371837,
      "type" : "unknown",
      "location" : {
        "lat" : 40.729593,
        "lon" : -73.997237
      }
    },
    "activities" : [ {
      "activity" : "walking",
      "group" : "walking",
      "manual" : false,
      "startTime" : "20170208T160227-0500",
      "endTime" : "20170208T160424-0500",
      "duration" : 117.0,
      "distance" : 88.0,
      "steps" : 176,
      "trackPoints" : [ ]
    }, {
      "activity" : "walking",
      "group" : "walking",
      "manual" : false,
      "startTime" : "20170208T172744-0500",
      "endTime" : "20170208T172746-0500",
      "duration" : 2.0,
      "distance" : 2.0,
      "steps" : 4,
      "trackPoints" : [ ]
    }, {
      "activity" : "walking",
      "group" : "walking",
      "manual" : false,
      "startTime" : "20170208T181101-0500",
      "endTime" : "20170208T181154-0500",
      "duration" : 53.0,
      "distance" : 26.0,
      "steps" : 50,
      "trackPoints" : [ ]
    } ],
    "lastUpdate" : "20170208T234400Z"
  }, {
    "type" : "move",
    "startTime" : "20170208T181348-0500",
    "endTime" : "20170208T181902-0500",
    "activities" : [ {
      "activity" : "walking",
      "group" : "walking",
      "manual" : false,
      "startTime" : "20170208T181348-0500",
      "endTime" : "20170208T181902-0500",
      "duration" : 314.0,
      "distance" : 402.0,
      "steps" : 523,
      "trackPoints" : [ {
        "lat" : 40.729593,
        "lon" : -73.997237,
        "time" : "20170208T181348-0500"
      }, {
        "lat" : 40.729908,
        "lon" : -73.996926,
        "time" : "20170208T181410-0500"
      }, {
        "lat" : 40.730085,
        "lon" : -73.996625,
        "time" : "20170208T181457-0500"
      }, {
        "lat" : 40.730231,
        "lon" : -73.995992,
        "time" : "20170208T181602-0500"
      }, {
        "lat" : 40.730054,
        "lon" : -73.995531,
        "time" : "20170208T181618-0500"
      }, {
        "lat" : 40.729887,
        "lon" : -73.995281,
        "time" : "20170208T181644-0500"
      }, {
        "lat" : 40.729716,
        "lon" : -73.995049,
        "time" : "20170208T181702-0500"
      }, {
        "lat" : 40.729599,
        "lon" : -73.993651,
        "time" : "20170208T181839-0500"
      }, {
        "lat" : 40.729663,
        "lon" : -73.993393,
        "time" : "20170208T181902-0500"
      } ]
    } ],
    "lastUpdate" : "20170208T234400Z"
  }, {
    "type" : "place",
    "startTime" : "20170208T181903-0500",
    "endTime" : "20170208T230216-0500",
    "place" : {
      "id" : 588615003,
      "type" : "unknown",
      "location" : {
        "lat" : 40.729663,
        "lon" : -73.993393
      }
    },
    "activities" : [ {
      "activity" : "walking",
      "group" : "walking",
      "manual" : false,
      "startTime" : "20170208T181903-0500",
      "endTime" : "20170208T182322-0500",
      "duration" : 259.0,
      "distance" : 292.0,
      "steps" : 389,
      "trackPoints" : [ ]
    }, {
      "activity" : "walking",
      "group" : "walking",
      "manual" : false,
      "startTime" : "20170208T200516-0500",
      "endTime" : "20170208T201126-0500",
      "duration" : 370.0,
      "distance" : 328.0,
      "steps" : 438,
      "trackPoints" : [ ]
    }, {
      "activity" : "walking",
      "group" : "walking",
      "manual" : false,
      "startTime" : "20170208T211321-0500",
      "endTime" : "20170208T211603-0500",
      "duration" : 162.0,
      "distance" : 182.0,
      "steps" : 243,
      "trackPoints" : [ ]
    }, {
      "activity" : "walking",
      "group" : "walking",
      "manual" : false,
      "startTime" : "20170208T220121-0500",
      "endTime" : "20170208T220343-0500",
      "duration" : 142.0,
      "distance" : 147.0,
      "steps" : 196,
      "trackPoints" : [ ]
    }, {
      "activity" : "walking",
      "group" : "walking",
      "manual" : false,
      "startTime" : "20170208T230201-0500",
      "endTime" : "20170208T230215-0500",
      "duration" : 14.0,
      "distance" : 9.0,
      "steps" : 19,
      "trackPoints" : [ ]
    } ],
    "lastUpdate" : "20170209T053729Z"
  }, {
    "type" : "move",
    "startTime" : "20170208T230216-0500",
    "endTime" : "20170208T234222-0500",
    "activities" : [ {
      "activity" : "walking",
      "group" : "walking",
      "manual" : false,
      "startTime" : "20170208T230216-0500",
      "endTime" : "20170208T230445-0500",
      "duration" : 149.0,
      "distance" : 138.0,
      "steps" : 208,
      "trackPoints" : [ {
        "lat" : 40.729663,
        "lon" : -73.993393,
        "time" : "20170208T230216-0500"
      }, {
        "lat" : 40.729627,
        "lon" : -73.99196,
        "time" : "20170208T230445-0500"
      } ]
    }, {
      "activity" : "transport",
      "group" : "transport",
      "manual" : false,
      "startTime" : "20170208T230445-0500",
      "endTime" : "20170208T231545-0500",
      "duration" : 660.0,
      "distance" : 1841.0,
      "trackPoints" : [ {
        "lat" : 40.729627,
        "lon" : -73.99196,
        "time" : "20170208T230445-0500"
      }, {
        "lat" : 40.729625,
        "lon" : -73.991302,
        "time" : "20170208T230542-0500"
      }, {
        "lat" : 40.729609,
        "lon" : -73.991302,
        "time" : "20170208T230600-0500"
      }, {
        "lat" : 40.729635,
        "lon" : -73.991279,
        "time" : "20170208T230617-0500"
      }, {
        "lat" : 40.729787,
        "lon" : -73.991196,
        "time" : "20170208T230737-0500"
      }, {
        "lat" : 40.729808,
        "lon" : -73.991186,
        "time" : "20170208T230754-0500"
      }, {
        "lat" : 40.72984,
        "lon" : -73.991171,
        "time" : "20170208T230819-0500"
      }, {
        "lat" : 40.729859,
        "lon" : -73.991162,
        "time" : "20170208T230837-0500"
      }, {
        "lat" : 40.729876,
        "lon" : -73.991156,
        "time" : "20170208T230855-0500"
      }, {
        "lat" : 40.729895,
        "lon" : -73.991153,
        "time" : "20170208T230916-0500"
      }, {
        "lat" : 40.72991,
        "lon" : -73.991152,
        "time" : "20170208T230938-0500"
      }, {
        "lat" : 40.729923,
        "lon" : -73.991155,
        "time" : "20170208T231002-0500"
      }, {
        "lat" : 40.72993,
        "lon" : -73.991161,
        "time" : "20170208T231022-0500"
      }, {
        "lat" : 40.729934,
        "lon" : -73.991167,
        "time" : "20170208T231042-0500"
      }, {
        "lat" : 40.729936,
        "lon" : -73.991174,
        "time" : "20170208T231103-0500"
      }, {
        "lat" : 40.729936,
        "lon" : -73.991178,
        "time" : "20170208T231128-0500"
      }, {
        "lat" : 40.729936,
        "lon" : -73.99118,
        "time" : "20170208T231151-0500"
      }, {
        "lat" : 40.725806,
        "lon" : -73.994726,
        "time" : "20170208T231233-0500"
      }, {
        "lat" : 40.725668,
        "lon" : -73.994793,
        "time" : "20170208T231252-0500"
      }, {
        "lat" : 40.725637,
        "lon" : -73.994779,
        "time" : "20170208T231314-0500"
      }, {
        "lat" : 40.722224,
        "lon" : -73.997155,
        "time" : "20170208T231354-0500"
      }, {
        "lat" : 40.722224,
        "lon" : -73.997155,
        "time" : "20170208T231412-0500"
      }, {
        "lat" : 40.722223,
        "lon" : -73.997157,
        "time" : "20170208T231431-0500"
      }, {
        "lat" : 40.718338,
        "lon" : -74.000338,
        "time" : "20170208T231529-0500"
      }, {
        "lat" : 40.718325,
        "lon" : -74.00034,
        "time" : "20170208T231546-0500"
      } ]
    }, {
      "activity" : "walking",
      "group" : "walking",
      "manual" : false,
      "startTime" : "20170208T231546-0500",
      "endTime" : "20170208T231816-0500",
      "duration" : 150.0,
      "distance" : 140.0,
      "steps" : 281,
      "trackPoints" : [ {
        "lat" : 40.718325,
        "lon" : -74.00034,
        "time" : "20170208T231546-0500"
      }, {
        "lat" : 40.718357,
        "lon" : -74.000371,
        "time" : "20170208T231610-0500"
      }, {
        "lat" : 40.718404,
        "lon" : -74.000429,
        "time" : "20170208T231630-0500"
      }, {
        "lat" : 40.718446,
        "lon" : -74.000486,
        "time" : "20170208T231646-0500"
      }, {
        "lat" : 40.718362,
        "lon" : -74.000439,
        "time" : "20170208T231709-0500"
      }, {
        "lat" : 40.718233,
        "lon" : -74.000345,
        "time" : "20170208T231729-0500"
      }, {
        "lat" : 40.717955,
        "lon" : -74.000135,
        "time" : "20170208T231816-0500"
      } ]
    }, {
      "activity" : "transport",
      "group" : "transport",
      "manual" : false,
      "startTime" : "20170208T231816-0500",
      "endTime" : "20170208T233646-0500",
      "duration" : 1110.0,
      "distance" : 6962.0,
      "trackPoints" : [ {
        "lat" : 40.717955,
        "lon" : -74.000135,
        "time" : "20170208T231816-0500"
      }, {
        "lat" : 40.717928,
        "lon" : -74.000106,
        "time" : "20170208T231834-0500"
      }, {
        "lat" : 40.717927,
        "lon" : -74.000088,
        "time" : "20170208T231854-0500"
      }, {
        "lat" : 40.717929,
        "lon" : -74.000076,
        "time" : "20170208T231914-0500"
      }, {
        "lat" : 40.71793,
        "lon" : -74.00007,
        "time" : "20170208T231933-0500"
      }, {
        "lat" : 40.71793,
        "lon" : -74.000067,
        "time" : "20170208T231957-0500"
      }, {
        "lat" : 40.71793,
        "lon" : -74.000065,
        "time" : "20170208T232014-0500"
      }, {
        "lat" : 40.71793,
        "lon" : -74.000064,
        "time" : "20170208T232040-0500"
      }, {
        "lat" : 40.717931,
        "lon" : -74.000064,
        "time" : "20170208T232056-0500"
      }, {
        "lat" : 40.71793,
        "lon" : -74.000064,
        "time" : "20170208T232113-0500"
      }, {
        "lat" : 40.720306,
        "lon" : -73.993433,
        "time" : "20170208T232244-0500"
      }, {
        "lat" : 40.720284,
        "lon" : -73.993222,
        "time" : "20170208T232304-0500"
      }, {
        "lat" : 40.71844,
        "lon" : -73.987299,
        "time" : "20170208T232410-0500"
      }, {
        "lat" : 40.718361,
        "lon" : -73.987097,
        "time" : "20170208T232432-0500"
      }, {
        "lat" : 40.718325,
        "lon" : -73.987004,
        "time" : "20170208T232447-0500"
      }, {
        "lat" : 40.718341,
        "lon" : -73.987043,
        "time" : "20170208T232507-0500"
      }, {
        "lat" : 40.717378,
        "lon" : -73.984289,
        "time" : "20170208T232539-0500"
      }, {
        "lat" : 40.71659,
        "lon" : -73.982351,
        "time" : "20170208T232559-0500"
      }, {
        "lat" : 40.715466,
        "lon" : -73.978499,
        "time" : "20170208T232635-0500"
      }, {
        "lat" : 40.7123,
        "lon" : -73.967799,
        "time" : "20170208T232814-0500"
      }, {
        "lat" : 40.711636,
        "lon" : -73.965957,
        "time" : "20170208T232834-0500"
      }, {
        "lat" : 40.711123,
        "lon" : -73.964206,
        "time" : "20170208T232852-0500"
      }, {
        "lat" : 40.710389,
        "lon" : -73.961511,
        "time" : "20170208T232920-0500"
      }, {
        "lat" : 40.709655,
        "lon" : -73.960277,
        "time" : "20170208T232940-0500"
      }, {
        "lat" : 40.709354,
        "lon" : -73.959774,
        "time" : "20170208T233001-0500"
      }, {
        "lat" : 40.708777,
        "lon" : -73.958668,
        "time" : "20170208T233023-0500"
      }, {
        "lat" : 40.708481,
        "lon" : -73.957801,
        "time" : "20170208T233044-0500"
      }, {
        "lat" : 40.708304,
        "lon" : -73.957425,
        "time" : "20170208T233112-0500"
      }, {
        "lat" : 40.707248,
        "lon" : -73.95434,
        "time" : "20170208T233146-0500"
      }, {
        "lat" : 40.706787,
        "lon" : -73.952907,
        "time" : "20170208T233220-0500"
      }, {
        "lat" : 40.705138,
        "lon" : -73.949903,
        "time" : "20170208T233250-0500"
      }, {
        "lat" : 40.703938,
        "lon" : -73.94759,
        "time" : "20170208T233310-0500"
      }, {
        "lat" : 40.703635,
        "lon" : -73.947091,
        "time" : "20170208T233326-0500"
      }, {
        "lat" : 40.703167,
        "lon" : -73.945961,
        "time" : "20170208T233355-0500"
      }, {
        "lat" : 40.701995,
        "lon" : -73.943994,
        "time" : "20170208T233414-0500"
      }, {
        "lat" : 40.700793,
        "lon" : -73.94183,
        "time" : "20170208T233436-0500"
      }, {
        "lat" : 40.698926,
        "lon" : -73.938788,
        "time" : "20170208T233537-0500"
      }, {
        "lat" : 40.697699,
        "lon" : -73.936553,
        "time" : "20170208T233608-0500"
      }, {
        "lat" : 40.697075,
        "lon" : -73.935641,
        "time" : "20170208T233626-0500"
      }, {
        "lat" : 40.697007,
        "lon" : -73.935518,
        "time" : "20170208T233647-0500"
      } ]
    }, {
      "activity" : "walking",
      "group" : "walking",
      "manual" : false,
      "startTime" : "20170208T233647-0500",
      "endTime" : "20170208T234222-0500",
      "duration" : 335.0,
      "distance" : 393.0,
      "steps" : 662,
      "trackPoints" : [ {
        "lat" : 40.697007,
        "lon" : -73.935518,
        "time" : "20170208T233647-0500"
      }, {
        "lat" : 40.696978,
        "lon" : -73.93547,
        "time" : "20170208T233710-0500"
      }, {
        "lat" : 40.697003,
        "lon" : -73.93533,
        "time" : "20170208T233727-0500"
      }, {
        "lat" : 40.697105,
        "lon" : -73.934921,
        "time" : "20170208T233749-0500"
      }, {
        "lat" : 40.697159,
        "lon" : -73.934235,
        "time" : "20170208T233822-0500"
      }, {
        "lat" : 40.697203,
        "lon" : -73.933898,
        "time" : "20170208T233846-0500"
      }, {
        "lat" : 40.697193,
        "lon" : -73.93373,
        "time" : "20170208T233904-0500"
      }, {
        "lat" : 40.697193,
        "lon" : -73.933556,
        "time" : "20170208T233919-0500"
      }, {
        "lat" : 40.697245,
        "lon" : -73.933103,
        "time" : "20170208T233942-0500"
      }, {
        "lat" : 40.697274,
        "lon" : -73.932768,
        "time" : "20170208T233958-0500"
      }, {
        "lat" : 40.697222,
        "lon" : -73.932515,
        "time" : "20170208T234018-0500"
      }, {
        "lat" : 40.697221,
        "lon" : -73.93219,
        "time" : "20170208T234034-0500"
      }, {
        "lat" : 40.697122,
        "lon" : -73.931959,
        "time" : "20170208T234050-0500"
      }, {
        "lat" : 40.696946,
        "lon" : -73.931567,
        "time" : "20170208T234124-0500"
      }, {
        "lat" : 40.696861,
        "lon" : -73.931404,
        "time" : "20170208T234141-0500"
      }, {
        "lat" : 40.696733,
        "lon" : -73.931383,
        "time" : "20170208T234202-0500"
      }, {
        "lat" : 40.69673,
        "lon" : -73.931402,
        "time" : "20170208T234222-0500"
      } ]
    } ],
    "lastUpdate" : "20170209T053729Z"
  }, {
    "type" : "place",
    "startTime" : "20170208T234222-0500",
    "endTime" : "20170209T184505-0500",
    "place" : {
      "id" : 588636068,
      "type" : "unknown",
      "location" : {
        "lat" : 40.69673,
        "lon" : -73.931402
      }
    },
    "activities" : [ {
      "activity" : "walking",
      "group" : "walking",
      "manual" : false,
      "startTime" : "20170208T234222-0500",
      "endTime" : "20170208T234525-0500",
      "duration" : 183.0,
      "distance" : 206.0,
      "steps" : 275,
      "trackPoints" : [ ]
    } ],
    "lastUpdate" : "20170210T001132Z"
  } ],
  "lastUpdate" : "20170210T001132Z"
} ]