[ {
  "date" : "20170130",
  "summary" : [ {
    "activity" : "walking",
    "group" : "walking",
    "duration" : 2585.0,
    "distance" : 2461.0,
    "steps" : 4133
  }, {
    "activity" : "transport",
    "group" : "transport",
    "duration" : 2569.0,
    "distance" : 17678.0
  } ],
  "segments" : [ {
    "type" : "place",
    "startTime" : "20170129T163552-0500",
    "endTime" : "20170130T001548-0500",
    "place" : {
      "id" : 588615003,
      "type" : "unknown",
      "location" : {
        "lat" : 40.729663,
        "lon" : -73.993393
      }
    },
    "activities" : [ {
      "activity" : "walking",
      "group" : "walking",
      "manual" : false,
      "startTime" : "20170130T000925-0500",
      "endTime" : "20170130T001129-0500",
      "duration" : 124.0,
      "distance" : 138.0,
      "steps" : 185,
      "trackPoints" : [ ]
    } ],
    "lastUpdate" : "20170130T064417Z"
  }, {
    "type" : "move",
    "startTime" : "20170130T001548-0500",
    "endTime" : "20170130T002014-0500",
    "activities" : [ {
      "activity" : "transport",
      "group" : "transport",
      "manual" : false,
      "startTime" : "20170130T001548-0500",
      "endTime" : "20170130T002014-0500",
      "duration" : 266.0,
      "distance" : 1802.0,
      "trackPoints" : [ {
        "lat" : 40.729663,
        "lon" : -73.993393,
        "time" : "20170130T001548-0500"
      }, {
        "lat" : 40.724323,
        "lon" : -73.997586,
        "time" : "20170130T001633-0500"
      }, {
        "lat" : 40.724115,
        "lon" : -73.997784,
        "time" : "20170130T001657-0500"
      }, {
        "lat" : 40.72406,
        "lon" : -73.99783,
        "time" : "20170130T001719-0500"
      }, {
        "lat" : 40.72408,
        "lon" : -73.997816,
        "time" : "20170130T001744-0500"
      }, {
        "lat" : 40.719511,
        "lon" : -74.001795,
        "time" : "20170130T001931-0500"
      }, {
        "lat" : 40.717911,
        "lon" : -74.000072,
        "time" : "20170130T002014-0500"
      } ]
    } ],
    "lastUpdate" : "20170130T064417Z"
  }, {
    "type" : "place",
    "startTime" : "20170130T002014-0500",
    "endTime" : "20170130T003052-0500",
    "place" : {
      "id" : 588636067,
      "type" : "unknown",
      "location" : {
        "lat" : 40.717911,
        "lon" : -74.000072
      }
    },
    "activities" : [ {
      "activity" : "walking",
      "group" : "walking",
      "manual" : false,
      "startTime" : "20170130T002014-0500",
      "endTime" : "20170130T002052-0500",
      "duration" : 38.0,
      "distance" : 29.0,
      "steps" : 58,
      "trackPoints" : [ ]
    } ],
    "lastUpdate" : "20170130T064417Z"
  }, {
    "type" : "move",
    "startTime" : "20170130T003052-0500",
    "endTime" : "20170130T005406-0500",
    "activities" : [ {
      "activity" : "transport",
      "group" : "transport",
      "manual" : false,
      "startTime" : "20170130T003052-0500",
      "endTime" : "20170130T004732-0500",
      "duration" : 1000.0,
      "distance" : 7127.0,
      "trackPoints" : [ {
        "lat" : 40.717911,
        "lon" : -74.000072,
        "time" : "20170130T003052-0500"
      }, {
        "lat" : 40.720315,
        "lon" : -73.993438,
        "time" : "20170130T003213-0500"
      }, {
        "lat" : 40.720253,
        "lon" : -73.993097,
        "time" : "20170130T003237-0500"
      }, {
        "lat" : 40.720303,
        "lon" : -73.993258,
        "time" : "20170130T003255-0500"
      }, {
        "lat" : 40.718543,
        "lon" : -73.987595,
        "time" : "20170130T003356-0500"
      }, {
        "lat" : 40.718382,
        "lon" : -73.987086,
        "time" : "20170130T003419-0500"
      }, {
        "lat" : 40.718395,
        "lon" : -73.987136,
        "time" : "20170130T003448-0500"
      }, {
        "lat" : 40.717359,
        "lon" : -73.984253,
        "time" : "20170130T003549-0500"
      }, {
        "lat" : 40.716582,
        "lon" : -73.981791,
        "time" : "20170130T003617-0500"
      }, {
        "lat" : 40.714984,
        "lon" : -73.977243,
        "time" : "20170130T003655-0500"
      }, {
        "lat" : 40.714292,
        "lon" : -73.97546,
        "time" : "20170130T003717-0500"
      }, {
        "lat" : 40.711176,
        "lon" : -73.967772,
        "time" : "20170130T003806-0500"
      }, {
        "lat" : 40.712394,
        "lon" : -73.967661,
        "time" : "20170130T003832-0500"
      }, {
        "lat" : 40.711384,
        "lon" : -73.965535,
        "time" : "20170130T003901-0500"
      }, {
        "lat" : 40.710949,
        "lon" : -73.963572,
        "time" : "20170130T003930-0500"
      }, {
        "lat" : 40.710513,
        "lon" : -73.961917,
        "time" : "20170130T003953-0500"
      }, {
        "lat" : 40.710193,
        "lon" : -73.961148,
        "time" : "20170130T004009-0500"
      }, {
        "lat" : 40.709707,
        "lon" : -73.960336,
        "time" : "20170130T004030-0500"
      }, {
        "lat" : 40.709332,
        "lon" : -73.959746,
        "time" : "20170130T004049-0500"
      }, {
        "lat" : 40.708907,
        "lon" : -73.958974,
        "time" : "20170130T004110-0500"
      }, {
        "lat" : 40.708424,
        "lon" : -73.957931,
        "time" : "20170130T004137-0500"
      }, {
        "lat" : 40.708217,
        "lon" : -73.957534,
        "time" : "20170130T004204-0500"
      }, {
        "lat" : 40.707514,
        "lon" : -73.955128,
        "time" : "20170130T004232-0500"
      }, {
        "lat" : 40.706952,
        "lon" : -73.953639,
        "time" : "20170130T004251-0500"
      }, {
        "lat" : 40.706638,
        "lon" : -73.953146,
        "time" : "20170130T004318-0500"
      }, {
        "lat" : 40.706066,
        "lon" : -73.951376,
        "time" : "20170130T004334-0500"
      }, {
        "lat" : 40.704184,
        "lon" : -73.947945,
        "time" : "20170130T004405-0500"
      }, {
        "lat" : 40.703877,
        "lon" : -73.947472,
        "time" : "20170130T004423-0500"
      }, {
        "lat" : 40.703019,
        "lon" : -73.945554,
        "time" : "20170130T004456-0500"
      }, {
        "lat" : 40.701744,
        "lon" : -73.943529,
        "time" : "20170130T004513-0500"
      }, {
        "lat" : 40.700251,
        "lon" : -73.941125,
        "time" : "20170130T004554-0500"
      }, {
        "lat" : 40.699967,
        "lon" : -73.940614,
        "time" : "20170130T004609-0500"
      }, {
        "lat" : 40.698815,
        "lon" : -73.938592,
        "time" : "20170130T004636-0500"
      }, {
        "lat" : 40.698372,
        "lon" : -73.937658,
        "time" : "20170130T004651-0500"
      }, {
        "lat" : 40.697673,
        "lon" : -73.936474,
        "time" : "20170130T004709-0500"
      }, {
        "lat" : 40.69724,
        "lon" : -73.935725,
        "time" : "20170130T004733-0500"
      } ]
    }, {
      "activity" : "walking",
      "group" : "walking",
      "manual" : false,
      "startTime" : "20170130T004733-0500",
      "endTime" : "20170130T005406-0500",
      "duration" : 393.0,
      "distance" : 442.0,
      "steps" : 738,
      "trackPoints" : [ {
        "lat" : 40.69724,
        "lon" : -73.935725,
        "time" : "20170130T004733-0500"
      }, {
        "lat" : 40.697033,
        "lon" : -73.93539,
        "time" : "20170130T004808-0500"
      }, {
        "lat" : 40.697062,
        "lon" : -73.935071,
        "time" : "20170130T004824-0500"
      }, {
        "lat" : 40.697116,
        "lon" : -73.934393,
        "time" : "20170130T004900-0500"
      }, {
        "lat" : 40.697134,
        "lon" : -73.934137,
        "time" : "20170130T004921-0500"
      }, {
        "lat" : 40.697188,
        "lon" : -73.933535,
        "time" : "20170130T004951-0500"
      }, {
        "lat" : 40.697201,
        "lon" : -73.933116,
        "time" : "20170130T005010-0500"
      }, {
        "lat" : 40.697155,
        "lon" : -73.93302,
        "time" : "20170130T005034-0500"
      }, {
        "lat" : 40.697193,
        "lon" : -73.932776,
        "time" : "20170130T005049-0500"
      }, {
        "lat" : 40.69719,
        "lon" : -73.932325,
        "time" : "20170130T005108-0500"
      }, {
        "lat" : 40.696961,
        "lon" : -73.931633,
        "time" : "20170130T005146-0500"
      }, {
        "lat" : 40.696808,
        "lon" : -73.931445,
        "time" : "20170130T005210-0500"
      }, {
        "lat" : 40.696665,
        "lon" : -73.93141,
        "time" : "20170130T005233-0500"
      }, {
        "lat" : 40.696645,
        "lon" : -73.931416,
        "time" : "20170130T005249-0500"
      }, {
        "lat" : 40.696653,
        "lon" : -73.931446,
        "time" : "20170130T005308-0500"
      }, {
        "lat" : 40.69668,
        "lon" : -73.93147,
        "time" : "20170130T005332-0500"
      }, {
        "lat" : 40.696684,
        "lon" : -73.931481,
        "time" : "20170130T005348-0500"
      }, {
        "lat" : 40.69673,
        "lon" : -73.931402,
        "time" : "20170130T005406-0500"
      } ]
    } ],
    "lastUpdate" : "20170130T064417Z"
  }, {
    "type" : "place",
    "startTime" : "20170130T005406-0500",
    "endTime" : "20170130T115556-0500",
    "place" : {
      "id" : 588636068,
      "type" : "unknown",
      "location" : {
        "lat" : 40.69673,
        "lon" : -73.931402
      }
    },
    "activities" : [ {
      "activity" : "walking",
      "group" : "walking",
      "manual" : false,
      "startTime" : "20170130T005413-0500",
      "endTime" : "20170130T005425-0500",
      "duration" : 12.0,
      "distance" : 9.0,
      "steps" : 19,
      "trackPoints" : [ ]
    }, {
      "activity" : "walking",
      "group" : "walking",
      "manual" : false,
      "startTime" : "20170130T115530-0500",
      "endTime" : "20170130T115535-0500",
      "duration" : 5.0,
      "distance" : 4.0,
      "steps" : 8,
      "trackPoints" : [ ]
    } ],
    "lastUpdate" : "20170130T184558Z"
  }, {
    "type" : "move",
    "startTime" : "20170130T115556-0500",
    "endTime" : "20170130T121917-0500",
    "activities" : [ {
      "activity" : "walking",
      "group" : "walking",
      "manual" : false,
      "startTime" : "20170130T115556-0500",
      "endTime" : "20170130T120234-0500",
      "duration" : 398.0,
      "distance" : 391.0,
      "steps" : 668,
      "trackPoints" : [ {
        "lat" : 40.69673,
        "lon" : -73.931402,
        "time" : "20170130T115556-0500"
      }, {
        "lat" : 40.696866,
        "lon" : -73.931569,
        "time" : "20170130T115625-0500"
      }, {
        "lat" : 40.696888,
        "lon" : -73.931591,
        "time" : "20170130T115653-0500"
      }, {
        "lat" : 40.696844,
        "lon" : -73.931523,
        "time" : "20170130T115721-0500"
      }, {
        "lat" : 40.696959,
        "lon" : -73.931622,
        "time" : "20170130T115741-0500"
      }, {
        "lat" : 40.697102,
        "lon" : -73.931841,
        "time" : "20170130T115759-0500"
      }, {
        "lat" : 40.697191,
        "lon" : -73.932096,
        "time" : "20170130T115815-0500"
      }, {
        "lat" : 40.697251,
        "lon" : -73.932458,
        "time" : "20170130T115832-0500"
      }, {
        "lat" : 40.697192,
        "lon" : -73.932859,
        "time" : "20170130T115850-0500"
      }, {
        "lat" : 40.69717,
        "lon" : -73.93309,
        "time" : "20170130T115907-0500"
      }, {
        "lat" : 40.697168,
        "lon" : -73.933286,
        "time" : "20170130T115925-0500"
      }, {
        "lat" : 40.697153,
        "lon" : -73.933681,
        "time" : "20170130T115944-0500"
      }, {
        "lat" : 40.697137,
        "lon" : -73.933965,
        "time" : "20170130T115959-0500"
      }, {
        "lat" : 40.697137,
        "lon" : -73.933965,
        "time" : "20170130T120000-0500"
      }, {
        "lat" : 40.697123,
        "lon" : -73.934218,
        "time" : "20170130T120013-0500"
      }, {
        "lat" : 40.697073,
        "lon" : -73.934677,
        "time" : "20170130T120035-0500"
      }, {
        "lat" : 40.697042,
        "lon" : -73.935037,
        "time" : "20170130T120101-0500"
      }, {
        "lat" : 40.697045,
        "lon" : -73.935212,
        "time" : "20170130T120124-0500"
      }, {
        "lat" : 40.697051,
        "lon" : -73.935355,
        "time" : "20170130T120147-0500"
      }, {
        "lat" : 40.697075,
        "lon" : -73.935381,
        "time" : "20170130T120210-0500"
      }, {
        "lat" : 40.697137,
        "lon" : -73.93531,
        "time" : "20170130T120234-0500"
      } ]
    }, {
      "activity" : "transport",
      "group" : "transport",
      "manual" : false,
      "startTime" : "20170130T120234-0500",
      "endTime" : "20170130T121917-0500",
      "duration" : 1003.0,
      "distance" : 7085.0,
      "trackPoints" : [ {
        "lat" : 40.697137,
        "lon" : -73.93531,
        "time" : "20170130T120234-0500"
      }, {
        "lat" : 40.697154,
        "lon" : -73.935324,
        "time" : "20170130T120252-0500"
      }, {
        "lat" : 40.69723,
        "lon" : -73.935726,
        "time" : "20170130T120311-0500"
      }, {
        "lat" : 40.69821,
        "lon" : -73.937388,
        "time" : "20170130T120332-0500"
      }, {
        "lat" : 40.699567,
        "lon" : -73.939907,
        "time" : "20170130T120350-0500"
      }, {
        "lat" : 40.701695,
        "lon" : -73.943584,
        "time" : "20170130T120411-0500"
      }, {
        "lat" : 40.70342,
        "lon" : -73.946244,
        "time" : "20170130T120431-0500"
      }, {
        "lat" : 40.704125,
        "lon" : -73.94794,
        "time" : "20170130T120448-0500"
      }, {
        "lat" : 40.70582,
        "lon" : -73.949721,
        "time" : "20170130T120504-0500"
      }, {
        "lat" : 40.706254,
        "lon" : -73.951444,
        "time" : "20170130T120521-0500"
      }, {
        "lat" : 40.70692,
        "lon" : -73.953404,
        "time" : "20170130T120540-0500"
      }, {
        "lat" : 40.707247,
        "lon" : -73.95427,
        "time" : "20170130T120601-0500"
      }, {
        "lat" : 40.707539,
        "lon" : -73.955157,
        "time" : "20170130T120620-0500"
      }, {
        "lat" : 40.708061,
        "lon" : -73.956593,
        "time" : "20170130T120648-0500"
      }, {
        "lat" : 40.708273,
        "lon" : -73.957224,
        "time" : "20170130T120704-0500"
      }, {
        "lat" : 40.708442,
        "lon" : -73.957738,
        "time" : "20170130T120724-0500"
      }, {
        "lat" : 40.708601,
        "lon" : -73.958176,
        "time" : "20170130T120740-0500"
      }, {
        "lat" : 40.708944,
        "lon" : -73.958996,
        "time" : "20170130T120800-0500"
      }, {
        "lat" : 40.709579,
        "lon" : -73.960265,
        "time" : "20170130T120822-0500"
      }, {
        "lat" : 40.711268,
        "lon" : -73.964571,
        "time" : "20170130T120902-0500"
      }, {
        "lat" : 40.712018,
        "lon" : -73.966808,
        "time" : "20170130T120923-0500"
      }, {
        "lat" : 40.712398,
        "lon" : -73.968342,
        "time" : "20170130T120938-0500"
      }, {
        "lat" : 40.713404,
        "lon" : -73.971434,
        "time" : "20170130T121000-0500"
      }, {
        "lat" : 40.714104,
        "lon" : -73.973878,
        "time" : "20170130T121025-0500"
      }, {
        "lat" : 40.715243,
        "lon" : -73.977592,
        "time" : "20170130T121102-0500"
      }, {
        "lat" : 40.715796,
        "lon" : -73.979195,
        "time" : "20170130T121120-0500"
      }, {
        "lat" : 40.717031,
        "lon" : -73.983278,
        "time" : "20170130T121206-0500"
      }, {
        "lat" : 40.717413,
        "lon" : -73.984433,
        "time" : "20170130T121226-0500"
      }, {
        "lat" : 40.718413,
        "lon" : -73.98717,
        "time" : "20170130T121257-0500"
      }, {
        "lat" : 40.718511,
        "lon" : -73.987454,
        "time" : "20170130T121328-0500"
      }, {
        "lat" : 40.720242,
        "lon" : -73.993073,
        "time" : "20170130T121431-0500"
      }, {
        "lat" : 40.720309,
        "lon" : -73.99339,
        "time" : "20170130T121452-0500"
      }, {
        "lat" : 40.71794,
        "lon" : -74.000035,
        "time" : "20170130T121620-0500"
      }, {
        "lat" : 40.718046,
        "lon" : -74.000252,
        "time" : "20170130T121639-0500"
      }, {
        "lat" : 40.718114,
        "lon" : -74.000316,
        "time" : "20170130T121703-0500"
      }, {
        "lat" : 40.718122,
        "lon" : -74.000325,
        "time" : "20170130T121720-0500"
      }, {
        "lat" : 40.718119,
        "lon" : -74.000321,
        "time" : "20170130T121754-0500"
      }, {
        "lat" : 40.718136,
        "lon" : -74.000339,
        "time" : "20170130T121818-0500"
      }, {
        "lat" : 40.718136,
        "lon" : -74.00034,
        "time" : "20170130T121917-0500"
      } ]
    } ],
    "lastUpdate" : "20170130T184558Z"
  }, {
    "type" : "place",
    "startTime" : "20170130T121918-0500",
    "endTime" : "20170130T122204-0500",
    "place" : {
      "id" : 588906554,
      "type" : "unknown",
      "location" : {
        "lat" : 40.718136,
        "lon" : -74.00034
      }
    },
    "lastUpdate" : "20170130T184558Z"
  }, {
    "type" : "move",
    "startTime" : "20170130T122204-0500",
    "endTime" : "20170130T123344-0500",
    "activities" : [ {
      "activity" : "walking",
      "group" : "walking",
      "manual" : false,
      "startTime" : "20170130T122204-0500",
      "endTime" : "20170130T122505-0500",
      "duration" : 181.0,
      "distance" : 228.0,
      "steps" : 344,
      "trackPoints" : [ {
        "lat" : 40.718136,
        "lon" : -74.00034,
        "time" : "20170130T122204-0500"
      }, {
        "lat" : 40.719332,
        "lon" : -74.001647,
        "time" : "20170130T122412-0500"
      }, {
        "lat" : 40.71942,
        "lon" : -74.001745,
        "time" : "20170130T122428-0500"
      }, {
        "lat" : 40.719475,
        "lon" : -74.001802,
        "time" : "20170130T122444-0500"
      }, {
        "lat" : 40.719537,
        "lon" : -74.001844,
        "time" : "20170130T122506-0500"
      } ]
    }, {
      "activity" : "transport",
      "group" : "transport",
      "manual" : false,
      "startTime" : "20170130T122506-0500",
      "endTime" : "20170130T123006-0500",
      "duration" : 300.0,
      "distance" : 1664.0,
      "trackPoints" : [ {
        "lat" : 40.719537,
        "lon" : -74.001844,
        "time" : "20170130T122506-0500"
      }, {
        "lat" : 40.724197,
        "lon" : -73.997702,
        "time" : "20170130T122646-0500"
      }, {
        "lat" : 40.724266,
        "lon" : -73.997613,
        "time" : "20170130T122711-0500"
      }, {
        "lat" : 40.724279,
        "lon" : -73.997595,
        "time" : "20170130T122733-0500"
      }, {
        "lat" : 40.724275,
        "lon" : -73.997595,
        "time" : "20170130T122807-0500"
      }, {
        "lat" : 40.730556,
        "lon" : -73.992737,
        "time" : "20170130T123006-0500"
      } ]
    }, {
      "activity" : "walking",
      "group" : "walking",
      "manual" : false,
      "startTime" : "20170130T123006-0500",
      "endTime" : "20170130T123343-0500",
      "duration" : 217.0,
      "distance" : 164.0,
      "steps" : 328,
      "trackPoints" : [ {
        "lat" : 40.730556,
        "lon" : -73.992737,
        "time" : "20170130T123006-0500"
      }, {
        "lat" : 40.730595,
        "lon" : -73.992706,
        "time" : "20170130T123026-0500"
      }, {
        "lat" : 40.730602,
        "lon" : -73.992591,
        "time" : "20170130T123055-0500"
      }, {
        "lat" : 40.730598,
        "lon" : -73.992514,
        "time" : "20170130T123118-0500"
      }, {
        "lat" : 40.730568,
        "lon" : -73.992589,
        "time" : "20170130T123137-0500"
      }, {
        "lat" : 40.730624,
        "lon" : -73.992806,
        "time" : "20170130T123209-0500"
      }, {
        "lat" : 40.730647,
        "lon" : -73.992991,
        "time" : "20170130T123224-0500"
      }, {
        "lat" : 40.730897,
        "lon" : -73.993296,
        "time" : "20170130T123253-0500"
      }, {
        "lat" : 40.731021,
        "lon" : -73.993469,
        "time" : "20170130T123314-0500"
      }, {
        "lat" : 40.731002,
        "lon" : -73.993544,
        "time" : "20170130T123344-0500"
      } ]
    } ],
    "lastUpdate" : "20170130T184558Z"
  }, {
    "type" : "place",
    "startTime" : "20170130T123344-0500",
    "endTime" : "20170130T123858-0500",
    "place" : {
      "id" : 588906556,
      "type" : "unknown",
      "location" : {
        "lat" : 40.731002,
        "lon" : -73.993544
      }
    },
    "activities" : [ {
      "activity" : "walking",
      "group" : "walking",
      "manual" : false,
      "startTime" : "20170130T123852-0500",
      "endTime" : "20170130T123857-0500",
      "duration" : 5.0,
      "distance" : 4.0,
      "steps" : 8,
      "trackPoints" : [ ]
    } ],
    "lastUpdate" : "20170130T184558Z"
  }, {
    "type" : "move",
    "startTime" : "20170130T123858-0500",
    "endTime" : "20170130T124139-0500",
    "activities" : [ {
      "activity" : "walking",
      "group" : "walking",
      "manual" : false,
      "startTime" : "20170130T123858-0500",
      "endTime" : "20170130T124139-0500",
      "duration" : 161.0,
      "distance" : 196.0,
      "steps" : 330,
      "trackPoints" : [ {
        "lat" : 40.731002,
        "lon" : -73.993544,
        "time" : "20170130T123858-0500"
      }, {
        "lat" : 40.730689,
        "lon" : -73.993489,
        "time" : "20170130T123927-0500"
      }, {
        "lat" : 40.730462,
        "lon" : -73.99363,
        "time" : "20170130T123955-0500"
      }, {
        "lat" : 40.730311,
        "lon" : -73.993973,
        "time" : "20170130T124011-0500"
      }, {
        "lat" : 40.73003,
        "lon" : -73.993745,
        "time" : "20170130T124033-0500"
      }, {
        "lat" : 40.729845,
        "lon" : -73.993523,
        "time" : "20170130T124053-0500"
      }, {
        "lat" : 40.729608,
        "lon" : -73.993463,
        "time" : "20170130T124123-0500"
      }, {
        "lat" : 40.729663,
        "lon" : -73.993393,
        "time" : "20170130T124139-0500"
      } ]
    } ],
    "lastUpdate" : "20170130T184558Z"
  }, {
    "type" : "place",
    "startTime" : "20170130T124139-0500",
    "endTime" : "20170130T174924-0500",
    "place" : {
      "id" : 588615003,
      "type" : "unknown",
      "location" : {
        "lat" : 40.729663,
        "lon" : -73.993393
      }
    },
    "activities" : [ {
      "activity" : "walking",
      "group" : "walking",
      "manual" : false,
      "startTime" : "20170130T124139-0500",
      "endTime" : "20170130T124228-0500",
      "duration" : 49.0,
      "distance" : 37.0,
      "steps" : 74,
      "trackPoints" : [ ]
    }, {
      "activity" : "walking",
      "group" : "walking",
      "manual" : false,
      "startTime" : "20170130T151145-0500",
      "endTime" : "20170130T151205-0500",
      "duration" : 20.0,
      "distance" : 13.0,
      "steps" : 27,
      "trackPoints" : [ ]
    }, {
      "activity" : "walking",
      "group" : "walking",
      "manual" : false,
      "startTime" : "20170130T162934-0500",
      "endTime" : "20170130T163123-0500",
      "duration" : 109.0,
      "distance" : 57.0,
      "steps" : 115,
      "trackPoints" : [ ]
    }, {
      "activity" : "walking",
      "group" : "walking",
      "manual" : false,
      "startTime" : "20170130T174554-0500",
      "endTime" : "20170130T174702-0500",
      "duration" : 68.0,
      "distance" : 36.0,
      "steps" : 73,
      "trackPoints" : [ ]
    } ],
    "lastUpdate" : "20170130T232553Z"
  }, {
    "type" : "move",
    "startTime" : "20170130T174924-0500",
    "endTime" : "20170130T175407-0500",
    "activities" : [ {
      "activity" : "walking",
      "group" : "walking",
      "manual" : false,
      "startTime" : "20170130T174924-0500",
      "endTime" : "20170130T175406-0500",
      "duration" : 282.0,
      "distance" : 277.0,
      "steps" : 504,
      "trackPoints" : [ {
        "lat" : 40.729663,
        "lon" : -73.993393,
        "time" : "20170130T174924-0500"
      }, {
        "lat" : 40.729787,
        "lon" : -73.993349,
        "time" : "20170130T174942-0500"
      }, {
        "lat" : 40.729678,
        "lon" : -73.993354,
        "time" : "20170130T175006-0500"
      }, {
        "lat" : 40.729557,
        "lon" : -73.993406,
        "time" : "20170130T175028-0500"
      }, {
        "lat" : 40.729803,
        "lon" : -73.993269,
        "time" : "20170130T175105-0500"
      }, {
        "lat" : 40.729921,
        "lon" : -73.993174,
        "time" : "20170130T175128-0500"
      }, {
        "lat" : 40.730178,
        "lon" : -73.9929,
        "time" : "20170130T175152-0500"
      }, {
        "lat" : 40.730165,
        "lon" : -73.992523,
        "time" : "20170130T175207-0500"
      }, {
        "lat" : 40.730148,
        "lon" : -73.992451,
        "time" : "20170130T175223-0500"
      }, {
        "lat" : 40.730343,
        "lon" : -73.992563,
        "time" : "20170130T175242-0500"
      }, {
        "lat" : 40.730643,
        "lon" : -73.992812,
        "time" : "20170130T175319-0500"
      }, {
        "lat" : 40.730772,
        "lon" : -73.993108,
        "time" : "20170130T175342-0500"
      }, {
        "lat" : 40.730849,
        "lon" : -73.993248,
        "time" : "20170130T175407-0500"
      } ]
    } ],
    "lastUpdate" : "20170130T232553Z"
  }, {
    "type" : "place",
    "startTime" : "20170130T175407-0500",
    "endTime" : "20170130T180459-0500",
    "place" : {
      "id" : 588982412,
      "type" : "unknown",
      "location" : {
        "lat" : 40.730849,
        "lon" : -73.993248
      }
    },
    "activities" : [ {
      "activity" : "walking",
      "group" : "walking",
      "manual" : false,
      "startTime" : "20170130T175407-0500",
      "endTime" : "20170130T175419-0500",
      "duration" : 12.0,
      "distance" : 9.0,
      "steps" : 19,
      "trackPoints" : [ ]
    }, {
      "activity" : "walking",
      "group" : "walking",
      "manual" : false,
      "startTime" : "20170130T180024-0500",
      "endTime" : "20170130T180039-0500",
      "duration" : 15.0,
      "distance" : 10.0,
      "steps" : 21,
      "trackPoints" : [ ]
    } ],
    "lastUpdate" : "20170130T232553Z"
  }, {
    "type" : "move",
    "startTime" : "20170130T180459-0500",
    "endTime" : "20170130T181008-0500",
    "activities" : [ {
      "activity" : "walking",
      "group" : "walking",
      "manual" : false,
      "startTime" : "20170130T180459-0500",
      "endTime" : "20170130T181007-0500",
      "duration" : 308.0,
      "distance" : 301.0,
      "steps" : 420,
      "trackPoints" : [ {
        "lat" : 40.730849,
        "lon" : -73.993248,
        "time" : "20170130T180459-0500"
      }, {
        "lat" : 40.730794,
        "lon" : -73.993015,
        "time" : "20170130T180522-0500"
      }, {
        "lat" : 40.730719,
        "lon" : -73.992695,
        "time" : "20170130T180556-0500"
      }, {
        "lat" : 40.730846,
        "lon" : -73.992637,
        "time" : "20170130T180618-0500"
      }, {
        "lat" : 40.730954,
        "lon" : -73.992624,
        "time" : "20170130T180633-0500"
      }, {
        "lat" : 40.730357,
        "lon" : -73.992348,
        "time" : "20170130T180649-0500"
      }, {
        "lat" : 40.730213,
        "lon" : -73.992651,
        "time" : "20170130T180711-0500"
      }, {
        "lat" : 40.729859,
        "lon" : -73.993161,
        "time" : "20170130T180748-0500"
      }, {
        "lat" : 40.729675,
        "lon" : -73.993362,
        "time" : "20170130T180813-0500"
      }, {
        "lat" : 40.729605,
        "lon" : -73.993419,
        "time" : "20170130T180837-0500"
      }, {
        "lat" : 40.729583,
        "lon" : -73.993421,
        "time" : "20170130T180900-0500"
      }, {
        "lat" : 40.729562,
        "lon" : -73.993423,
        "time" : "20170130T180920-0500"
      }, {
        "lat" : 40.729553,
        "lon" : -73.993428,
        "time" : "20170130T180943-0500"
      }, {
        "lat" : 40.729663,
        "lon" : -73.993393,
        "time" : "20170130T181008-0500"
      } ]
    } ],
    "lastUpdate" : "20170130T232553Z"
  }, {
    "type" : "place",
    "startTime" : "20170130T181008-0500",
    "endTime" : "20170131T014919-0500",
    "place" : {
      "id" : 588615003,
      "type" : "unknown",
      "location" : {
        "lat" : 40.729663,
        "lon" : -73.993393
      }
    },
    "activities" : [ {
      "activity" : "walking",
      "group" : "walking",
      "manual" : false,
      "startTime" : "20170130T181008-0500",
      "endTime" : "20170130T181139-0500",
      "duration" : 91.0,
      "distance" : 68.0,
      "steps" : 136,
      "trackPoints" : [ ]
    }, {
      "activity" : "walking",
      "group" : "walking",
      "manual" : false,
      "startTime" : "20170130T203443-0500",
      "endTime" : "20170130T203512-0500",
      "duration" : 29.0,
      "distance" : 14.0,
      "steps" : 0,
      "trackPoints" : [ ]
    }, {
      "activity" : "walking",
      "group" : "walking",
      "manual" : false,
      "startTime" : "20170130T212353-0500",
      "endTime" : "20170130T212501-0500",
      "duration" : 68.0,
      "distance" : 34.0,
      "steps" : 58,
      "trackPoints" : [ ]
    } ],
    "lastUpdate" : "20170131T071343Z"
  } ],
  "lastUpdate" : "20170131T071343Z"
} ]