[ {
  "date" : "20170202",
  "summary" : [ {
    "activity" : "walking",
    "group" : "walking",
    "duration" : 3882.0,
    "distance" : 3929.0,
    "steps" : 5913
  }, {
    "activity" : "transport",
    "group" : "transport",
    "duration" : 2062.0,
    "distance" : 12682.0
  } ],
  "segments" : [ {
    "type" : "place",
    "startTime" : "20170201T223800-0500",
    "endTime" : "20170202T095212-0500",
    "place" : {
      "id" : 589933467,
      "type" : "unknown",
      "location" : {
        "lat" : 40.77224,
        "lon" : -73.916275
      }
    },
    "activities" : [ {
      "activity" : "walking",
      "group" : "walking",
      "manual" : false,
      "startTime" : "20170202T000019-0500",
      "endTime" : "20170202T000312-0500",
      "duration" : 173.0,
      "distance" : 193.0,
      "steps" : 258,
      "trackPoints" : [ ]
    }, {
      "activity" : "walking",
      "group" : "walking",
      "manual" : false,
      "startTime" : "20170202T015320-0500",
      "endTime" : "20170202T015334-0500",
      "duration" : 14.0,
      "distance" : 9.0,
      "steps" : 19,
      "trackPoints" : [ ]
    }, {
      "activity" : "walking",
      "group" : "walking",
      "manual" : false,
      "startTime" : "20170202T094244-0500",
      "endTime" : "20170202T094347-0500",
      "duration" : 63.0,
      "distance" : 47.0,
      "steps" : 94,
      "trackPoints" : [ ]
    } ],
    "lastUpdate" : "20170202T165453Z"
  }, {
    "type" : "move",
    "startTime" : "20170202T095212-0500",
    "endTime" : "20170202T102939-0500",
    "activities" : [ {
      "activity" : "walking",
      "group" : "walking",
      "manual" : false,
      "startTime" : "20170202T095212-0500",
      "endTime" : "20170202T095516-0500",
      "duration" : 184.0,
      "distance" : 274.0,
      "steps" : 325,
      "trackPoints" : [ {
        "lat" : 40.77224,
        "lon" : -73.916275,
        "time" : "20170202T095212-0500"
      }, {
        "lat" : 40.771844,
        "lon" : -73.916312,
        "time" : "20170202T095236-0500"
      }, {
        "lat" : 40.771274,
        "lon" : -73.91675,
        "time" : "20170202T095323-0500"
      }, {
        "lat" : 40.771179,
        "lon" : -73.916972,
        "time" : "20170202T095344-0500"
      }, {
        "lat" : 40.77103,
        "lon" : -73.917091,
        "time" : "20170202T095409-0500"
      }, {
        "lat" : 40.770964,
        "lon" : -73.917178,
        "time" : "20170202T095425-0500"
      }, {
        "lat" : 40.770835,
        "lon" : -73.917423,
        "time" : "20170202T095443-0500"
      }, {
        "lat" : 40.77061,
        "lon" : -73.91772,
        "time" : "20170202T095459-0500"
      }, {
        "lat" : 40.770393,
        "lon" : -73.91793,
        "time" : "20170202T095517-0500"
      } ]
    }, {
      "activity" : "transport",
      "group" : "transport",
      "manual" : false,
      "startTime" : "20170202T095517-0500",
      "endTime" : "20170202T102939-0500",
      "duration" : 2062.0,
      "distance" : 12682.0,
      "trackPoints" : [ {
        "lat" : 40.770393,
        "lon" : -73.91793,
        "time" : "20170202T095517-0500"
      }, {
        "lat" : 40.770186,
        "lon" : -73.918274,
        "time" : "20170202T095538-0500"
      }, {
        "lat" : 40.768361,
        "lon" : -73.920103,
        "time" : "20170202T095613-0500"
      }, {
        "lat" : 40.766867,
        "lon" : -73.921558,
        "time" : "20170202T095700-0500"
      }, {
        "lat" : 40.765678,
        "lon" : -73.922476,
        "time" : "20170202T095727-0500"
      }, {
        "lat" : 40.763035,
        "lon" : -73.924659,
        "time" : "20170202T095747-0500"
      }, {
        "lat" : 40.761938,
        "lon" : -73.925487,
        "time" : "20170202T095814-0500"
      }, {
        "lat" : 40.760676,
        "lon" : -73.926426,
        "time" : "20170202T095850-0500"
      }, {
        "lat" : 40.758783,
        "lon" : -73.928258,
        "time" : "20170202T095910-0500"
      }, {
        "lat" : 40.757144,
        "lon" : -73.929608,
        "time" : "20170202T095930-0500"
      }, {
        "lat" : 40.7569,
        "lon" : -73.92962,
        "time" : "20170202T095945-0500"
      }, {
        "lat" : 40.756708,
        "lon" : -73.929691,
        "time" : "20170202T095959-0500"
      }, {
        "lat" : 40.756708,
        "lon" : -73.929691,
        "time" : "20170202T100000-0500"
      }, {
        "lat" : 40.756579,
        "lon" : -73.92974,
        "time" : "20170202T100009-0500"
      }, {
        "lat" : 40.754443,
        "lon" : -73.931541,
        "time" : "20170202T100030-0500"
      }, {
        "lat" : 40.753476,
        "lon" : -73.932197,
        "time" : "20170202T100050-0500"
      }, {
        "lat" : 40.751616,
        "lon" : -73.934033,
        "time" : "20170202T100134-0500"
      }, {
        "lat" : 40.750944,
        "lon" : -73.934955,
        "time" : "20170202T100157-0500"
      }, {
        "lat" : 40.75018,
        "lon" : -73.935935,
        "time" : "20170202T100227-0500"
      }, {
        "lat" : 40.750028,
        "lon" : -73.938874,
        "time" : "20170202T100257-0500"
      }, {
        "lat" : 40.75053,
        "lon" : -73.939819,
        "time" : "20170202T100314-0500"
      }, {
        "lat" : 40.750548,
        "lon" : -73.93994,
        "time" : "20170202T100334-0500"
      }, {
        "lat" : 40.750817,
        "lon" : -73.940384,
        "time" : "20170202T100353-0500"
      }, {
        "lat" : 40.751054,
        "lon" : -73.940968,
        "time" : "20170202T100410-0500"
      }, {
        "lat" : 40.751924,
        "lon" : -73.942717,
        "time" : "20170202T100434-0500"
      }, {
        "lat" : 40.752562,
        "lon" : -73.944315,
        "time" : "20170202T100455-0500"
      }, {
        "lat" : 40.762701,
        "lon" : -73.96745,
        "time" : "20170202T100747-0500"
      }, {
        "lat" : 40.762852,
        "lon" : -73.967865,
        "time" : "20170202T100810-0500"
      }, {
        "lat" : 40.762932,
        "lon" : -73.968073,
        "time" : "20170202T100830-0500"
      }, {
        "lat" : 40.762892,
        "lon" : -73.967953,
        "time" : "20170202T100904-0500"
      }, {
        "lat" : 40.764778,
        "lon" : -73.97349,
        "time" : "20170202T100952-0500"
      }, {
        "lat" : 40.76478,
        "lon" : -73.973502,
        "time" : "20170202T101111-0500"
      }, {
        "lat" : 40.76478,
        "lon" : -73.973502,
        "time" : "20170202T101134-0500"
      }, {
        "lat" : 40.76478,
        "lon" : -73.973502,
        "time" : "20170202T101210-0500"
      }, {
        "lat" : 40.76478,
        "lon" : -73.973504,
        "time" : "20170202T101234-0500"
      }, {
        "lat" : 40.764781,
        "lon" : -73.97351,
        "time" : "20170202T101304-0500"
      }, {
        "lat" : 40.7648,
        "lon" : -73.973673,
        "time" : "20170202T101324-0500"
      }, {
        "lat" : 40.764616,
        "lon" : -73.980678,
        "time" : "20170202T101529-0500"
      }, {
        "lat" : 40.764487,
        "lon" : -73.980836,
        "time" : "20170202T101555-0500"
      }, {
        "lat" : 40.76441,
        "lon" : -73.98095,
        "time" : "20170202T101614-0500"
      }, {
        "lat" : 40.760336,
        "lon" : -73.983963,
        "time" : "20170202T101720-0500"
      }, {
        "lat" : 40.76033,
        "lon" : -73.983968,
        "time" : "20170202T101740-0500"
      }, {
        "lat" : 40.760013,
        "lon" : -73.984239,
        "time" : "20170202T101805-0500"
      }, {
        "lat" : 40.755144,
        "lon" : -73.986832,
        "time" : "20170202T101853-0500"
      }, {
        "lat" : 40.754925,
        "lon" : -73.986867,
        "time" : "20170202T101909-0500"
      }, {
        "lat" : 40.754821,
        "lon" : -73.986876,
        "time" : "20170202T101932-0500"
      }, {
        "lat" : 40.749907,
        "lon" : -73.98804,
        "time" : "20170202T102132-0500"
      }, {
        "lat" : 40.749744,
        "lon" : -73.988022,
        "time" : "20170202T102150-0500"
      }, {
        "lat" : 40.74972,
        "lon" : -73.988033,
        "time" : "20170202T102207-0500"
      }, {
        "lat" : 40.749538,
        "lon" : -73.98806,
        "time" : "20170202T102223-0500"
      }, {
        "lat" : 40.745385,
        "lon" : -73.988775,
        "time" : "20170202T102252-0500"
      }, {
        "lat" : 40.741537,
        "lon" : -73.989085,
        "time" : "20170202T102321-0500"
      }, {
        "lat" : 40.736341,
        "lon" : -73.990559,
        "time" : "20170202T102403-0500"
      }, {
        "lat" : 40.736063,
        "lon" : -73.990621,
        "time" : "20170202T102427-0500"
      }, {
        "lat" : 40.735928,
        "lon" : -73.990663,
        "time" : "20170202T102445-0500"
      }, {
        "lat" : 40.735693,
        "lon" : -73.990728,
        "time" : "20170202T102512-0500"
      }, {
        "lat" : 40.735654,
        "lon" : -73.990741,
        "time" : "20170202T102534-0500"
      }, {
        "lat" : 40.735625,
        "lon" : -73.990755,
        "time" : "20170202T102556-0500"
      }, {
        "lat" : 40.735602,
        "lon" : -73.990764,
        "time" : "20170202T102614-0500"
      }, {
        "lat" : 40.73558,
        "lon" : -73.990772,
        "time" : "20170202T102632-0500"
      }, {
        "lat" : 40.735561,
        "lon" : -73.990777,
        "time" : "20170202T102650-0500"
      }, {
        "lat" : 40.735561,
        "lon" : -73.990777,
        "time" : "20170202T102710-0500"
      }, {
        "lat" : 40.735561,
        "lon" : -73.990777,
        "time" : "20170202T102734-0500"
      }, {
        "lat" : 40.735559,
        "lon" : -73.990778,
        "time" : "20170202T102758-0500"
      }, {
        "lat" : 40.735554,
        "lon" : -73.990779,
        "time" : "20170202T102814-0500"
      }, {
        "lat" : 40.735413,
        "lon" : -73.990814,
        "time" : "20170202T102839-0500"
      }, {
        "lat" : 40.730495,
        "lon" : -73.992597,
        "time" : "20170202T102923-0500"
      }, {
        "lat" : 40.729663,
        "lon" : -73.993393,
        "time" : "20170202T102939-0500"
      } ]
    } ],
    "lastUpdate" : "20170202T165453Z"
  }, {
    "type" : "place",
    "startTime" : "20170202T102939-0500",
    "endTime" : "20170202T145338-0500",
    "place" : {
      "id" : 588615003,
      "type" : "unknown",
      "location" : {
        "lat" : 40.729663,
        "lon" : -73.993393
      }
    },
    "activities" : [ {
      "activity" : "walking",
      "group" : "walking",
      "manual" : false,
      "startTime" : "20170202T102940-0500",
      "endTime" : "20170202T103253-0500",
      "duration" : 193.0,
      "distance" : 217.0,
      "steps" : 290,
      "trackPoints" : [ ]
    }, {
      "activity" : "walking",
      "group" : "walking",
      "manual" : false,
      "startTime" : "20170202T110552-0500",
      "endTime" : "20170202T110715-0500",
      "duration" : 83.0,
      "distance" : 62.0,
      "steps" : 124,
      "trackPoints" : [ ]
    }, {
      "activity" : "walking",
      "group" : "walking",
      "manual" : false,
      "startTime" : "20170202T120000-0500",
      "endTime" : "20170202T120014-0500",
      "duration" : 14.0,
      "distance" : 10.0,
      "steps" : 21,
      "trackPoints" : [ ]
    }, {
      "activity" : "walking",
      "group" : "walking",
      "manual" : false,
      "startTime" : "20170202T134226-0500",
      "endTime" : "20170202T134347-0500",
      "duration" : 81.0,
      "distance" : 42.0,
      "steps" : 85,
      "trackPoints" : [ ]
    }, {
      "activity" : "walking",
      "group" : "walking",
      "manual" : false,
      "startTime" : "20170202T144234-0500",
      "endTime" : "20170202T144332-0500",
      "duration" : 58.0,
      "distance" : 29.0,
      "steps" : 43,
      "trackPoints" : [ ]
    } ],
    "lastUpdate" : "20170202T213219Z"
  }, {
    "type" : "move",
    "startTime" : "20170202T145338-0500",
    "endTime" : "20170202T145715-0500",
    "activities" : [ {
      "activity" : "walking",
      "group" : "walking",
      "manual" : false,
      "startTime" : "20170202T145338-0500",
      "endTime" : "20170202T145714-0500",
      "duration" : 216.0,
      "distance" : 221.0,
      "steps" : 443,
      "trackPoints" : [ {
        "lat" : 40.729663,
        "lon" : -73.993393,
        "time" : "20170202T145338-0500"
      }, {
        "lat" : 40.729667,
        "lon" : -73.993274,
        "time" : "20170202T145405-0500"
      }, {
        "lat" : 40.729665,
        "lon" : -73.993247,
        "time" : "20170202T145428-0500"
      }, {
        "lat" : 40.72966,
        "lon" : -73.993227,
        "time" : "20170202T145451-0500"
      }, {
        "lat" : 40.729664,
        "lon" : -73.993211,
        "time" : "20170202T145516-0500"
      }, {
        "lat" : 40.729665,
        "lon" : -73.993101,
        "time" : "20170202T145543-0500"
      }, {
        "lat" : 40.729859,
        "lon" : -73.993536,
        "time" : "20170202T145601-0500"
      }, {
        "lat" : 40.730158,
        "lon" : -73.993954,
        "time" : "20170202T145626-0500"
      }, {
        "lat" : 40.730167,
        "lon" : -73.994066,
        "time" : "20170202T145644-0500"
      }, {
        "lat" : 40.729663,
        "lon" : -73.993393,
        "time" : "20170202T145715-0500"
      } ]
    } ],
    "lastUpdate" : "20170202T213219Z"
  }, {
    "type" : "place",
    "startTime" : "20170202T145715-0500",
    "endTime" : "20170202T174949-0500",
    "place" : {
      "id" : 588615003,
      "type" : "unknown",
      "location" : {
        "lat" : 40.729663,
        "lon" : -73.993393
      }
    },
    "activities" : [ {
      "activity" : "walking",
      "group" : "walking",
      "manual" : false,
      "startTime" : "20170202T145715-0500",
      "endTime" : "20170202T145801-0500",
      "duration" : 46.0,
      "distance" : 34.0,
      "steps" : 69,
      "trackPoints" : [ ]
    }, {
      "activity" : "walking",
      "group" : "walking",
      "manual" : false,
      "startTime" : "20170202T150044-0500",
      "endTime" : "20170202T150433-0500",
      "duration" : 229.0,
      "distance" : 246.0,
      "steps" : 329,
      "trackPoints" : [ ]
    }, {
      "activity" : "walking",
      "group" : "walking",
      "manual" : false,
      "startTime" : "20170202T163155-0500",
      "endTime" : "20170202T163306-0500",
      "duration" : 71.0,
      "distance" : 52.0,
      "steps" : 105,
      "trackPoints" : [ ]
    } ],
    "lastUpdate" : "20170202T230404Z"
  }, {
    "type" : "move",
    "startTime" : "20170202T174949-0500",
    "endTime" : "20170202T175611-0500",
    "activities" : [ {
      "activity" : "walking",
      "group" : "walking",
      "manual" : false,
      "startTime" : "20170202T174949-0500",
      "endTime" : "20170202T175611-0500",
      "duration" : 382.0,
      "distance" : 375.0,
      "steps" : 520,
      "trackPoints" : [ {
        "lat" : 40.729663,
        "lon" : -73.993393,
        "time" : "20170202T174949-0500"
      }, {
        "lat" : 40.729726,
        "lon" : -73.993456,
        "time" : "20170202T175103-0500"
      }, {
        "lat" : 40.729626,
        "lon" : -73.993442,
        "time" : "20170202T175121-0500"
      }, {
        "lat" : 40.729513,
        "lon" : -73.993444,
        "time" : "20170202T175159-0500"
      }, {
        "lat" : 40.729392,
        "lon" : -73.993543,
        "time" : "20170202T175230-0500"
      }, {
        "lat" : 40.729105,
        "lon" : -73.993729,
        "time" : "20170202T175250-0500"
      }, {
        "lat" : 40.728654,
        "lon" : -73.994011,
        "time" : "20170202T175317-0500"
      }, {
        "lat" : 40.728428,
        "lon" : -73.994143,
        "time" : "20170202T175332-0500"
      }, {
        "lat" : 40.728086,
        "lon" : -73.994444,
        "time" : "20170202T175401-0500"
      }, {
        "lat" : 40.72779,
        "lon" : -73.994689,
        "time" : "20170202T175418-0500"
      }, {
        "lat" : 40.72766,
        "lon" : -73.994955,
        "time" : "20170202T175438-0500"
      }, {
        "lat" : 40.727671,
        "lon" : -73.995116,
        "time" : "20170202T175457-0500"
      }, {
        "lat" : 40.727156,
        "lon" : -73.995261,
        "time" : "20170202T175532-0500"
      }, {
        "lat" : 40.727076,
        "lon" : -73.995237,
        "time" : "20170202T175611-0500"
      } ]
    } ],
    "lastUpdate" : "20170202T230404Z"
  }, {
    "type" : "place",
    "startTime" : "20170202T175611-0500",
    "endTime" : "20170202T192221-0500",
    "place" : {
      "id" : 589341243,
      "type" : "unknown",
      "location" : {
        "lat" : 40.727076,
        "lon" : -73.995237
      }
    },
    "activities" : [ {
      "activity" : "walking",
      "group" : "walking",
      "manual" : false,
      "startTime" : "20170202T175618-0500",
      "endTime" : "20170202T175703-0500",
      "duration" : 45.0,
      "distance" : 34.0,
      "steps" : 69,
      "trackPoints" : [ ]
    }, {
      "activity" : "walking",
      "group" : "walking",
      "manual" : false,
      "startTime" : "20170202T191415-0500",
      "endTime" : "20170202T191617-0500",
      "duration" : 122.0,
      "distance" : 135.0,
      "steps" : 180,
      "trackPoints" : [ ]
    } ],
    "lastUpdate" : "20170203T003817Z"
  }, {
    "type" : "move",
    "startTime" : "20170202T192221-0500",
    "endTime" : "20170202T193035-0500",
    "activities" : [ {
      "activity" : "walking",
      "group" : "walking",
      "manual" : false,
      "startTime" : "20170202T192221-0500",
      "endTime" : "20170202T193035-0500",
      "duration" : 494.0,
      "distance" : 437.0,
      "steps" : 641,
      "trackPoints" : [ {
        "lat" : 40.727076,
        "lon" : -73.995237,
        "time" : "20170202T192221-0500"
      }, {
        "lat" : 40.727194,
        "lon" : -73.995276,
        "time" : "20170202T192238-0500"
      }, {
        "lat" : 40.727203,
        "lon" : -73.995317,
        "time" : "20170202T192258-0500"
      }, {
        "lat" : 40.727312,
        "lon" : -73.995337,
        "time" : "20170202T192327-0500"
      }, {
        "lat" : 40.727375,
        "lon" : -73.995173,
        "time" : "20170202T192345-0500"
      }, {
        "lat" : 40.727584,
        "lon" : -73.994759,
        "time" : "20170202T192407-0500"
      }, {
        "lat" : 40.727653,
        "lon" : -73.994684,
        "time" : "20170202T192424-0500"
      }, {
        "lat" : 40.727785,
        "lon" : -73.994628,
        "time" : "20170202T192442-0500"
      }, {
        "lat" : 40.728228,
        "lon" : -73.994362,
        "time" : "20170202T192530-0500"
      }, {
        "lat" : 40.728448,
        "lon" : -73.994243,
        "time" : "20170202T192546-0500"
      }, {
        "lat" : 40.728618,
        "lon" : -73.994075,
        "time" : "20170202T192601-0500"
      }, {
        "lat" : 40.728872,
        "lon" : -73.993934,
        "time" : "20170202T192620-0500"
      }, {
        "lat" : 40.729104,
        "lon" : -73.99351,
        "time" : "20170202T192653-0500"
      }, {
        "lat" : 40.729175,
        "lon" : -73.993174,
        "time" : "20170202T192719-0500"
      }, {
        "lat" : 40.729206,
        "lon" : -73.993261,
        "time" : "20170202T192742-0500"
      }, {
        "lat" : 40.729369,
        "lon" : -73.993369,
        "time" : "20170202T192758-0500"
      }, {
        "lat" : 40.729479,
        "lon" : -73.993429,
        "time" : "20170202T192815-0500"
      }, {
        "lat" : 40.729586,
        "lon" : -73.993532,
        "time" : "20170202T192837-0500"
      }, {
        "lat" : 40.729628,
        "lon" : -73.993642,
        "time" : "20170202T192907-0500"
      }, {
        "lat" : 40.729651,
        "lon" : -73.993648,
        "time" : "20170202T192931-0500"
      }, {
        "lat" : 40.729691,
        "lon" : -73.993597,
        "time" : "20170202T192954-0500"
      }, {
        "lat" : 40.729769,
        "lon" : -73.993531,
        "time" : "20170202T193017-0500"
      }, {
        "lat" : 40.729663,
        "lon" : -73.993393,
        "time" : "20170202T193035-0500"
      } ]
    } ],
    "lastUpdate" : "20170203T003817Z"
  }, {
    "type" : "place",
    "startTime" : "20170202T193035-0500",
    "endTime" : "20170202T230157-0500",
    "place" : {
      "id" : 588615003,
      "type" : "unknown",
      "location" : {
        "lat" : 40.729663,
        "lon" : -73.993393
      }
    },
    "activities" : [ {
      "activity" : "walking",
      "group" : "walking",
      "manual" : false,
      "startTime" : "20170202T193055-0500",
      "endTime" : "20170202T193620-0500",
      "duration" : 325.0,
      "distance" : 366.0,
      "steps" : 488,
      "trackPoints" : [ ]
    }, {
      "activity" : "walking",
      "group" : "walking",
      "manual" : false,
      "startTime" : "20170202T212645-0500",
      "endTime" : "20170202T212714-0500",
      "duration" : 29.0,
      "distance" : 14.0,
      "steps" : 0,
      "trackPoints" : [ ]
    }, {
      "activity" : "walking",
      "group" : "walking",
      "manual" : false,
      "startTime" : "20170202T220106-0500",
      "endTime" : "20170202T220354-0500",
      "duration" : 168.0,
      "distance" : 156.0,
      "steps" : 208,
      "trackPoints" : [ ]
    }, {
      "activity" : "walking",
      "group" : "walking",
      "manual" : false,
      "startTime" : "20170202T230000-0500",
      "endTime" : "20170202T230025-0500",
      "duration" : 25.0,
      "distance" : 14.0,
      "steps" : 29,
      "trackPoints" : [ ]
    } ],
    "lastUpdate" : "20170203T053623Z"
  }, {
    "type" : "move",
    "startTime" : "20170202T230157-0500",
    "endTime" : "20170202T231437-0500",
    "activities" : [ {
      "activity" : "walking",
      "group" : "walking",
      "manual" : false,
      "startTime" : "20170202T230157-0500",
      "endTime" : "20170202T231436-0500",
      "duration" : 759.0,
      "distance" : 881.0,
      "steps" : 1411,
      "trackPoints" : [ {
        "lat" : 40.729663,
        "lon" : -73.993393,
        "time" : "20170202T230157-0500"
      }, {
        "lat" : 40.729379,
        "lon" : -73.994207,
        "time" : "20170202T230449-0500"
      }, {
        "lat" : 40.729462,
        "lon" : -73.994432,
        "time" : "20170202T230505-0500"
      }, {
        "lat" : 40.729616,
        "lon" : -73.99485,
        "time" : "20170202T230520-0500"
      }, {
        "lat" : 40.729996,
        "lon" : -73.995181,
        "time" : "20170202T230555-0500"
      }, {
        "lat" : 40.730229,
        "lon" : -73.996318,
        "time" : "20170202T230728-0500"
      }, {
        "lat" : 40.730416,
        "lon" : -73.996708,
        "time" : "20170202T230745-0500"
      }, {
        "lat" : 40.730567,
        "lon" : -73.997172,
        "time" : "20170202T230806-0500"
      }, {
        "lat" : 40.730642,
        "lon" : -73.99756,
        "time" : "20170202T230835-0500"
      }, {
        "lat" : 40.730664,
        "lon" : -73.997763,
        "time" : "20170202T230854-0500"
      }, {
        "lat" : 40.730749,
        "lon" : -73.998448,
        "time" : "20170202T230938-0500"
      }, {
        "lat" : 40.73088,
        "lon" : -73.998777,
        "time" : "20170202T231001-0500"
      }, {
        "lat" : 40.731129,
        "lon" : -73.999117,
        "time" : "20170202T231023-0500"
      }, {
        "lat" : 40.731379,
        "lon" : -73.999463,
        "time" : "20170202T231046-0500"
      }, {
        "lat" : 40.73125,
        "lon" : -73.999599,
        "time" : "20170202T231102-0500"
      }, {
        "lat" : 40.731277,
        "lon" : -73.99978,
        "time" : "20170202T231119-0500"
      }, {
        "lat" : 40.731394,
        "lon" : -74.000199,
        "time" : "20170202T231142-0500"
      }, {
        "lat" : 40.731656,
        "lon" : -74.00082,
        "time" : "20170202T231220-0500"
      }, {
        "lat" : 40.731749,
        "lon" : -74.000971,
        "time" : "20170202T231242-0500"
      }, {
        "lat" : 40.731831,
        "lon" : -74.00107,
        "time" : "20170202T231307-0500"
      }, {
        "lat" : 40.731943,
        "lon" : -74.001237,
        "time" : "20170202T231330-0500"
      }, {
        "lat" : 40.732111,
        "lon" : -74.001469,
        "time" : "20170202T231353-0500"
      }, {
        "lat" : 40.732317,
        "lon" : -74.001742,
        "time" : "20170202T231414-0500"
      }, {
        "lat" : 40.73233,
        "lon" : -74.001699,
        "time" : "20170202T231437-0500"
      } ]
    } ],
    "lastUpdate" : "20170203T053623Z"
  }, {
    "type" : "place",
    "startTime" : "20170202T231437-0500",
    "endTime" : "20170203T000957-0500",
    "place" : {
      "id" : 590397432,
      "type" : "unknown",
      "location" : {
        "lat" : 40.73233,
        "lon" : -74.001699
      }
    },
    "activities" : [ {
      "activity" : "walking",
      "group" : "walking",
      "manual" : false,
      "startTime" : "20170202T231437-0500",
      "endTime" : "20170202T231625-0500",
      "duration" : 108.0,
      "distance" : 81.0,
      "steps" : 162,
      "trackPoints" : [ ]
    } ],
    "lastUpdate" : "20170203T053623Z"
  } ],
  "lastUpdate" : "20170203T053623Z"
} ]