[ {
  "date" : "20170207",
  "summary" : [ {
    "activity" : "walking",
    "group" : "walking",
    "duration" : 3539.0,
    "distance" : 3693.0,
    "steps" : 5422
  }, {
    "activity" : "transport",
    "group" : "transport",
    "duration" : 1537.0,
    "distance" : 9359.0
  } ],
  "segments" : [ {
    "type" : "place",
    "startTime" : "20170206T224950-0500",
    "endTime" : "20170207T123719-0500",
    "place" : {
      "id" : 588636068,
      "type" : "unknown",
      "location" : {
        "lat" : 40.69673,
        "lon" : -73.931402
      }
    },
    "activities" : [ {
      "activity" : "walking",
      "group" : "walking",
      "manual" : false,
      "startTime" : "20170207T123045-0500",
      "endTime" : "20170207T123404-0500",
      "duration" : 199.0,
      "distance" : 231.0,
      "steps" : 308,
      "trackPoints" : [ ]
    } ],
    "lastUpdate" : "20170207T194347Z"
  }, {
    "type" : "move",
    "startTime" : "20170207T123719-0500",
    "endTime" : "20170207T131613-0500",
    "activities" : [ {
      "activity" : "walking",
      "group" : "walking",
      "manual" : false,
      "startTime" : "20170207T123719-0500",
      "endTime" : "20170207T124330-0500",
      "duration" : 371.0,
      "distance" : 450.0,
      "steps" : 602,
      "trackPoints" : [ {
        "lat" : 40.69673,
        "lon" : -73.931402,
        "time" : "20170207T123719-0500"
      }, {
        "lat" : 40.69742,
        "lon" : -73.931719,
        "time" : "20170207T123745-0500"
      }, {
        "lat" : 40.697336,
        "lon" : -73.93169,
        "time" : "20170207T123806-0500"
      }, {
        "lat" : 40.697378,
        "lon" : -73.931931,
        "time" : "20170207T123822-0500"
      }, {
        "lat" : 40.69737,
        "lon" : -73.93219,
        "time" : "20170207T123841-0500"
      }, {
        "lat" : 40.697401,
        "lon" : -73.932588,
        "time" : "20170207T123904-0500"
      }, {
        "lat" : 40.697397,
        "lon" : -73.932931,
        "time" : "20170207T123926-0500"
      }, {
        "lat" : 40.697285,
        "lon" : -73.933314,
        "time" : "20170207T123952-0500"
      }, {
        "lat" : 40.697162,
        "lon" : -73.933876,
        "time" : "20170207T124027-0500"
      }, {
        "lat" : 40.69713,
        "lon" : -73.934258,
        "time" : "20170207T124050-0500"
      }, {
        "lat" : 40.697104,
        "lon" : -73.934718,
        "time" : "20170207T124118-0500"
      }, {
        "lat" : 40.697143,
        "lon" : -73.935011,
        "time" : "20170207T124144-0500"
      }, {
        "lat" : 40.697112,
        "lon" : -73.935285,
        "time" : "20170207T124201-0500"
      }, {
        "lat" : 40.697029,
        "lon" : -73.935392,
        "time" : "20170207T124227-0500"
      }, {
        "lat" : 40.697121,
        "lon" : -73.935428,
        "time" : "20170207T124304-0500"
      }, {
        "lat" : 40.697265,
        "lon" : -73.935406,
        "time" : "20170207T124330-0500"
      } ]
    }, {
      "activity" : "transport",
      "group" : "transport",
      "manual" : false,
      "startTime" : "20170207T124330-0500",
      "endTime" : "20170207T130308-0500",
      "duration" : 1178.0,
      "distance" : 7598.0,
      "trackPoints" : [ {
        "lat" : 40.697265,
        "lon" : -73.935406,
        "time" : "20170207T124330-0500"
      }, {
        "lat" : 40.697305,
        "lon" : -73.935453,
        "time" : "20170207T124350-0500"
      }, {
        "lat" : 40.697305,
        "lon" : -73.935453,
        "time" : "20170207T124413-0500"
      }, {
        "lat" : 40.697306,
        "lon" : -73.935454,
        "time" : "20170207T124436-0500"
      }, {
        "lat" : 40.697306,
        "lon" : -73.935454,
        "time" : "20170207T124459-0500"
      }, {
        "lat" : 40.697306,
        "lon" : -73.935454,
        "time" : "20170207T124522-0500"
      }, {
        "lat" : 40.697306,
        "lon" : -73.935454,
        "time" : "20170207T124545-0500"
      }, {
        "lat" : 40.697306,
        "lon" : -73.935454,
        "time" : "20170207T124606-0500"
      }, {
        "lat" : 40.697306,
        "lon" : -73.935454,
        "time" : "20170207T124631-0500"
      }, {
        "lat" : 40.697306,
        "lon" : -73.935454,
        "time" : "20170207T124658-0500"
      }, {
        "lat" : 40.697304,
        "lon" : -73.93546,
        "time" : "20170207T124727-0500"
      }, {
        "lat" : 40.69757,
        "lon" : -73.936321,
        "time" : "20170207T124748-0500"
      }, {
        "lat" : 40.69884,
        "lon" : -73.938471,
        "time" : "20170207T124807-0500"
      }, {
        "lat" : 40.700603,
        "lon" : -73.941654,
        "time" : "20170207T124827-0500"
      }, {
        "lat" : 40.703646,
        "lon" : -73.946189,
        "time" : "20170207T124852-0500"
      }, {
        "lat" : 40.705,
        "lon" : -73.949105,
        "time" : "20170207T124915-0500"
      }, {
        "lat" : 40.706059,
        "lon" : -73.950483,
        "time" : "20170207T124932-0500"
      }, {
        "lat" : 40.706738,
        "lon" : -73.952818,
        "time" : "20170207T124958-0500"
      }, {
        "lat" : 40.707379,
        "lon" : -73.954578,
        "time" : "20170207T125025-0500"
      }, {
        "lat" : 40.707627,
        "lon" : -73.955409,
        "time" : "20170207T125048-0500"
      }, {
        "lat" : 40.707955,
        "lon" : -73.95635,
        "time" : "20170207T125110-0500"
      }, {
        "lat" : 40.708309,
        "lon" : -73.957425,
        "time" : "20170207T125138-0500"
      }, {
        "lat" : 40.708509,
        "lon" : -73.957748,
        "time" : "20170207T125213-0500"
      }, {
        "lat" : 40.708997,
        "lon" : -73.95926,
        "time" : "20170207T125256-0500"
      }, {
        "lat" : 40.709708,
        "lon" : -73.960314,
        "time" : "20170207T125314-0500"
      }, {
        "lat" : 40.710719,
        "lon" : -73.962343,
        "time" : "20170207T125336-0500"
      }, {
        "lat" : 40.711225,
        "lon" : -73.963893,
        "time" : "20170207T125351-0500"
      }, {
        "lat" : 40.712274,
        "lon" : -73.967235,
        "time" : "20170207T125420-0500"
      }, {
        "lat" : 40.711716,
        "lon" : -73.968594,
        "time" : "20170207T125439-0500"
      }, {
        "lat" : 40.713199,
        "lon" : -73.970949,
        "time" : "20170207T125502-0500"
      }, {
        "lat" : 40.717181,
        "lon" : -73.974536,
        "time" : "20170207T125535-0500"
      }, {
        "lat" : 40.714673,
        "lon" : -73.976431,
        "time" : "20170207T125600-0500"
      }, {
        "lat" : 40.715177,
        "lon" : -73.977398,
        "time" : "20170207T125625-0500"
      }, {
        "lat" : 40.715549,
        "lon" : -73.978412,
        "time" : "20170207T125642-0500"
      }, {
        "lat" : 40.716341,
        "lon" : -73.980488,
        "time" : "20170207T125712-0500"
      }, {
        "lat" : 40.716631,
        "lon" : -73.981621,
        "time" : "20170207T125735-0500"
      }, {
        "lat" : 40.71687,
        "lon" : -73.982656,
        "time" : "20170207T125751-0500"
      }, {
        "lat" : 40.717242,
        "lon" : -73.983807,
        "time" : "20170207T125810-0500"
      }, {
        "lat" : 40.717358,
        "lon" : -73.984519,
        "time" : "20170207T125828-0500"
      }, {
        "lat" : 40.718428,
        "lon" : -73.987284,
        "time" : "20170207T125908-0500"
      }, {
        "lat" : 40.718492,
        "lon" : -73.987468,
        "time" : "20170207T125931-0500"
      }, {
        "lat" : 40.71859,
        "lon" : -73.987791,
        "time" : "20170207T125953-0500"
      }, {
        "lat" : 40.71878,
        "lon" : -73.988407,
        "time" : "20170207T125959-0500"
      }, {
        "lat" : 40.718781,
        "lon" : -73.988408,
        "time" : "20170207T130000-0500"
      }, {
        "lat" : 40.720279,
        "lon" : -73.99327,
        "time" : "20170207T130051-0500"
      }, {
        "lat" : 40.720306,
        "lon" : -73.993437,
        "time" : "20170207T130123-0500"
      }, {
        "lat" : 40.717949,
        "lon" : -74.000145,
        "time" : "20170207T130245-0500"
      }, {
        "lat" : 40.718109,
        "lon" : -74.000213,
        "time" : "20170207T130308-0500"
      } ]
    }, {
      "activity" : "walking",
      "group" : "walking",
      "manual" : false,
      "startTime" : "20170207T130308-0500",
      "endTime" : "20170207T130508-0500",
      "duration" : 120.0,
      "distance" : 107.0,
      "steps" : 215,
      "trackPoints" : [ {
        "lat" : 40.718109,
        "lon" : -74.000213,
        "time" : "20170207T130308-0500"
      }, {
        "lat" : 40.71822,
        "lon" : -74.000291,
        "time" : "20170207T130339-0500"
      }, {
        "lat" : 40.718297,
        "lon" : -74.000338,
        "time" : "20170207T130402-0500"
      }, {
        "lat" : 40.718353,
        "lon" : -74.000364,
        "time" : "20170207T130421-0500"
      }, {
        "lat" : 40.718425,
        "lon" : -74.000375,
        "time" : "20170207T130444-0500"
      }, {
        "lat" : 40.718505,
        "lon" : -74.00037,
        "time" : "20170207T130508-0500"
      } ]
    }, {
      "activity" : "transport",
      "group" : "transport",
      "manual" : false,
      "startTime" : "20170207T130508-0500",
      "endTime" : "20170207T131107-0500",
      "duration" : 359.0,
      "distance" : 1761.0,
      "trackPoints" : [ {
        "lat" : 40.718505,
        "lon" : -74.00037,
        "time" : "20170207T130508-0500"
      }, {
        "lat" : 40.718551,
        "lon" : -74.00036,
        "time" : "20170207T130524-0500"
      }, {
        "lat" : 40.718551,
        "lon" : -74.00036,
        "time" : "20170207T130540-0500"
      }, {
        "lat" : 40.718551,
        "lon" : -74.00036,
        "time" : "20170207T130602-0500"
      }, {
        "lat" : 40.718551,
        "lon" : -74.00036,
        "time" : "20170207T130636-0500"
      }, {
        "lat" : 40.718551,
        "lon" : -74.00036,
        "time" : "20170207T130659-0500"
      }, {
        "lat" : 40.718545,
        "lon" : -74.000363,
        "time" : "20170207T130727-0500"
      }, {
        "lat" : 40.72231,
        "lon" : -73.997058,
        "time" : "20170207T130820-0500"
      }, {
        "lat" : 40.7223,
        "lon" : -73.997051,
        "time" : "20170207T130856-0500"
      }, {
        "lat" : 40.72505,
        "lon" : -73.99526,
        "time" : "20170207T130929-0500"
      }, {
        "lat" : 40.72543,
        "lon" : -73.994981,
        "time" : "20170207T130949-0500"
      }, {
        "lat" : 40.725504,
        "lon" : -73.994924,
        "time" : "20170207T131010-0500"
      }, {
        "lat" : 40.730183,
        "lon" : -73.990867,
        "time" : "20170207T131107-0500"
      } ]
    }, {
      "activity" : "walking",
      "group" : "walking",
      "manual" : false,
      "startTime" : "20170207T131107-0500",
      "endTime" : "20170207T131612-0500",
      "duration" : 305.0,
      "distance" : 291.0,
      "steps" : 519,
      "trackPoints" : [ {
        "lat" : 40.730183,
        "lon" : -73.990867,
        "time" : "20170207T131107-0500"
      }, {
        "lat" : 40.730049,
        "lon" : -73.991001,
        "time" : "20170207T131139-0500"
      }, {
        "lat" : 40.73005,
        "lon" : -73.991073,
        "time" : "20170207T131200-0500"
      }, {
        "lat" : 40.729964,
        "lon" : -73.99125,
        "time" : "20170207T131220-0500"
      }, {
        "lat" : 40.729746,
        "lon" : -73.991833,
        "time" : "20170207T131249-0500"
      }, {
        "lat" : 40.729906,
        "lon" : -73.992001,
        "time" : "20170207T131305-0500"
      }, {
        "lat" : 40.730023,
        "lon" : -73.992222,
        "time" : "20170207T131325-0500"
      }, {
        "lat" : 40.730089,
        "lon" : -73.992511,
        "time" : "20170207T131342-0500"
      }, {
        "lat" : 40.730045,
        "lon" : -73.992876,
        "time" : "20170207T131404-0500"
      }, {
        "lat" : 40.729927,
        "lon" : -73.993104,
        "time" : "20170207T131422-0500"
      }, {
        "lat" : 40.72979,
        "lon" : -73.993354,
        "time" : "20170207T131455-0500"
      }, {
        "lat" : 40.729685,
        "lon" : -73.993435,
        "time" : "20170207T131518-0500"
      }, {
        "lat" : 40.729661,
        "lon" : -73.993471,
        "time" : "20170207T131534-0500"
      }, {
        "lat" : 40.729733,
        "lon" : -73.993484,
        "time" : "20170207T131552-0500"
      }, {
        "lat" : 40.729663,
        "lon" : -73.993393,
        "time" : "20170207T131613-0500"
      } ]
    } ],
    "lastUpdate" : "20170207T194347Z"
  }, {
    "type" : "place",
    "startTime" : "20170207T131613-0500",
    "endTime" : "20170207T133239-0500",
    "place" : {
      "id" : 588615003,
      "type" : "unknown",
      "location" : {
        "lat" : 40.729663,
        "lon" : -73.993393
      }
    },
    "activities" : [ {
      "activity" : "walking",
      "group" : "walking",
      "manual" : false,
      "startTime" : "20170207T131635-0500",
      "endTime" : "20170207T131854-0500",
      "duration" : 139.0,
      "distance" : 156.0,
      "steps" : 208,
      "trackPoints" : [ ]
    } ],
    "lastUpdate" : "20170207T194347Z"
  }, {
    "type" : "move",
    "startTime" : "20170207T133239-0500",
    "endTime" : "20170207T134151-0500",
    "activities" : [ {
      "activity" : "walking",
      "group" : "walking",
      "manual" : false,
      "startTime" : "20170207T133239-0500",
      "endTime" : "20170207T134150-0500",
      "duration" : 551.0,
      "distance" : 512.0,
      "steps" : 879,
      "trackPoints" : [ {
        "lat" : 40.729663,
        "lon" : -73.993393,
        "time" : "20170207T133239-0500"
      }, {
        "lat" : 40.729577,
        "lon" : -73.993426,
        "time" : "20170207T133304-0500"
      }, {
        "lat" : 40.729427,
        "lon" : -73.993324,
        "time" : "20170207T133336-0500"
      }, {
        "lat" : 40.729212,
        "lon" : -73.993143,
        "time" : "20170207T133355-0500"
      }, {
        "lat" : 40.728983,
        "lon" : -73.993829,
        "time" : "20170207T133426-0500"
      }, {
        "lat" : 40.728916,
        "lon" : -73.994819,
        "time" : "20170207T133535-0500"
      }, {
        "lat" : 40.729057,
        "lon" : -73.995224,
        "time" : "20170207T133608-0500"
      }, {
        "lat" : 40.729018,
        "lon" : -73.995666,
        "time" : "20170207T133633-0500"
      }, {
        "lat" : 40.729069,
        "lon" : -73.995891,
        "time" : "20170207T133650-0500"
      }, {
        "lat" : 40.72945,
        "lon" : -73.996389,
        "time" : "20170207T133731-0500"
      }, {
        "lat" : 40.72979,
        "lon" : -73.996847,
        "time" : "20170207T133845-0500"
      }, {
        "lat" : 40.729809,
        "lon" : -73.99688,
        "time" : "20170207T133914-0500"
      }, {
        "lat" : 40.729815,
        "lon" : -73.996902,
        "time" : "20170207T133955-0500"
      }, {
        "lat" : 40.729811,
        "lon" : -73.996924,
        "time" : "20170207T134017-0500"
      }, {
        "lat" : 40.72979,
        "lon" : -73.996968,
        "time" : "20170207T134037-0500"
      }, {
        "lat" : 40.72962,
        "lon" : -73.997204,
        "time" : "20170207T134112-0500"
      }, {
        "lat" : 40.729582,
        "lon" : -73.997257,
        "time" : "20170207T134128-0500"
      }, {
        "lat" : 40.729593,
        "lon" : -73.997237,
        "time" : "20170207T134151-0500"
      } ]
    } ],
    "lastUpdate" : "20170207T194347Z"
  }, {
    "type" : "place",
    "startTime" : "20170207T134151-0500",
    "endTime" : "20170207T193702-0500",
    "place" : {
      "id" : 591371837,
      "type" : "unknown",
      "location" : {
        "lat" : 40.729593,
        "lon" : -73.997237
      }
    },
    "activities" : [ {
      "activity" : "walking",
      "group" : "walking",
      "manual" : false,
      "startTime" : "20170207T144459-0500",
      "endTime" : "20170207T145008-0500",
      "duration" : 309.0,
      "distance" : 348.0,
      "steps" : 465,
      "trackPoints" : [ ]
    }, {
      "activity" : "walking",
      "group" : "walking",
      "manual" : false,
      "startTime" : "20170207T150116-0500",
      "endTime" : "20170207T150931-0500",
      "duration" : 495.0,
      "distance" : 546.0,
      "steps" : 728,
      "trackPoints" : [ ]
    }, {
      "activity" : "walking",
      "group" : "walking",
      "manual" : false,
      "startTime" : "20170207T162917-0500",
      "endTime" : "20170207T163141-0500",
      "duration" : 144.0,
      "distance" : 161.0,
      "steps" : 215,
      "trackPoints" : [ ]
    }, {
      "activity" : "walking",
      "group" : "walking",
      "manual" : false,
      "startTime" : "20170207T193125-0500",
      "endTime" : "20170207T193245-0500",
      "duration" : 80.0,
      "distance" : 58.0,
      "steps" : 117,
      "trackPoints" : [ ]
    } ],
    "lastUpdate" : "20170208T015341Z"
  }, {
    "type" : "move",
    "startTime" : "20170207T193702-0500",
    "endTime" : "20170207T194312-0500",
    "activities" : [ {
      "activity" : "walking",
      "group" : "walking",
      "manual" : false,
      "startTime" : "20170207T193702-0500",
      "endTime" : "20170207T194312-0500",
      "duration" : 370.0,
      "distance" : 280.0,
      "steps" : 429,
      "trackPoints" : [ {
        "lat" : 40.729593,
        "lon" : -73.997237,
        "time" : "20170207T193702-0500"
      }, {
        "lat" : 40.729737,
        "lon" : -73.997039,
        "time" : "20170207T193721-0500"
      }, {
        "lat" : 40.729792,
        "lon" : -73.996956,
        "time" : "20170207T193737-0500"
      }, {
        "lat" : 40.729872,
        "lon" : -73.996846,
        "time" : "20170207T193837-0500"
      }, {
        "lat" : 40.729714,
        "lon" : -73.996517,
        "time" : "20170207T193949-0500"
      }, {
        "lat" : 40.729636,
        "lon" : -73.996507,
        "time" : "20170207T194013-0500"
      }, {
        "lat" : 40.729486,
        "lon" : -73.996295,
        "time" : "20170207T194032-0500"
      }, {
        "lat" : 40.72925,
        "lon" : -73.995957,
        "time" : "20170207T194058-0500"
      }, {
        "lat" : 40.729094,
        "lon" : -73.995702,
        "time" : "20170207T194116-0500"
      }, {
        "lat" : 40.729002,
        "lon" : -73.995583,
        "time" : "20170207T194132-0500"
      }, {
        "lat" : 40.728863,
        "lon" : -73.995447,
        "time" : "20170207T194152-0500"
      }, {
        "lat" : 40.728756,
        "lon" : -73.995379,
        "time" : "20170207T194213-0500"
      }, {
        "lat" : 40.72852,
        "lon" : -73.995271,
        "time" : "20170207T194236-0500"
      }, {
        "lat" : 40.728413,
        "lon" : -73.995331,
        "time" : "20170207T194256-0500"
      }, {
        "lat" : 40.728406,
        "lon" : -73.995437,
        "time" : "20170207T194312-0500"
      } ]
    } ],
    "lastUpdate" : "20170208T015341Z"
  }, {
    "type" : "place",
    "startTime" : "20170207T194312-0500",
    "endTime" : "20170207T194922-0500",
    "place" : {
      "id" : 592755367,
      "type" : "unknown",
      "location" : {
        "lat" : 40.728406,
        "lon" : -73.995437
      }
    },
    "activities" : [ {
      "activity" : "walking",
      "group" : "walking",
      "manual" : false,
      "startTime" : "20170207T194312-0500",
      "endTime" : "20170207T194345-0500",
      "duration" : 33.0,
      "distance" : 24.0,
      "steps" : 49,
      "trackPoints" : [ ]
    } ],
    "lastUpdate" : "20170208T015341Z"
  }, {
    "type" : "move",
    "startTime" : "20170207T194922-0500",
    "endTime" : "20170207T195250-0500",
    "activities" : [ {
      "activity" : "walking",
      "group" : "walking",
      "manual" : false,
      "startTime" : "20170207T194922-0500",
      "endTime" : "20170207T195250-0500",
      "duration" : 208.0,
      "distance" : 324.0,
      "steps" : 379,
      "trackPoints" : [ {
        "lat" : 40.728406,
        "lon" : -73.995437,
        "time" : "20170207T194922-0500"
      }, {
        "lat" : 40.728654,
        "lon" : -73.995358,
        "time" : "20170207T194940-0500"
      }, {
        "lat" : 40.729002,
        "lon" : -73.995188,
        "time" : "20170207T195002-0500"
      }, {
        "lat" : 40.729054,
        "lon" : -73.995253,
        "time" : "20170207T195019-0500"
      }, {
        "lat" : 40.729112,
        "lon" : -73.995495,
        "time" : "20170207T195039-0500"
      }, {
        "lat" : 40.729201,
        "lon" : -73.995832,
        "time" : "20170207T195103-0500"
      }, {
        "lat" : 40.729298,
        "lon" : -73.995991,
        "time" : "20170207T195119-0500"
      }, {
        "lat" : 40.729528,
        "lon" : -73.996311,
        "time" : "20170207T195143-0500"
      }, {
        "lat" : 40.729763,
        "lon" : -73.996598,
        "time" : "20170207T195159-0500"
      }, {
        "lat" : 40.73004,
        "lon" : -73.996879,
        "time" : "20170207T195216-0500"
      }, {
        "lat" : 40.729593,
        "lon" : -73.997237,
        "time" : "20170207T195250-0500"
      } ]
    } ],
    "lastUpdate" : "20170208T015341Z"
  }, {
    "type" : "place",
    "startTime" : "20170207T195250-0500",
    "endTime" : "20170208T010557-0500",
    "place" : {
      "id" : 591371837,
      "type" : "unknown",
      "location" : {
        "lat" : 40.729593,
        "lon" : -73.997237
      }
    },
    "activities" : [ {
      "activity" : "walking",
      "group" : "walking",
      "manual" : false,
      "startTime" : "20170207T195250-0500",
      "endTime" : "20170207T195401-0500",
      "duration" : 71.0,
      "distance" : 53.0,
      "steps" : 106,
      "trackPoints" : [ ]
    }, {
      "activity" : "walking",
      "group" : "walking",
      "manual" : false,
      "startTime" : "20170207T220713-0500",
      "endTime" : "20170207T220937-0500",
      "duration" : 144.0,
      "distance" : 152.0,
      "steps" : 203,
      "trackPoints" : [ ]
    } ],
    "lastUpdate" : "20170208T080605Z"
  } ],
  "lastUpdate" : "20170208T080605Z"
} ]