Date,Type,Name,Start,End,Duration
2/9/17,place,"Place in Bushwick Junction, Brooklyn",2017-02-09T00:00:00-05:00,2017-02-09T18:45:05-05:00,67505
2/9/17,move,walking,2017-02-09T18:45:05-05:00,2017-02-09T18:49:27-05:00,262
2/9/17,place,"Place in Bedford–Stuyvesant, Brooklyn",2017-02-09T18:49:28-05:00,2017-02-09T19:00:14-05:00,646
2/9/17,place,"Place in Bedford–Stuyvesant, Brooklyn",2017-02-09T19:00:14-05:00,2017-02-09T19:01:44-05:00,90
2/9/17,move,walking,2017-02-09T19:01:44-05:00,2017-02-09T19:06:01-05:00,257
2/9/17,place,"Place in Bedford–Stuyvesant, Brooklyn",2017-02-09T19:06:01-05:00,2017-02-09T19:30:53-05:00,1492
2/9/17,move,walking,2017-02-09T19:30:53-05:00,2017-02-09T19:38:23-05:00,450
2/9/17,place,"Place in Bushwick Junction, Brooklyn",2017-02-09T19:38:24-05:00,2017-02-10T00:00:00-05:00,15696
