Date,Activity,Group,Duration,Distance,Steps,Calories
2/1/17,walking,walking,6617,4.315,10196,0
2/1/17,transport,transport,4186,17.629,0,0
2/2/17,walking,walking,3882,2.441,5913,0
2/2/17,transport,transport,2062,7.880,0,0
2/3/17,walking,walking,6321,4.079,9939,0
2/3/17,transport,transport,5346,20.793,0,0
2/3/17,running,running,204,0.089,46,0
2/4/17,walking,walking,5020,3.061,7472,0
2/4/17,transport,transport,2428,6.775,0,0
2/5/17,transport,transport,9791,42.461,0,0
2/5/17,walking,walking,3778,2.377,6071,0
2/6/17,walking,walking,4045,2.563,6011,0
2/6/17,transport,transport,3145,14.831,0,0
2/7/17,walking,walking,3539,2.295,5422,0
2/7/17,transport,transport,1537,5.815,0,0
2/8/17,walking,walking,5694,3.670,8933,0
2/8/17,transport,transport,4058,14.254,0,0
2/9/17,walking,walking,1306,0.674,1720,0
2/10/17,walking,walking,4380,3.337,6717,0
2/10/17,transport,transport,1120,4.254,0,0
2/11/17,walking,walking,2957,1.745,4081,0
2/11/17,transport,transport,5822,12.825,0,0
