Date,Activity,Group,Duration,Distance,Steps,Calories
1/30/17,walking,walking,2585,1.529,4133,0
1/30/17,transport,transport,2569,10.985,0,0
1/31/17,walking,walking,5652,3.427,8374,0
1/31/17,transport,transport,2135,9.687,0,0
2/1/17,walking,walking,6617,4.315,10196,0
2/1/17,transport,transport,4186,17.629,0,0
2/2/17,walking,walking,3882,2.441,5913,0
2/2/17,transport,transport,2062,7.880,0,0
2/3/17,walking,walking,6321,4.079,9939,0
2/3/17,transport,transport,5346,20.793,0,0
2/3/17,running,running,204,0.089,46,0
2/4/17,walking,walking,5020,3.061,7472,0
2/4/17,transport,transport,2428,6.775,0,0
2/5/17,transport,transport,9791,42.461,0,0
2/5/17,walking,walking,3778,2.377,6071,0
